
> customer-portal@0.1.0 dev
> next dev -p 3001

▲ Next.js 16.3.3 (Turbopack)
- Local:         http://localhost:3001
- Network:       http://192.168.1.91:3001
- Environments: .env
✓ Ready in 376ms
✓ Running next.config.ts took 19ms
[manifest] scheduler started, checking every 30s

 GET /login 200 in 3.2s (next.js: 2.2s, proxy.ts: 68ms, application-code: 957ms)
 GET /login 200 in 207ms (next.js: 5ms, proxy.ts: 7ms, application-code: 194ms)
 GET /api/branding/logo 200 in 1559ms (next.js: 634ms, application-code: 925ms)
 GET /api/auth/session 200 in 1258ms (next.js: 1241ms, application-code: 18ms)
 GET /api/auth/session 200 in 6ms (next.js: 4ms, application-code: 3ms)
 GET /api/auth/session 200 in 4ms (next.js: 1.8ms, application-code: 3ms)
 GET /api/auth/session 200 in 4ms (next.js: 0.9ms, application-code: 3ms)
 GET /api/branding/favicon 200 in 642ms (next.js: 66ms, application-code: 576ms)
 GET /login 200 in 42ms (next.js: 1.3ms, proxy.ts: 2ms, application-code: 38ms)
 GET /login 200 in 42ms (next.js: 1.6ms, proxy.ts: 3ms, application-code: 37ms)
 GET /login 200 in 64ms (next.js: 1.7ms, proxy.ts: 2ms, application-code: 60ms)
 GET /login 200 in 54ms (next.js: 1.2ms, proxy.ts: 2.0ms, application-code: 51ms)
 GET /login 200 in 40ms (next.js: 1.2ms, proxy.ts: 2ms, application-code: 37ms)
 GET /login 200 in 38ms (next.js: 1.3ms, proxy.ts: 2ms, application-code: 35ms)
 GET /login 200 in 53ms (next.js: 1.4ms, proxy.ts: 2ms, application-code: 49ms)
 GET /login 200 in 40ms (next.js: 1.1ms, proxy.ts: 1.9ms, application-code: 37ms)
 GET /login 200 in 39ms (next.js: 1.3ms, proxy.ts: 2ms, application-code: 36ms)
 GET /login 200 in 43ms (next.js: 7ms, proxy.ts: 1.9ms, application-code: 34ms)
 GET /login 200 in 40ms (next.js: 1.4ms, proxy.ts: 1.8ms, application-code: 37ms)
 GET /login 200 in 54ms (next.js: 1.0ms, proxy.ts: 1.7ms, application-code: 51ms)
 GET /login 200 in 37ms (next.js: 1.2ms, proxy.ts: 2ms, application-code: 34ms)
 GET /login 200 in 39ms (next.js: 1.1ms, proxy.ts: 1.8ms, application-code: 36ms)
 GET /login 200 in 44ms (next.js: 1.1ms, proxy.ts: 2ms, application-code: 40ms)
 GET / 200 in 402ms (next.js: 186ms, application-code: 217ms)
 GET /login 200 in 45ms (next.js: 2ms, proxy.ts: 6ms, application-code: 38ms)
 GET /login 200 in 39ms (next.js: 1.5ms, proxy.ts: 1.9ms, application-code: 36ms)
 GET /login 200 in 93ms (next.js: 5ms, proxy.ts: 2.0ms, application-code: 86ms)
 GET /login 200 in 36ms (next.js: 1.4ms, proxy.ts: 1.8ms, application-code: 33ms)
 GET /login 200 in 56ms (next.js: 3ms, proxy.ts: 3ms, application-code: 51ms)
 GET /login 200 in 55ms (next.js: 1.7ms, proxy.ts: 2ms, application-code: 51ms)
 GET /login 200 in 41ms (next.js: 1.4ms, proxy.ts: 1.7ms, application-code: 38ms)
 GET /login 200 in 47ms (next.js: 1.7ms, proxy.ts: 2ms, application-code: 43ms)
 GET /login 200 in 77ms (next.js: 4ms, proxy.ts: 3ms, application-code: 70ms)
 GET /login 200 in 59ms (next.js: 1.2ms, proxy.ts: 1.8ms, application-code: 56ms)
 GET /login 200 in 44ms (next.js: 2ms, proxy.ts: 2ms, application-code: 39ms)
 GET /login 200 in 40ms (next.js: 1.7ms, proxy.ts: 1.9ms, application-code: 37ms)
 GET /login 200 in 42ms (next.js: 1.4ms, proxy.ts: 1.7ms, application-code: 39ms)
 GET /login 200 in 47ms (next.js: 1.1ms, proxy.ts: 1.9ms, application-code: 44ms)
 GET /login 200 in 41ms (next.js: 1.2ms, proxy.ts: 2ms, application-code: 37ms)
 GET /login 200 in 38ms (next.js: 1.0ms, proxy.ts: 1.9ms, application-code: 35ms)
 GET /login 200 in 43ms (next.js: 1.7ms, proxy.ts: 2ms, application-code: 39ms)
 GET /login 200 in 40ms (next.js: 1.2ms, proxy.ts: 1.7ms, application-code: 37ms)
 GET /login 200 in 47ms (next.js: 1.5ms, proxy.ts: 2ms, application-code: 43ms)
 GET /login 200 in 39ms (next.js: 1.1ms, proxy.ts: 2ms, application-code: 35ms)
 GET /login 200 in 41ms (next.js: 1.4ms, proxy.ts: 2ms, application-code: 38ms)
 GET /login 200 in 44ms (next.js: 1.4ms, proxy.ts: 2ms, application-code: 40ms)
 GET /login 200 in 41ms (next.js: 1.2ms, proxy.ts: 1.8ms, application-code: 38ms)
 GET /login 200 in 54ms (next.js: 1.3ms, proxy.ts: 1.8ms, application-code: 51ms)
 GET /login 200 in 39ms (next.js: 1.2ms, proxy.ts: 1.7ms, application-code: 36ms)
 GET /login 200 in 40ms (next.js: 1.6ms, proxy.ts: 1.9ms, application-code: 37ms)
 GET /login 200 in 40ms (next.js: 1.1ms, proxy.ts: 1.9ms, application-code: 37ms)
 GET /login 200 in 41ms (next.js: 1.3ms, proxy.ts: 2ms, application-code: 38ms)
 GET /login 200 in 44ms (next.js: 1.3ms, proxy.ts: 1.9ms, application-code: 41ms)
 GET /login 200 in 54ms (next.js: 4ms, proxy.ts: 2ms, application-code: 48ms)
 GET /login 200 in 42ms (next.js: 1.4ms, proxy.ts: 2.0ms, application-code: 38ms)
 GET /login 200 in 41ms (next.js: 2ms, proxy.ts: 1.8ms, application-code: 37ms)
 GET /login 200 in 47ms (next.js: 1.8ms, proxy.ts: 2ms, application-code: 43ms)
 GET /login 200 in 74ms (next.js: 2ms, proxy.ts: 4ms, application-code: 68ms)
 GET /login 200 in 40ms (next.js: 1.5ms, proxy.ts: 2ms, application-code: 36ms)
 GET /login 200 in 53ms (next.js: 1.2ms, proxy.ts: 1.7ms, application-code: 50ms)
 GET /login 200 in 40ms (next.js: 1.3ms, proxy.ts: 1.7ms, application-code: 37ms)
 GET /login 200 in 37ms (next.js: 1.3ms, proxy.ts: 1.9ms, application-code: 34ms)
 GET /login 200 in 50ms (next.js: 1.2ms, proxy.ts: 1.8ms, application-code: 47ms)
 GET /login 200 in 39ms (next.js: 1.1ms, proxy.ts: 2.0ms, application-code: 36ms)
 GET /login 200 in 41ms (next.js: 1.2ms, proxy.ts: 1.7ms, application-code: 38ms)
 GET /login 200 in 39ms (next.js: 1.2ms, proxy.ts: 1.8ms, application-code: 36ms)
 GET /login 200 in 37ms (next.js: 1.1ms, proxy.ts: 1.7ms, application-code: 35ms)
 GET /login 200 in 39ms (next.js: 1.1ms, proxy.ts: 1.8ms, application-code: 36ms)
 GET /login 200 in 42ms (next.js: 1.5ms, proxy.ts: 6ms, application-code: 35ms)
 GET /login 200 in 38ms (next.js: 1.5ms, proxy.ts: 2ms, application-code: 34ms)
 GET /login 200 in 44ms (next.js: 1.3ms, proxy.ts: 1.7ms, application-code: 41ms)
 GET /login 200 in 44ms (next.js: 4ms, proxy.ts: 2ms, application-code: 38ms)
 GET /login 200 in 47ms (next.js: 4ms, proxy.ts: 3ms, application-code: 40ms)
 GET /login 200 in 54ms (next.js: 1.4ms, proxy.ts: 1.9ms, application-code: 51ms)
 GET /login 200 in 37ms (next.js: 1.1ms, proxy.ts: 1.6ms, application-code: 34ms)
 GET /login 200 in 36ms (next.js: 1.1ms, proxy.ts: 1.8ms, application-code: 33ms)
 GET /login 200 in 44ms (next.js: 1.4ms, proxy.ts: 1.9ms, application-code: 40ms)
 GET /login 200 in 37ms (next.js: 1.0ms, proxy.ts: 1.7ms, application-code: 35ms)
 GET /login 200 in 36ms (next.js: 1.1ms, proxy.ts: 1.5ms, application-code: 34ms)
 GET /login 200 in 39ms (next.js: 1.1ms, proxy.ts: 1.7ms, application-code: 36ms)
 GET /login 200 in 41ms (next.js: 1.2ms, proxy.ts: 2ms, application-code: 37ms)
 GET /login 200 in 41ms (next.js: 1.5ms, proxy.ts: 1.8ms, application-code: 38ms)
 GET /login 200 in 42ms (next.js: 1.1ms, proxy.ts: 1.9ms, application-code: 39ms)
 GET /login 200 in 41ms (next.js: 1.2ms, proxy.ts: 1.8ms, application-code: 38ms)
 GET /login 200 in 78ms (next.js: 12ms, proxy.ts: 5ms, application-code: 61ms)
 GET /login 200 in 55ms (next.js: 2ms, proxy.ts: 4ms, application-code: 48ms)
 GET /login 200 in 41ms (next.js: 1.3ms, proxy.ts: 2ms, application-code: 38ms)
 GET /login 200 in 56ms (next.js: 1.5ms, proxy.ts: 1.8ms, application-code: 52ms)
 GET /login 200 in 40ms (next.js: 1.3ms, proxy.ts: 1.8ms, application-code: 37ms)
 GET /login 200 in 48ms (next.js: 1.6ms, proxy.ts: 3ms, application-code: 44ms)
 GET /login 200 in 38ms (next.js: 1.1ms, proxy.ts: 1.9ms, application-code: 35ms)
 GET /login 200 in 38ms (next.js: 1.0ms, proxy.ts: 1.7ms, application-code: 35ms)
 GET /login 200 in 50ms (next.js: 1.2ms, proxy.ts: 1.9ms, application-code: 47ms)
 GET /login 200 in 37ms (next.js: 1.5ms, proxy.ts: 1.7ms, application-code: 34ms)
 GET /login 200 in 39ms (next.js: 1.2ms, proxy.ts: 1.5ms, application-code: 36ms)
 GET /login 200 in 37ms (next.js: 1.1ms, proxy.ts: 1.8ms, application-code: 34ms)
 GET /login 200 in 40ms (next.js: 1.3ms, proxy.ts: 1.7ms, application-code: 37ms)
 GET /login 200 in 42ms (next.js: 1.1ms, proxy.ts: 1.9ms, application-code: 39ms)
 GET /login 200 in 53ms (next.js: 1.4ms, proxy.ts: 2ms, application-code: 50ms)
 GET /login 200 in 47ms (next.js: 1.7ms, proxy.ts: 2ms, application-code: 43ms)
 GET /login 200 in 37ms (next.js: 1.1ms, proxy.ts: 1.7ms, application-code: 35ms)
 GET /login 200 in 51ms (next.js: 3ms, proxy.ts: 1.5ms, application-code: 46ms)
 GET /login 200 in 39ms (next.js: 1.6ms, proxy.ts: 3ms, application-code: 34ms)
 GET /login 200 in 42ms (next.js: 1.3ms, proxy.ts: 3ms, application-code: 37ms)
 GET /login 200 in 55ms (next.js: 5ms, proxy.ts: 4ms, application-code: 45ms)
 GET /login 200 in 150ms (next.js: 10ms, proxy.ts: 15ms, application-code: 125ms)
 GET /login 200 in 81ms (next.js: 8ms, proxy.ts: 6ms, application-code: 67ms)
 GET /login 200 in 50ms (next.js: 1.6ms, proxy.ts: 15ms, application-code: 34ms)
 GET /login 200 in 49ms (next.js: 1.1ms, proxy.ts: 1.7ms, application-code: 46ms)
 GET /login 200 in 44ms (next.js: 1.2ms, proxy.ts: 1.9ms, application-code: 41ms)
 GET /login 200 in 38ms (next.js: 1.1ms, proxy.ts: 1.7ms, application-code: 35ms)
 GET /login 200 in 43ms (next.js: 1.4ms, proxy.ts: 2ms, application-code: 40ms)
 GET /login 200 in 42ms (next.js: 1.3ms, proxy.ts: 3ms, application-code: 38ms)
 GET /login 200 in 37ms (next.js: 1.0ms, proxy.ts: 1.5ms, application-code: 35ms)
 GET /login 200 in 42ms (next.js: 1.7ms, proxy.ts: 3ms, application-code: 37ms)
 GET /api/auth/csrf 200 in 14ms (next.js: 6ms, application-code: 8ms)
[31m[auth][error][0m CredentialsSignin: Read more at https://errors.authjs.dev#credentialssignin
    at Module.callback (/Users/deevexx/Documents/PROJECTS/freight-forwarder/customer-portal/.next/dev/server/chunks/node_modules_@auth_core_0gltlle._.js:1182:30)
    at process.processTicksAndRejections (node:internal/process/task_queues:104:5)
    at async AuthInternal (/Users/deevexx/Documents/PROJECTS/freight-forwarder/customer-portal/.next/dev/server/chunks/node_modules_@auth_core_0gltlle._.js:2511:24)
    at async Auth (/Users/deevexx/Documents/PROJECTS/freight-forwarder/customer-portal/.next/dev/server/chunks/node_modules_@auth_core_0gltlle._.js:350:34)
    at async AppRouteRouteModule.do (/Users/deevexx/Documents/PROJECTS/freight-forwarder/customer-portal/node_modules/next/dist/compiled/next-server/app-route-turbo.runtime.dev.js:5:42793)
    at async AppRouteRouteModule.handle (/Users/deevexx/Documents/PROJECTS/freight-forwarder/customer-portal/node_modules/next/dist/compiled/next-server/app-route-turbo.runtime.dev.js:5:50547)
    at async responseGenerator (/Users/deevexx/Documents/PROJECTS/freight-forwarder/customer-portal/.next/dev/server/chunks/node_modules_next_1e9htnb._.js:5328:30)
    at async AppRouteRouteModule.handleResponse (/Users/deevexx/Documents/PROJECTS/freight-forwarder/customer-portal/node_modules/next/dist/compiled/next-server/app-route-turbo.runtime.dev.js:1:250435)
    at async handleResponse (/Users/deevexx/Documents/PROJECTS/freight-forwarder/customer-portal/.next/dev/server/chunks/node_modules_next_1e9htnb._.js:5400:32)
    at async Module.handler (/Users/deevexx/Documents/PROJECTS/freight-forwarder/customer-portal/.next/dev/server/chunks/node_modules_next_1e9htnb._.js:5520:9)
    at async DevServer.renderToResponseWithComponentsImpl (/Users/deevexx/Documents/PROJECTS/freight-forwarder/customer-portal/node_modules/next/dist/server/base-server.js:1537:9)
    at async DevServer.renderPageComponent (/Users/deevexx/Documents/PROJECTS/freight-forwarder/customer-portal/node_modules/next/dist/server/base-server.js:1589:24)
    at async DevServer.renderToResponseImpl (/Users/deevexx/Documents/PROJECTS/freight-forwarder/customer-portal/node_modules/next/dist/server/base-server.js:1639:32)
    at async DevServer.pipeImpl (/Users/deevexx/Documents/PROJECTS/freight-forwarder/customer-portal/node_modules/next/dist/server/base-server.js:1088:25)
    at async NextNodeServer.handleCatchallRenderRequest (/Users/deevexx/Documents/PROJECTS/freight-forwarder/customer-portal/node_modules/next/dist/server/next-server.js:338:17)
    at async DevServer.handleRequestImpl (/Users/deevexx/Documents/PROJECTS/freight-forwarder/customer-portal/node_modules/next/dist/server/base-server.js:979:17)
    at async /Users/deevexx/Documents/PROJECTS/freight-forwarder/customer-portal/node_modules/next/dist/server/dev/next-dev-server.js:426:20
    at async Span.traceAsyncFn (/Users/deevexx/Documents/PROJECTS/freight-forwarder/customer-portal/node_modules/next/dist/trace/trace.js:164:20)
    at async DevServer.handleRequest (/Users/deevexx/Documents/PROJECTS/freight-forwarder/customer-portal/node_modules/next/dist/server/dev/next-dev-server.js:422:24)
    at async invokeRender (/Users/deevexx/Documents/PROJECTS/freight-forwarder/customer-portal/node_modules/next/dist/server/lib/router-server.js:306:21)
    at async handleRequest (/Users/deevexx/Documents/PROJECTS/freight-forwarder/customer-portal/node_modules/next/dist/server/lib/router-server.js:508:24)
    at async requestHandlerImpl (/Users/deevexx/Documents/PROJECTS/freight-forwarder/customer-portal/node_modules/next/dist/server/lib/router-server.js:565:13)
    at async Server.requestListener (/Users/deevexx/Documents/PROJECTS/freight-forwarder/customer-portal/node_modules/next/dist/server/lib/start-server.js:225:13)
 POST /api/auth/callback/credentials? 302 in 97ms (next.js: 0.8ms, application-code: 97ms)
 GET /login 200 in 42ms (next.js: 1.3ms, proxy.ts: 1.7ms, application-code: 39ms)
 GET /login 200 in 58ms (next.js: 1.6ms, proxy.ts: 3ms, application-code: 53ms)
 GET /login 200 in 40ms (next.js: 1.7ms, proxy.ts: 3ms, application-code: 35ms)
 GET /login 200 in 45ms (next.js: 1.3ms, proxy.ts: 2ms, application-code: 42ms)
 GET /login 200 in 56ms (next.js: 1.6ms, proxy.ts: 3ms, application-code: 52ms)
 GET /login 200 in 45ms (next.js: 1.2ms, proxy.ts: 2ms, application-code: 42ms)
 GET /login 200 in 40ms (next.js: 1.1ms, proxy.ts: 1.7ms, application-code: 38ms)
 GET /login 200 in 43ms (next.js: 1.8ms, proxy.ts: 1.9ms, application-code: 39ms)
 GET /login 200 in 39ms (next.js: 1.4ms, proxy.ts: 2ms, application-code: 35ms)
 GET /login 200 in 50ms (next.js: 1.1ms, proxy.ts: 1.7ms, application-code: 47ms)
 GET /login 200 in 38ms (next.js: 1.1ms, proxy.ts: 2ms, application-code: 34ms)
 GET /login 200 in 39ms (next.js: 1.2ms, proxy.ts: 1.8ms, application-code: 36ms)
 GET /login 200 in 38ms (next.js: 1.0ms, proxy.ts: 1.6ms, application-code: 36ms)
 GET /login 200 in 36ms (next.js: 1.1ms, proxy.ts: 1.8ms, application-code: 33ms)
 GET /login 200 in 39ms (next.js: 1.2ms, proxy.ts: 1.7ms, application-code: 36ms)
 GET /login 200 in 42ms (next.js: 1.1ms, proxy.ts: 6ms, application-code: 35ms)
 GET /login 200 in 39ms (next.js: 1.5ms, proxy.ts: 2ms, application-code: 35ms)
 GET /login 200 in 39ms (next.js: 1.1ms, proxy.ts: 1.8ms, application-code: 37ms)
 GET /login 200 in 38ms (next.js: 1.1ms, proxy.ts: 1.7ms, application-code: 35ms)
 GET /login 200 in 42ms (next.js: 1.5ms, proxy.ts: 2ms, application-code: 38ms)
 GET /login 200 in 39ms (next.js: 1.1ms, proxy.ts: 2.0ms, application-code: 36ms)
 GET /login 200 in 38ms (next.js: 1.0ms, proxy.ts: 2ms, application-code: 35ms)
 GET /login 200 in 37ms (next.js: 1.0ms, proxy.ts: 1.8ms, application-code: 34ms)
 GET /login 200 in 37ms (next.js: 1.5ms, proxy.ts: 2ms, application-code: 34ms)
 GET /login 200 in 41ms (next.js: 1.1ms, proxy.ts: 1.7ms, application-code: 38ms)
 GET /login 200 in 37ms (next.js: 1.2ms, proxy.ts: 1.7ms, application-code: 34ms)
 GET /login 200 in 36ms (next.js: 1.1ms, proxy.ts: 1.6ms, application-code: 33ms)
 GET /login 200 in 37ms (next.js: 1.1ms, proxy.ts: 1.9ms, application-code: 34ms)
 GET /login 200 in 38ms (next.js: 1.2ms, proxy.ts: 1.7ms, application-code: 35ms)
 GET /login 200 in 37ms (next.js: 1.0ms, proxy.ts: 1.7ms, application-code: 34ms)
 GET /login 200 in 40ms (next.js: 1.1ms, proxy.ts: 1.9ms, application-code: 37ms)
 GET /login 200 in 41ms (next.js: 1.3ms, proxy.ts: 2ms, application-code: 38ms)
 GET /login 200 in 41ms (next.js: 1.5ms, proxy.ts: 1.8ms, application-code: 38ms)
 GET /login 200 in 37ms (next.js: 1.3ms, proxy.ts: 2ms, application-code: 34ms)
 GET /login 200 in 37ms (next.js: 1.1ms, proxy.ts: 1.7ms, application-code: 34ms)
 GET /login 200 in 54ms (next.js: 1.1ms, proxy.ts: 1.5ms, application-code: 51ms)
 GET /login 200 in 37ms (next.js: 1.2ms, proxy.ts: 1.9ms, application-code: 34ms)
 GET /login 200 in 37ms (next.js: 1.1ms, proxy.ts: 1.6ms, application-code: 34ms)
 GET /login 200 in 37ms (next.js: 1.2ms, proxy.ts: 2.0ms, application-code: 34ms)
 GET /login 200 in 36ms (next.js: 1.1ms, proxy.ts: 1.6ms, application-code: 33ms)
 GET /login 200 in 55ms (next.js: 1.1ms, proxy.ts: 1.6ms, application-code: 52ms)
 GET /login 200 in 47ms (next.js: 1.7ms, proxy.ts: 6ms, application-code: 39ms)
 GET /login 200 in 37ms (next.js: 1.3ms, proxy.ts: 2ms, application-code: 34ms)
 GET /login 200 in 42ms (next.js: 1.1ms, proxy.ts: 1.7ms, application-code: 39ms)
 GET /login 200 in 37ms (next.js: 1.1ms, proxy.ts: 1.6ms, application-code: 34ms)
 GET /login 200 in 44ms (next.js: 1.3ms, proxy.ts: 2.0ms, application-code: 41ms)
 GET /login 200 in 38ms (next.js: 1.2ms, proxy.ts: 1.7ms, application-code: 35ms)
 GET /login 200 in 36ms (next.js: 1.1ms, proxy.ts: 1.5ms, application-code: 34ms)
 GET /login 200 in 37ms (next.js: 1.1ms, proxy.ts: 1.8ms, application-code: 34ms)
 GET /login 200 in 53ms (next.js: 1.1ms, proxy.ts: 1.8ms, application-code: 50ms)
 GET /login 200 in 48ms (next.js: 1.3ms, proxy.ts: 1.8ms, application-code: 45ms)
 GET /login 200 in 36ms (next.js: 1.3ms, proxy.ts: 1.9ms, application-code: 33ms)
 GET /login 200 in 40ms (next.js: 1.5ms, proxy.ts: 2ms, application-code: 37ms)
 GET /login 200 in 38ms (next.js: 1.2ms, proxy.ts: 2ms, application-code: 34ms)
 GET /login 200 in 36ms (next.js: 1.2ms, proxy.ts: 1.6ms, application-code: 34ms)
 GET /login 200 in 45ms (next.js: 1.2ms, proxy.ts: 2ms, application-code: 42ms)
 GET /login 200 in 42ms (next.js: 1.3ms, proxy.ts: 3ms, application-code: 38ms)
 GET /login 200 in 39ms (next.js: 1.0ms, proxy.ts: 3ms, application-code: 35ms)
 GET /login 200 in 39ms (next.js: 1.1ms, proxy.ts: 1.6ms, application-code: 36ms)
 GET /login 200 in 39ms (next.js: 1.2ms, proxy.ts: 1.7ms, application-code: 36ms)
 GET /login 200 in 53ms (next.js: 1.1ms, proxy.ts: 1.7ms, application-code: 51ms)
 GET /login 200 in 53ms (next.js: 1.0ms, proxy.ts: 3ms, application-code: 48ms)
 GET /login 200 in 37ms (next.js: 1.0ms, proxy.ts: 1.4ms, application-code: 35ms)
 GET /login 200 in 37ms (next.js: 1.1ms, proxy.ts: 1.6ms, application-code: 35ms)
 GET /login 200 in 44ms (next.js: 1.1ms, proxy.ts: 1.5ms, application-code: 42ms)
 GET /login 200 in 41ms (next.js: 1.4ms, proxy.ts: 1.8ms, application-code: 38ms)
 GET /login 200 in 37ms (next.js: 1.1ms, proxy.ts: 1.8ms, application-code: 34ms)
 GET /login 200 in 40ms (next.js: 1.1ms, proxy.ts: 1.7ms, application-code: 37ms)
 GET /login 200 in 45ms (next.js: 1.6ms, proxy.ts: 1.9ms, application-code: 41ms)
 GET /login 200 in 39ms (next.js: 1.1ms, proxy.ts: 1.9ms, application-code: 36ms)
 GET /login 200 in 40ms (next.js: 1.0ms, proxy.ts: 1.5ms, application-code: 38ms)
 GET /login 200 in 40ms (next.js: 1.2ms, proxy.ts: 2ms, application-code: 37ms)
 GET /login 200 in 39ms (next.js: 1.1ms, proxy.ts: 3ms, application-code: 35ms)
 GET /login 200 in 39ms (next.js: 1.4ms, proxy.ts: 1.8ms, application-code: 35ms)
 GET /login 200 in 54ms (next.js: 1.8ms, proxy.ts: 2ms, application-code: 50ms)
 GET /login 200 in 39ms (next.js: 1.2ms, proxy.ts: 2ms, application-code: 36ms)
 GET /login 200 in 40ms (next.js: 1.3ms, proxy.ts: 1.8ms, application-code: 37ms)
 GET /login 200 in 41ms (next.js: 1.2ms, proxy.ts: 1.8ms, application-code: 38ms)
 GET /login 200 in 43ms (next.js: 2ms, proxy.ts: 2ms, application-code: 39ms)
 GET /login 200 in 37ms (next.js: 1.1ms, proxy.ts: 1.5ms, application-code: 34ms)
 GET /login 200 in 40ms (next.js: 1.1ms, proxy.ts: 1.9ms, application-code: 37ms)
 GET /login 200 in 40ms (next.js: 1.1ms, proxy.ts: 1.8ms, application-code: 37ms)
 GET /login 200 in 37ms (next.js: 1.2ms, proxy.ts: 2ms, application-code: 34ms)
 GET /login 200 in 53ms (next.js: 1.1ms, proxy.ts: 2ms, application-code: 49ms)
 GET /login 200 in 36ms (next.js: 1.1ms, proxy.ts: 2.0ms, application-code: 33ms)
 GET /login 200 in 37ms (next.js: 1.2ms, proxy.ts: 1.6ms, application-code: 34ms)
 GET /login 200 in 42ms (next.js: 1.2ms, proxy.ts: 1.8ms, application-code: 39ms)
 GET /login 200 in 33ms (next.js: 1.1ms, proxy.ts: 1.3ms, application-code: 31ms)
 GET /login 200 in 39ms (next.js: 1.3ms, proxy.ts: 2ms, application-code: 35ms)
 GET /login 200 in 40ms (next.js: 1.4ms, proxy.ts: 1.8ms, application-code: 37ms)
 GET /login 200 in 36ms (next.js: 1.1ms, proxy.ts: 1.5ms, application-code: 33ms)
 GET /login 200 in 38ms (next.js: 1.1ms, proxy.ts: 1.8ms, application-code: 35ms)
 GET /login 200 in 41ms (next.js: 1.1ms, proxy.ts: 1.7ms, application-code: 38ms)
 GET /login 200 in 43ms (next.js: 3ms, proxy.ts: 2ms, application-code: 37ms)
 GET /login 200 in 41ms (next.js: 1.3ms, proxy.ts: 2.0ms, application-code: 38ms)
 GET /login 200 in 38ms (next.js: 1.3ms, proxy.ts: 1.9ms, application-code: 35ms)
 GET /login 200 in 48ms (next.js: 1.0ms, proxy.ts: 1.7ms, application-code: 45ms)
 GET /login 200 in 41ms (next.js: 1.2ms, proxy.ts: 1.7ms, application-code: 39ms)
 GET /login 200 in 36ms (next.js: 1.1ms, proxy.ts: 2ms, application-code: 32ms)
 GET /login 200 in 38ms (next.js: 1.2ms, proxy.ts: 1.8ms, application-code: 35ms)
 GET /login 200 in 40ms (next.js: 1.1ms, proxy.ts: 2ms, application-code: 37ms)
 GET /login 200 in 41ms (next.js: 1.3ms, proxy.ts: 2ms, application-code: 37ms)
 GET /login 200 in 37ms (next.js: 1.0ms, proxy.ts: 1.8ms, application-code: 34ms)
 GET /login 200 in 42ms (next.js: 1.2ms, proxy.ts: 2ms, application-code: 39ms)
 GET /login 200 in 37ms (next.js: 1.1ms, proxy.ts: 2.0ms, application-code: 34ms)
 GET /login 200 in 44ms (next.js: 1.2ms, proxy.ts: 1.8ms, application-code: 41ms)
 GET /login 200 in 40ms (next.js: 1.5ms, proxy.ts: 2ms, application-code: 37ms)
 GET /login 200 in 37ms (next.js: 1.2ms, proxy.ts: 1.9ms, application-code: 33ms)
 GET /login 200 in 41ms (next.js: 1.4ms, proxy.ts: 1.8ms, application-code: 37ms)
 GET /login 200 in 50ms (next.js: 1.2ms, proxy.ts: 1.7ms, application-code: 47ms)
 GET /login 200 in 37ms (next.js: 1.2ms, proxy.ts: 1.9ms, application-code: 34ms)
 GET /login 200 in 37ms (next.js: 1.1ms, proxy.ts: 1.6ms, application-code: 34ms)
 GET /login 200 in 37ms (next.js: 0.9ms, proxy.ts: 1.4ms, application-code: 35ms)
 GET /login 200 in 37ms (next.js: 1.2ms, proxy.ts: 1.9ms, application-code: 34ms)
 GET /login 200 in 48ms (next.js: 1.1ms, proxy.ts: 1.7ms, application-code: 45ms)
 GET /login 200 in 33ms (next.js: 1.0ms, proxy.ts: 1.6ms, application-code: 30ms)
 GET /login 200 in 41ms (next.js: 1.5ms, proxy.ts: 1.9ms, application-code: 38ms)
 GET /login 200 in 40ms (next.js: 1.0ms, proxy.ts: 2ms, application-code: 37ms)
 GET /login 200 in 38ms (next.js: 1.1ms, proxy.ts: 1.5ms, application-code: 35ms)
 GET /login 200 in 39ms (next.js: 1.1ms, proxy.ts: 1.6ms, application-code: 36ms)
 GET /login 200 in 38ms (next.js: 1.1ms, proxy.ts: 1.8ms, application-code: 35ms)
 GET /login 200 in 39ms (next.js: 1.1ms, proxy.ts: 1.8ms, application-code: 36ms)
 GET /login 200 in 53ms (next.js: 1.8ms, proxy.ts: 3ms, application-code: 49ms)
 GET /login 200 in 41ms (next.js: 1.4ms, proxy.ts: 1.7ms, application-code: 38ms)
 GET /login 200 in 54ms (next.js: 1.1ms, proxy.ts: 1.6ms, application-code: 51ms)
 GET /login 200 in 39ms (next.js: 1.0ms, proxy.ts: 1.6ms, application-code: 37ms)
 GET /login 200 in 41ms (next.js: 1.1ms, proxy.ts: 1.7ms, application-code: 38ms)
 GET /login 200 in 44ms (next.js: 1.3ms, proxy.ts: 3ms, application-code: 40ms)
 GET /login 200 in 38ms (next.js: 1.1ms, proxy.ts: 2.0ms, application-code: 35ms)
 GET /login 200 in 58ms (next.js: 1.3ms, proxy.ts: 1.9ms, application-code: 55ms)
 GET /login 200 in 39ms (next.js: 1.2ms, proxy.ts: 2ms, application-code: 36ms)
 GET /login 200 in 35ms (next.js: 1.1ms, proxy.ts: 1.8ms, application-code: 32ms)
 GET /login 200 in 43ms (next.js: 1.1ms, proxy.ts: 1.8ms, application-code: 40ms)
 GET /login 200 in 38ms (next.js: 1.4ms, proxy.ts: 2ms, application-code: 34ms)
 GET /login 200 in 41ms (next.js: 1.1ms, proxy.ts: 1.8ms, application-code: 38ms)
 GET /login 200 in 39ms (next.js: 1.2ms, proxy.ts: 2ms, application-code: 36ms)
 GET /login 200 in 105ms (next.js: 2ms, proxy.ts: 7ms, application-code: 95ms)
 GET /login 200 in 43ms (next.js: 5ms, proxy.ts: 1.7ms, application-code: 37ms)
 GET /login 200 in 51ms (next.js: 1.7ms, proxy.ts: 3ms, application-code: 46ms)
 GET /login 200 in 55ms (next.js: 1.2ms, proxy.ts: 1.6ms, application-code: 52ms)
 GET /login 200 in 43ms (next.js: 1.1ms, proxy.ts: 1.9ms, application-code: 40ms)
 GET /login 200 in 41ms (next.js: 1.1ms, proxy.ts: 1.7ms, application-code: 38ms)
 GET /login 200 in 68ms (next.js: 1.7ms, proxy.ts: 3ms, application-code: 64ms)
 GET /login 200 in 40ms (next.js: 1.5ms, proxy.ts: 2ms, application-code: 36ms)
 GET /login 200 in 48ms (next.js: 1.4ms, proxy.ts: 2ms, application-code: 44ms)
 GET /login 200 in 42ms (next.js: 1.2ms, proxy.ts: 2ms, application-code: 39ms)
 GET /login 200 in 41ms (next.js: 1.2ms, proxy.ts: 1.9ms, application-code: 38ms)
 GET /login 200 in 38ms (next.js: 1.3ms, proxy.ts: 1.9ms, application-code: 35ms)
 GET /login 200 in 45ms (next.js: 1.3ms, proxy.ts: 1.9ms, application-code: 42ms)
 GET /login 200 in 40ms (next.js: 1.2ms, proxy.ts: 1.7ms, application-code: 37ms)
 GET /login 200 in 38ms (next.js: 1.1ms, proxy.ts: 2ms, application-code: 35ms)
 GET /login 200 in 38ms (next.js: 1.2ms, proxy.ts: 1.6ms, application-code: 35ms)
 GET /login 200 in 44ms (next.js: 1.2ms, proxy.ts: 2ms, application-code: 41ms)
 GET /login 200 in 38ms (next.js: 1.0ms, proxy.ts: 1.6ms, application-code: 35ms)
 GET /login 200 in 37ms (next.js: 1.1ms, proxy.ts: 1.7ms, application-code: 35ms)
 GET /login 200 in 40ms (next.js: 1.1ms, proxy.ts: 1.8ms, application-code: 37ms)
 GET /login 200 in 37ms (next.js: 1.1ms, proxy.ts: 1.7ms, application-code: 34ms)
 GET /login 200 in 38ms (next.js: 1.2ms, proxy.ts: 1.8ms, application-code: 35ms)
 GET /login 200 in 40ms (next.js: 1.0ms, proxy.ts: 1.6ms, application-code: 37ms)
 GET /login 200 in 37ms (next.js: 1.4ms, proxy.ts: 1.7ms, application-code: 34ms)
 GET /login 200 in 40ms (next.js: 1.1ms, proxy.ts: 1.6ms, application-code: 38ms)
 GET /login 200 in 37ms (next.js: 1.1ms, proxy.ts: 1.6ms, application-code: 34ms)
 GET /login 200 in 38ms (next.js: 1.1ms, proxy.ts: 1.9ms, application-code: 35ms)
 GET /login 200 in 40ms (next.js: 1.1ms, proxy.ts: 1.8ms, application-code: 37ms)
 GET /login 200 in 37ms (next.js: 1.3ms, proxy.ts: 2ms, application-code: 33ms)
 GET /login 200 in 38ms (next.js: 1.1ms, proxy.ts: 1.7ms, application-code: 35ms)
 GET /login 200 in 43ms (next.js: 0.9ms, proxy.ts: 7ms, application-code: 36ms)
 GET /login 200 in 38ms (next.js: 1.2ms, proxy.ts: 1.9ms, application-code: 35ms)
 GET /login 200 in 38ms (next.js: 1.4ms, proxy.ts: 1.8ms, application-code: 35ms)
 GET /login 200 in 44ms (next.js: 1.1ms, proxy.ts: 1.7ms, application-code: 41ms)
 GET /login 200 in 37ms (next.js: 1.3ms, proxy.ts: 1.9ms, application-code: 34ms)
 GET /login 200 in 53ms (next.js: 1.4ms, proxy.ts: 1.8ms, application-code: 49ms)
 GET /login 200 in 42ms (next.js: 1.4ms, proxy.ts: 2ms, application-code: 38ms)
 GET /login 200 in 36ms (next.js: 1.0ms, proxy.ts: 1.7ms, application-code: 34ms)
 GET /login 200 in 41ms (next.js: 1.1ms, proxy.ts: 1.7ms, application-code: 38ms)
 GET /login 200 in 37ms (next.js: 1.1ms, proxy.ts: 1.7ms, application-code: 34ms)
 GET /login 200 in 41ms (next.js: 1.1ms, proxy.ts: 1.9ms, application-code: 38ms)
 GET /login 200 in 38ms (next.js: 1.1ms, proxy.ts: 1.9ms, application-code: 35ms)
 GET /login 200 in 37ms (next.js: 1.1ms, proxy.ts: 1.8ms, application-code: 34ms)
 GET /login 200 in 40ms (next.js: 1.0ms, proxy.ts: 1.7ms, application-code: 37ms)
 GET /login 200 in 37ms (next.js: 1.2ms, proxy.ts: 1.9ms, application-code: 34ms)
 GET /login 200 in 53ms (next.js: 1.0ms, proxy.ts: 1.6ms, application-code: 51ms)
 GET /login 200 in 37ms (next.js: 1.0ms, proxy.ts: 1.7ms, application-code: 34ms)
 GET /login 200 in 37ms (next.js: 1.1ms, proxy.ts: 1.9ms, application-code: 34ms)
 GET /login 200 in 37ms (next.js: 1.2ms, proxy.ts: 1.6ms, application-code: 34ms)
 GET /login 200 in 41ms (next.js: 1.1ms, proxy.ts: 2ms, application-code: 38ms)
 GET /login 200 in 40ms (next.js: 1.0ms, proxy.ts: 1.4ms, application-code: 37ms)
 GET /login 200 in 40ms (next.js: 1.2ms, proxy.ts: 2ms, application-code: 37ms)
 GET /login 200 in 37ms (next.js: 1.1ms, proxy.ts: 1.7ms, application-code: 35ms)
 GET /login 200 in 38ms (next.js: 1.1ms, proxy.ts: 1.8ms, application-code: 35ms)
 GET /login 200 in 43ms (next.js: 1.2ms, proxy.ts: 1.7ms, application-code: 40ms)
 GET /login 200 in 39ms (next.js: 1.4ms, proxy.ts: 2ms, application-code: 36ms)
 GET /login 200 in 37ms (next.js: 1.0ms, proxy.ts: 1.7ms, application-code: 34ms)
 GET /login 200 in 53ms (next.js: 2.0ms, proxy.ts: 3ms, application-code: 48ms)
 GET /login 200 in 37ms (next.js: 0.9ms, proxy.ts: 1.8ms, application-code: 34ms)
 GET /login 200 in 37ms (next.js: 1.0ms, proxy.ts: 1.9ms, application-code: 34ms)
 GET /login 200 in 39ms (next.js: 0.8ms, proxy.ts: 2ms, application-code: 36ms)
 GET /login 200 in 43ms (next.js: 1.9ms, proxy.ts: 3ms, application-code: 39ms)
 GET /login 200 in 41ms (next.js: 1.1ms, proxy.ts: 1.9ms, application-code: 38ms)
 GET /login 200 in 40ms (next.js: 1.1ms, proxy.ts: 2.0ms, application-code: 36ms)
 GET /login 200 in 39ms (next.js: 1.1ms, proxy.ts: 1.8ms, application-code: 36ms)
 GET /login 200 in 40ms (next.js: 1.1ms, proxy.ts: 3ms, application-code: 36ms)
 GET /login 200 in 38ms (next.js: 1.2ms, proxy.ts: 1.7ms, application-code: 36ms)
 GET /login 200 in 63ms (next.js: 1.2ms, proxy.ts: 2.0ms, application-code: 60ms)
 GET /login 200 in 43ms (next.js: 1.3ms, proxy.ts: 2ms, application-code: 40ms)
 GET /login 200 in 40ms (next.js: 1.4ms, proxy.ts: 2ms, application-code: 36ms)
 GET /login 200 in 53ms (next.js: 1.2ms, proxy.ts: 2ms, application-code: 49ms)
 GET /login 200 in 38ms (next.js: 1.2ms, proxy.ts: 1.6ms, application-code: 36ms)
 GET /login 200 in 65ms (next.js: 3ms, proxy.ts: 3ms, application-code: 59ms)
 GET /login 200 in 44ms (next.js: 1.2ms, proxy.ts: 1.7ms, application-code: 41ms)
 GET /login 200 in 39ms (next.js: 1.3ms, proxy.ts: 2ms, application-code: 36ms)
 GET /login 200 in 42ms (next.js: 1.0ms, proxy.ts: 1.4ms, application-code: 39ms)
 GET /login 200 in 44ms (next.js: 1.3ms, proxy.ts: 2ms, application-code: 41ms)
 GET /login 200 in 37ms (next.js: 1.1ms, proxy.ts: 1.8ms, application-code: 34ms)
 GET /login 200 in 44ms (next.js: 1.2ms, proxy.ts: 1.8ms, application-code: 41ms)
 GET /login 200 in 39ms (next.js: 1.2ms, proxy.ts: 1.8ms, application-code: 36ms)
 GET /login 200 in 41ms (next.js: 1.2ms, proxy.ts: 2ms, application-code: 38ms)
 GET /login 200 in 44ms (next.js: 1.2ms, proxy.ts: 2.0ms, application-code: 41ms)
 GET /login 200 in 52ms (next.js: 1.5ms, proxy.ts: 1.9ms, application-code: 49ms)
 GET /login 200 in 40ms (next.js: 1.1ms, proxy.ts: 1.8ms, application-code: 37ms)
 GET /login 200 in 53ms (next.js: 3ms, proxy.ts: 3ms, application-code: 47ms)
 GET /login 200 in 43ms (next.js: 1.1ms, proxy.ts: 1.9ms, application-code: 40ms)
 GET /login 200 in 49ms (next.js: 1.2ms, proxy.ts: 3ms, application-code: 45ms)
 GET /login 200 in 39ms (next.js: 1.1ms, proxy.ts: 2.0ms, application-code: 36ms)
 GET /login 200 in 38ms (next.js: 1.1ms, proxy.ts: 1.8ms, application-code: 36ms)
 GET /login 200 in 50ms (next.js: 3ms, proxy.ts: 4ms, application-code: 43ms)
 GET /login 200 in 37ms (next.js: 1.2ms, proxy.ts: 1.8ms, application-code: 34ms)
 GET /login 200 in 41ms (next.js: 1.3ms, proxy.ts: 1.8ms, application-code: 37ms)
 GET /login 200 in 43ms (next.js: 1.1ms, proxy.ts: 1.4ms, application-code: 40ms)
 GET /login 200 in 38ms (next.js: 1.2ms, proxy.ts: 2ms, application-code: 34ms)
 GET /login 200 in 59ms (next.js: 1.1ms, proxy.ts: 1.8ms, application-code: 56ms)
 GET /login 200 in 37ms (next.js: 1.2ms, proxy.ts: 2.0ms, application-code: 34ms)
 GET /login 200 in 39ms (next.js: 1.2ms, proxy.ts: 1.8ms, application-code: 36ms)
 GET /login 200 in 39ms (next.js: 1.0ms, proxy.ts: 2ms, application-code: 36ms)
 GET /login 200 in 41ms (next.js: 1.6ms, proxy.ts: 2.0ms, application-code: 37ms)
 GET /login 200 in 48ms (next.js: 1.1ms, proxy.ts: 1.7ms, application-code: 46ms)
 GET /login 200 in 41ms (next.js: 3ms, proxy.ts: 3ms, application-code: 36ms)
 GET /login 200 in 37ms (next.js: 1.1ms, proxy.ts: 1.8ms, application-code: 34ms)
 GET /login 200 in 42ms (next.js: 1.3ms, proxy.ts: 2ms, application-code: 38ms)
 GET /login 200 in 44ms (next.js: 1.3ms, proxy.ts: 1.9ms, application-code: 41ms)
 GET /login 200 in 43ms (next.js: 1.3ms, proxy.ts: 1.8ms, application-code: 40ms)
 GET /login 200 in 44ms (next.js: 1.4ms, proxy.ts: 1.8ms, application-code: 41ms)
 GET /login 200 in 39ms (next.js: 1.3ms, proxy.ts: 1.7ms, application-code: 36ms)
 GET /login 200 in 37ms (next.js: 1.2ms, proxy.ts: 1.7ms, application-code: 34ms)
 GET /login 200 in 44ms (next.js: 1.2ms, proxy.ts: 2.0ms, application-code: 41ms)
 GET /login 200 in 39ms (next.js: 1.2ms, proxy.ts: 1.8ms, application-code: 36ms)
 GET /login 200 in 37ms (next.js: 1.0ms, proxy.ts: 1.6ms, application-code: 35ms)
 GET /login 200 in 41ms (next.js: 1.1ms, proxy.ts: 1.9ms, application-code: 38ms)
 GET /login 200 in 38ms (next.js: 1.3ms, proxy.ts: 2.0ms, application-code: 34ms)
 GET /login 200 in 70ms (next.js: 2ms, proxy.ts: 2ms, application-code: 65ms)
 GET /login 200 in 41ms (next.js: 1.1ms, proxy.ts: 2ms, application-code: 38ms)
 GET /login 200 in 37ms (next.js: 1.0ms, proxy.ts: 1.6ms, application-code: 34ms)
 GET /login 200 in 44ms (next.js: 1.9ms, proxy.ts: 3ms, application-code: 39ms)
 GET /login 200 in 42ms (next.js: 1.2ms, proxy.ts: 1.7ms, application-code: 39ms)
 GET /login 200 in 39ms (next.js: 1.2ms, proxy.ts: 1.7ms, application-code: 36ms)
 GET /login 200 in 42ms (next.js: 1.0ms, proxy.ts: 1.6ms, application-code: 39ms)
 GET /login 200 in 40ms (next.js: 1.6ms, proxy.ts: 2ms, application-code: 36ms)
 GET /login 200 in 38ms (next.js: 1.1ms, proxy.ts: 2.0ms, application-code: 35ms)
 GET /login 200 in 41ms (next.js: 0.8ms, proxy.ts: 1.8ms, application-code: 39ms)
 GET /login 200 in 45ms (next.js: 1.2ms, proxy.ts: 1.9ms, application-code: 41ms)
 GET /login 200 in 38ms (next.js: 1.4ms, proxy.ts: 1.7ms, application-code: 35ms)
 GET /login 200 in 41ms (next.js: 1.1ms, proxy.ts: 1.5ms, application-code: 38ms)
 GET /login 200 in 44ms (next.js: 1.1ms, proxy.ts: 1.8ms, application-code: 41ms)
 GET /login 200 in 61ms (next.js: 1.3ms, proxy.ts: 2ms, application-code: 58ms)
 GET /login 200 in 43ms (next.js: 1.4ms, proxy.ts: 2ms, application-code: 40ms)
 GET /login 200 in 43ms (next.js: 2.0ms, proxy.ts: 3ms, application-code: 39ms)
 GET /login 200 in 38ms (next.js: 1.1ms, proxy.ts: 1.7ms, application-code: 35ms)
 GET /login 200 in 49ms (next.js: 3ms, proxy.ts: 4ms, application-code: 43ms)
 GET /login 200 in 40ms (next.js: 1.4ms, proxy.ts: 1.8ms, application-code: 36ms)
 GET /login 200 in 42ms (next.js: 1.3ms, proxy.ts: 4ms, application-code: 37ms)
 GET /login 200 in 40ms (next.js: 1.3ms, proxy.ts: 1.7ms, application-code: 37ms)
 GET /login 200 in 56ms (next.js: 1.1ms, proxy.ts: 1.6ms, application-code: 53ms)
 GET /login 200 in 40ms (next.js: 1.3ms, proxy.ts: 2ms, application-code: 37ms)
 GET /login 200 in 41ms (next.js: 1.1ms, proxy.ts: 2ms, application-code: 38ms)
 GET /login 200 in 43ms (next.js: 1.2ms, proxy.ts: 2ms, application-code: 39ms)
 GET /login 200 in 40ms (next.js: 1.2ms, proxy.ts: 1.8ms, application-code: 37ms)
 GET /login 200 in 39ms (next.js: 1.1ms, proxy.ts: 1.8ms, application-code: 36ms)
 GET /login 200 in 46ms (next.js: 1.3ms, proxy.ts: 1.7ms, application-code: 43ms)
 GET /login 200 in 42ms (next.js: 1.1ms, proxy.ts: 2ms, application-code: 39ms)
 GET /login 200 in 39ms (next.js: 1.3ms, proxy.ts: 1.7ms, application-code: 36ms)
 GET /login 200 in 39ms (next.js: 0.9ms, proxy.ts: 2.0ms, application-code: 37ms)
 GET /login 200 in 45ms (next.js: 3ms, proxy.ts: 2ms, application-code: 40ms)
 GET /login 200 in 38ms (next.js: 1.1ms, proxy.ts: 1.6ms, application-code: 36ms)
 GET /login 200 in 41ms (next.js: 1.2ms, proxy.ts: 1.7ms, application-code: 38ms)
 GET /login 200 in 39ms (next.js: 1.2ms, proxy.ts: 2ms, application-code: 36ms)
 GET /login 200 in 41ms (next.js: 1.1ms, proxy.ts: 2ms, application-code: 38ms)
 GET /login 200 in 51ms (next.js: 2.0ms, proxy.ts: 3ms, application-code: 47ms)
 GET /login 200 in 36ms (next.js: 1.1ms, proxy.ts: 1.7ms, application-code: 33ms)
 GET /login 200 in 42ms (next.js: 1.2ms, proxy.ts: 1.9ms, application-code: 39ms)
 GET /login 200 in 42ms (next.js: 1.2ms, proxy.ts: 1.9ms, application-code: 39ms)
 GET /login 200 in 45ms (next.js: 1.2ms, proxy.ts: 1.9ms, application-code: 42ms)
 GET /login 200 in 59ms (next.js: 1.1ms, proxy.ts: 2ms, application-code: 56ms)
 GET /login 200 in 48ms (next.js: 2ms, proxy.ts: 4ms, application-code: 42ms)
 GET /login 200 in 40ms (next.js: 1.3ms, proxy.ts: 1.8ms, application-code: 37ms)
 GET /login 200 in 44ms (next.js: 1.1ms, proxy.ts: 1.8ms, application-code: 41ms)
 GET /login 200 in 44ms (next.js: 1.2ms, proxy.ts: 1.8ms, application-code: 41ms)
 GET /login 200 in 40ms (next.js: 1.1ms, proxy.ts: 1.8ms, application-code: 37ms)
 GET /login 200 in 44ms (next.js: 1.1ms, proxy.ts: 1.9ms, application-code: 40ms)
 GET /login 200 in 37ms (next.js: 1.2ms, proxy.ts: 1.8ms, application-code: 34ms)
 GET /login 200 in 37ms (next.js: 1.1ms, proxy.ts: 1.7ms, application-code: 35ms)
 GET /login 200 in 44ms (next.js: 1.3ms, proxy.ts: 1.9ms, application-code: 41ms)
 GET /login 200 in 45ms (next.js: 1.6ms, proxy.ts: 2ms, application-code: 41ms)
 GET /login 200 in 42ms (next.js: 1.2ms, proxy.ts: 1.9ms, application-code: 39ms)
 GET /login 200 in 44ms (next.js: 1.6ms, proxy.ts: 3ms, application-code: 40ms)
 GET /login 200 in 38ms (next.js: 1.2ms, proxy.ts: 1.9ms, application-code: 35ms)
 GET /login 200 in 52ms (next.js: 1.2ms, proxy.ts: 1.7ms, application-code: 49ms)
 GET /login 200 in 36ms (next.js: 1.1ms, proxy.ts: 1.5ms, application-code: 34ms)
 GET /login 200 in 36ms (next.js: 1.0ms, proxy.ts: 1.6ms, application-code: 33ms)
 GET /login 200 in 62ms (next.js: 1.1ms, proxy.ts: 1.7ms, application-code: 59ms)
 GET /login 200 in 37ms (next.js: 1.3ms, proxy.ts: 2ms, application-code: 34ms)
 GET /login 200 in 35ms (next.js: 1.4ms, proxy.ts: 1.7ms, application-code: 32ms)
 GET /api/auth/providers 200 in 36ms (next.js: 26ms, application-code: 10ms)
 GET /api/auth/csrf 200 in 5ms (next.js: 1.3ms, application-code: 4ms)
 POST /api/auth/callback/credentials? 200 in 90ms (next.js: 1.8ms, application-code: 88ms)
 GET /api/auth/session 200 in 4ms (next.js: 0.6ms, application-code: 4ms)
 GET /api/auth/session 200 in 4ms (next.js: 0.9ms, application-code: 3ms)
 GET /api/auth/session 200 in 5ms (next.js: 0.6ms, application-code: 4ms)
 GET /login 200 in 38ms (next.js: 0.8ms, proxy.ts: 1.4ms, application-code: 35ms)
 GET /packages 200 in 872ms (next.js: 5ms, proxy.ts: 16ms, application-code: 851ms)
 GET /packages 200 in 1709ms (next.js: 801ms, proxy.ts: 10ms, application-code: 898ms)
 GET /packages 200 in 45ms (next.js: 2ms, proxy.ts: 5ms, application-code: 38ms)
 GET /login 200 in 37ms (next.js: 1.0ms, proxy.ts: 1.6ms, application-code: 34ms)
 GET /login 200 in 46ms (next.js: 1.0ms, proxy.ts: 2ms, application-code: 43ms)
 GET /admin/manifests 200 in 290ms (next.js: 133ms, proxy.ts: 15ms, application-code: 142ms)
 GET /login 200 in 47ms (next.js: 1.7ms, proxy.ts: 2.0ms, application-code: 43ms)
 GET /login 200 in 37ms (next.js: 1.1ms, proxy.ts: 1.6ms, application-code: 35ms)
 GET /login 200 in 42ms (next.js: 1.1ms, proxy.ts: 2ms, application-code: 39ms)
 GET /login 200 in 38ms (next.js: 1.1ms, proxy.ts: 1.7ms, application-code: 35ms)
 GET /login 200 in 50ms (next.js: 3ms, proxy.ts: 4ms, application-code: 43ms)
 GET /login 200 in 37ms (next.js: 1.1ms, proxy.ts: 1.6ms, application-code: 34ms)
 GET /login 200 in 57ms (next.js: 1.6ms, proxy.ts: 1.7ms, application-code: 54ms)
 GET /login 200 in 40ms (next.js: 1.1ms, proxy.ts: 1.8ms, application-code: 37ms)
 GET /login 200 in 41ms (next.js: 1.1ms, proxy.ts: 3ms, application-code: 37ms)
 GET /login 200 in 41ms (next.js: 1.2ms, proxy.ts: 1.7ms, application-code: 38ms)
 GET /login 200 in 40ms (next.js: 0.9ms, proxy.ts: 3ms, application-code: 37ms)
 GET /login 200 in 40ms (next.js: 1.1ms, proxy.ts: 1.8ms, application-code: 38ms)
 GET /login 200 in 60ms (next.js: 1.2ms, proxy.ts: 2ms, application-code: 57ms)
 GET /login 200 in 43ms (next.js: 1.4ms, proxy.ts: 2ms, application-code: 39ms)
 GET /login 200 in 47ms (next.js: 1.5ms, proxy.ts: 2ms, application-code: 44ms)
 GET /login 200 in 50ms (next.js: 1.8ms, proxy.ts: 3ms, application-code: 45ms)
 GET /login 200 in 41ms (next.js: 1.2ms, proxy.ts: 2ms, application-code: 38ms)
 GET /login 200 in 56ms (next.js: 1.5ms, proxy.ts: 2.0ms, application-code: 53ms)
 GET /login 200 in 41ms (next.js: 1.2ms, proxy.ts: 1.8ms, application-code: 38ms)
 GET /login 200 in 47ms (next.js: 3ms, proxy.ts: 3ms, application-code: 41ms)
 GET /login 200 in 43ms (next.js: 3ms, proxy.ts: 1.8ms, application-code: 37ms)
 GET /login 200 in 38ms (next.js: 1.0ms, proxy.ts: 1.6ms, application-code: 35ms)
 GET /login 200 in 43ms (next.js: 1.3ms, proxy.ts: 1.7ms, application-code: 40ms)
 GET /login 200 in 42ms (next.js: 1.5ms, proxy.ts: 2ms, application-code: 39ms)
 GET /login 200 in 39ms (next.js: 1.2ms, proxy.ts: 1.9ms, application-code: 35ms)
 GET /login 200 in 49ms (next.js: 1.7ms, proxy.ts: 2.0ms, application-code: 46ms)
 GET /login 200 in 50ms (next.js: 1.4ms, proxy.ts: 3ms, application-code: 46ms)
 GET /login 200 in 45ms (next.js: 2ms, proxy.ts: 3ms, application-code: 41ms)
 GET /login 200 in 41ms (next.js: 1.4ms, proxy.ts: 2.0ms, application-code: 38ms)
 GET /login 200 in 46ms (next.js: 2ms, proxy.ts: 2ms, application-code: 41ms)
 GET /login 200 in 40ms (next.js: 1.2ms, proxy.ts: 1.7ms, application-code: 37ms)
 GET /login 200 in 41ms (next.js: 1.1ms, proxy.ts: 1.8ms, application-code: 38ms)
 GET /login 200 in 39ms (next.js: 1.4ms, proxy.ts: 1.6ms, application-code: 36ms)
 GET /login 200 in 39ms (next.js: 1.0ms, proxy.ts: 1.5ms, application-code: 37ms)
 GET /login 200 in 46ms (next.js: 1.4ms, proxy.ts: 3ms, application-code: 42ms)
 GET /login 200 in 38ms (next.js: 1.2ms, proxy.ts: 2.0ms, application-code: 35ms)
 GET /login 200 in 41ms (next.js: 1.2ms, proxy.ts: 1.7ms, application-code: 39ms)
 GET /login 200 in 44ms (next.js: 1.2ms, proxy.ts: 1.9ms, application-code: 41ms)
 GET /login 200 in 36ms (next.js: 1.0ms, proxy.ts: 1.7ms, application-code: 33ms)
 GET /login 200 in 63ms (next.js: 1.1ms, proxy.ts: 1.8ms, application-code: 60ms)
 GET /login 200 in 38ms (next.js: 1.2ms, proxy.ts: 1.9ms, application-code: 35ms)
 GET /login 200 in 38ms (next.js: 1.1ms, proxy.ts: 2ms, application-code: 35ms)
 GET /login 200 in 38ms (next.js: 1.2ms, proxy.ts: 1.9ms, application-code: 35ms)
 GET /login 200 in 39ms (next.js: 1.1ms, proxy.ts: 1.7ms, application-code: 37ms)
 GET /login 200 in 49ms (next.js: 1.6ms, proxy.ts: 2ms, application-code: 45ms)
 GET /login 200 in 55ms (next.js: 3ms, proxy.ts: 4ms, application-code: 49ms)
 GET /login 200 in 41ms (next.js: 1.4ms, proxy.ts: 2ms, application-code: 37ms)
 GET /login 200 in 44ms (next.js: 1.3ms, proxy.ts: 1.8ms, application-code: 41ms)
 GET /login 200 in 43ms (next.js: 1.2ms, proxy.ts: 1.8ms, application-code: 41ms)
 GET /login 200 in 46ms (next.js: 1.6ms, proxy.ts: 4ms, application-code: 40ms)
 GET /login 200 in 44ms (next.js: 1.5ms, proxy.ts: 2ms, application-code: 40ms)
 GET /login 200 in 45ms (next.js: 1.2ms, proxy.ts: 1.9ms, application-code: 42ms)
 GET /login 200 in 39ms (next.js: 1.1ms, proxy.ts: 1.8ms, application-code: 36ms)
 GET /login 200 in 41ms (next.js: 1.0ms, proxy.ts: 1.6ms, application-code: 38ms)
 GET /login 200 in 39ms (next.js: 1.1ms, proxy.ts: 1.8ms, application-code: 36ms)
 GET /login 200 in 61ms (next.js: 1.1ms, proxy.ts: 1.8ms, application-code: 59ms)
 GET /login 200 in 42ms (next.js: 1.2ms, proxy.ts: 1.7ms, application-code: 39ms)
 GET /login 200 in 41ms (next.js: 1.1ms, proxy.ts: 1.8ms, application-code: 38ms)
 GET /login 200 in 39ms (next.js: 1.2ms, proxy.ts: 1.8ms, application-code: 36ms)
 GET /login 200 in 38ms (next.js: 1.3ms, proxy.ts: 1.9ms, application-code: 35ms)
 GET /login 200 in 46ms (next.js: 1.1ms, proxy.ts: 1.7ms, application-code: 43ms)
 GET /login 200 in 40ms (next.js: 1.1ms, proxy.ts: 1.8ms, application-code: 37ms)
 GET /login 200 in 40ms (next.js: 1.1ms, proxy.ts: 2ms, application-code: 36ms)
 GET /login 200 in 58ms (next.js: 1.5ms, proxy.ts: 16ms, application-code: 40ms)
 GET /login 200 in 42ms (next.js: 1.7ms, proxy.ts: 3ms, application-code: 37ms)
 GET /login 200 in 49ms (next.js: 1.3ms, proxy.ts: 1.9ms, application-code: 45ms)
 GET /login 200 in 53ms (next.js: 1.5ms, proxy.ts: 2ms, application-code: 49ms)
 GET /login 200 in 52ms (next.js: 1.6ms, proxy.ts: 1.9ms, application-code: 48ms)
 GET /login 200 in 45ms (next.js: 1.4ms, proxy.ts: 2.0ms, application-code: 42ms)
 GET /login 200 in 42ms (next.js: 1.8ms, proxy.ts: 1.8ms, application-code: 38ms)
 GET /login 200 in 40ms (next.js: 1.3ms, proxy.ts: 2.0ms, application-code: 37ms)
 GET /login 200 in 45ms (next.js: 1.1ms, proxy.ts: 1.7ms, application-code: 42ms)
 GET /login 200 in 40ms (next.js: 1.0ms, proxy.ts: 1.7ms, application-code: 38ms)
 GET /login 200 in 38ms (next.js: 1.1ms, proxy.ts: 1.6ms, application-code: 35ms)
 GET /login 200 in 43ms (next.js: 1.1ms, proxy.ts: 1.8ms, application-code: 40ms)
 GET /login 200 in 46ms (next.js: 1.7ms, proxy.ts: 4ms, application-code: 40ms)
 GET /login 200 in 41ms (next.js: 1.2ms, proxy.ts: 2ms, application-code: 37ms)
 GET /login 200 in 40ms (next.js: 1.2ms, proxy.ts: 2ms, application-code: 37ms)
 GET /login 200 in 43ms (next.js: 1.1ms, proxy.ts: 1.8ms, application-code: 40ms)
 GET /login 200 in 41ms (next.js: 1.2ms, proxy.ts: 1.7ms, application-code: 38ms)
 GET /login 200 in 40ms (next.js: 1.4ms, proxy.ts: 1.8ms, application-code: 37ms)
 GET /login 200 in 43ms (next.js: 1.6ms, proxy.ts: 3ms, application-code: 39ms)
 GET /login 200 in 53ms (next.js: 2.0ms, proxy.ts: 1.6ms, application-code: 49ms)
 GET /login 200 in 47ms (next.js: 1.4ms, proxy.ts: 1.9ms, application-code: 44ms)
 GET /login 200 in 43ms (next.js: 1.4ms, proxy.ts: 2ms, application-code: 39ms)
 GET /login 200 in 41ms (next.js: 1.2ms, proxy.ts: 1.8ms, application-code: 38ms)
 GET /login 200 in 42ms (next.js: 1.1ms, proxy.ts: 3ms, application-code: 38ms)
 GET /login 200 in 46ms (next.js: 1.1ms, proxy.ts: 1.7ms, application-code: 44ms)
 GET /login 200 in 57ms (next.js: 1.2ms, proxy.ts: 1.8ms, application-code: 54ms)
 GET /login 200 in 40ms (next.js: 1.4ms, proxy.ts: 2ms, application-code: 37ms)
 GET /login 200 in 46ms (next.js: 1.5ms, proxy.ts: 3ms, application-code: 42ms)
 GET /login 200 in 45ms (next.js: 1.2ms, proxy.ts: 1.8ms, application-code: 42ms)
 GET /login 200 in 41ms (next.js: 1.2ms, proxy.ts: 1.8ms, application-code: 38ms)
 GET /login 200 in 40ms (next.js: 1.2ms, proxy.ts: 1.8ms, application-code: 37ms)
 GET /login 200 in 41ms (next.js: 1.1ms, proxy.ts: 1.9ms, application-code: 38ms)
 GET /login 200 in 42ms (next.js: 1.3ms, proxy.ts: 1.7ms, application-code: 39ms)
 GET /login 200 in 39ms (next.js: 1.2ms, proxy.ts: 1.8ms, application-code: 36ms)
 GET /login 200 in 58ms (next.js: 1.5ms, proxy.ts: 1.8ms, application-code: 55ms)
 GET /login 200 in 45ms (next.js: 1.5ms, proxy.ts: 2ms, application-code: 41ms)
 GET /login 200 in 39ms (next.js: 1.2ms, proxy.ts: 3ms, application-code: 35ms)
 GET /login 200 in 63ms (next.js: 2ms, proxy.ts: 3ms, application-code: 58ms)
 GET /login 200 in 41ms (next.js: 1.3ms, proxy.ts: 2ms, application-code: 37ms)
 GET /login 200 in 42ms (next.js: 1.5ms, proxy.ts: 2ms, application-code: 38ms)
 GET /login 200 in 40ms (next.js: 1.2ms, proxy.ts: 1.6ms, application-code: 37ms)
 GET /login 200 in 61ms (next.js: 5ms, proxy.ts: 4ms, application-code: 51ms)
 GET /login 200 in 41ms (next.js: 1.0ms, proxy.ts: 1.5ms, application-code: 38ms)
 GET /login 200 in 41ms (next.js: 1.3ms, proxy.ts: 1.8ms, application-code: 38ms)
 GET /login 200 in 38ms (next.js: 1.1ms, proxy.ts: 1.7ms, application-code: 35ms)
 GET /login 200 in 40ms (next.js: 1.2ms, proxy.ts: 1.9ms, application-code: 37ms)
 GET /login 200 in 41ms (next.js: 1.1ms, proxy.ts: 1.6ms, application-code: 38ms)
 GET /login 200 in 38ms (next.js: 1.2ms, proxy.ts: 1.6ms, application-code: 35ms)
 GET /login 200 in 39ms (next.js: 1.2ms, proxy.ts: 2.0ms, application-code: 36ms)
 GET /login 200 in 51ms (next.js: 1.2ms, proxy.ts: 2.0ms, application-code: 47ms)
 GET /login 200 in 38ms (next.js: 1.1ms, proxy.ts: 1.9ms, application-code: 35ms)
 GET /login 200 in 58ms (next.js: 1.2ms, proxy.ts: 1.8ms, application-code: 55ms)
 GET /login 200 in 39ms (next.js: 1.2ms, proxy.ts: 1.8ms, application-code: 36ms)
 GET /login 200 in 39ms (next.js: 1.4ms, proxy.ts: 2ms, application-code: 36ms)
 GET /login 200 in 44ms (next.js: 1.2ms, proxy.ts: 1.7ms, application-code: 41ms)
 GET /login 200 in 39ms (next.js: 1.1ms, proxy.ts: 1.7ms, application-code: 37ms)
 GET /login 200 in 39ms (next.js: 1.0ms, proxy.ts: 2ms, application-code: 35ms)
 GET /login 200 in 41ms (next.js: 1.8ms, proxy.ts: 1.5ms, application-code: 38ms)
 GET /login 200 in 37ms (next.js: 1.1ms, proxy.ts: 1.9ms, application-code: 34ms)
 GET /login 200 in 38ms (next.js: 1.1ms, proxy.ts: 1.6ms, application-code: 35ms)
 GET /login 200 in 44ms (next.js: 1.2ms, proxy.ts: 2ms, application-code: 41ms)
 GET /login 200 in 44ms (next.js: 1.3ms, proxy.ts: 1.9ms, application-code: 40ms)
 GET /login 200 in 50ms (next.js: 2.0ms, proxy.ts: 4ms, application-code: 43ms)
 GET /login 200 in 45ms (next.js: 1.1ms, proxy.ts: 10ms, application-code: 35ms)
 GET /login 200 in 38ms (next.js: 1.4ms, proxy.ts: 1.9ms, application-code: 35ms)
 GET /login 200 in 45ms (next.js: 1.4ms, proxy.ts: 2ms, application-code: 42ms)
 GET /login 200 in 39ms (next.js: 1.2ms, proxy.ts: 1.8ms, application-code: 36ms)
 GET /login 200 in 59ms (next.js: 4ms, proxy.ts: 4ms, application-code: 51ms)
 GET /login 200 in 45ms (next.js: 1.2ms, proxy.ts: 2.0ms, application-code: 42ms)
 GET /login 200 in 38ms (next.js: 1.2ms, proxy.ts: 1.8ms, application-code: 35ms)
 GET /login 200 in 37ms (next.js: 1.2ms, proxy.ts: 1.8ms, application-code: 34ms)
 GET /login 200 in 48ms (next.js: 2ms, proxy.ts: 1.9ms, application-code: 43ms)
 GET /login 200 in 44ms (next.js: 1.2ms, proxy.ts: 1.8ms, application-code: 41ms)
 GET /login 200 in 39ms (next.js: 1.1ms, proxy.ts: 2ms, application-code: 36ms)
 GET /login 200 in 44ms (next.js: 1.9ms, proxy.ts: 3ms, application-code: 39ms)
 GET /login 200 in 40ms (next.js: 1.2ms, proxy.ts: 1.8ms, application-code: 37ms)
 GET /login 200 in 41ms (next.js: 1.3ms, proxy.ts: 1.9ms, application-code: 37ms)
 GET /login 200 in 44ms (next.js: 1.1ms, proxy.ts: 1.8ms, application-code: 41ms)
 GET /login 200 in 38ms (next.js: 1.2ms, proxy.ts: 1.7ms, application-code: 35ms)
 GET /login 200 in 41ms (next.js: 1.1ms, proxy.ts: 1.8ms, application-code: 38ms)
 GET /login 200 in 47ms (next.js: 3ms, proxy.ts: 4ms, application-code: 41ms)
 GET /login 200 in 44ms (next.js: 1.2ms, proxy.ts: 1.8ms, application-code: 41ms)
 GET /login 200 in 49ms (next.js: 3ms, proxy.ts: 5ms, application-code: 42ms)
 GET /login 200 in 38ms (next.js: 1.1ms, proxy.ts: 2ms, application-code: 35ms)
 GET /login 200 in 40ms (next.js: 1.0ms, proxy.ts: 1.9ms, application-code: 37ms)
 GET /login 200 in 42ms (next.js: 1.5ms, proxy.ts: 2ms, application-code: 39ms)
 GET /login 200 in 41ms (next.js: 1.3ms, proxy.ts: 2ms, application-code: 37ms)
 GET /login 200 in 43ms (next.js: 1.3ms, proxy.ts: 1.8ms, application-code: 40ms)
 GET /login 200 in 38ms (next.js: 1.4ms, proxy.ts: 1.9ms, application-code: 34ms)
 GET /login 200 in 38ms (next.js: 1.6ms, proxy.ts: 2ms, application-code: 34ms)
 GET /login 200 in 45ms (next.js: 1.5ms, proxy.ts: 3ms, application-code: 41ms)
 GET /login 200 in 38ms (next.js: 1.1ms, proxy.ts: 1.8ms, application-code: 35ms)
 GET /login 200 in 43ms (next.js: 1.2ms, proxy.ts: 1.7ms, application-code: 40ms)
 GET /login 200 in 40ms (next.js: 1.1ms, proxy.ts: 1.7ms, application-code: 37ms)
 GET /login 200 in 41ms (next.js: 1.2ms, proxy.ts: 1.8ms, application-code: 38ms)
 GET /login 200 in 40ms (next.js: 1.5ms, proxy.ts: 1.7ms, application-code: 36ms)
 GET /login 200 in 41ms (next.js: 1.1ms, proxy.ts: 1.9ms, application-code: 38ms)
 GET /login 200 in 39ms (next.js: 1.1ms, proxy.ts: 1.7ms, application-code: 37ms)
 GET /login 200 in 40ms (next.js: 1.1ms, proxy.ts: 1.8ms, application-code: 37ms)
 GET /login 200 in 41ms (next.js: 1.2ms, proxy.ts: 1.9ms, application-code: 37ms)
 GET /login 200 in 40ms (next.js: 1.2ms, proxy.ts: 2ms, application-code: 36ms)
 GET /login 200 in 48ms (next.js: 1.0ms, proxy.ts: 1.6ms, application-code: 45ms)
 GET /login 200 in 40ms (next.js: 1.3ms, proxy.ts: 2ms, application-code: 37ms)
 GET /login 200 in 40ms (next.js: 1.1ms, proxy.ts: 1.9ms, application-code: 37ms)
 GET /login 200 in 47ms (next.js: 1.5ms, proxy.ts: 2.0ms, application-code: 43ms)
 GET /login 200 in 39ms (next.js: 1.1ms, proxy.ts: 1.6ms, application-code: 37ms)
 GET /login 200 in 40ms (next.js: 1.1ms, proxy.ts: 1.8ms, application-code: 37ms)
 GET /login 200 in 41ms (next.js: 1.3ms, proxy.ts: 2ms, application-code: 38ms)
 GET /login 200 in 39ms (next.js: 1.3ms, proxy.ts: 1.8ms, application-code: 36ms)
 GET /login 200 in 39ms (next.js: 1.2ms, proxy.ts: 2ms, application-code: 36ms)
 GET /login 200 in 43ms (next.js: 1.3ms, proxy.ts: 1.8ms, application-code: 40ms)
 GET /login 200 in 61ms (next.js: 4ms, proxy.ts: 5ms, application-code: 52ms)
 GET /login 200 in 40ms (next.js: 1.6ms, proxy.ts: 2.0ms, application-code: 36ms)
 GET /login 200 in 41ms (next.js: 1.3ms, proxy.ts: 2ms, application-code: 38ms)
 GET /login 200 in 42ms (next.js: 1.4ms, proxy.ts: 2ms, application-code: 38ms)
 GET /login 200 in 47ms (next.js: 1.1ms, proxy.ts: 1.8ms, application-code: 44ms)
 GET /login 200 in 40ms (next.js: 1.2ms, proxy.ts: 1.8ms, application-code: 37ms)
 GET /login 200 in 55ms (next.js: 2ms, proxy.ts: 1.8ms, application-code: 51ms)
 GET /login 200 in 38ms (next.js: 1.3ms, proxy.ts: 2.0ms, application-code: 35ms)
 GET /login 200 in 41ms (next.js: 1.2ms, proxy.ts: 1.9ms, application-code: 38ms)
 GET /login 200 in 40ms (next.js: 1.1ms, proxy.ts: 1.8ms, application-code: 37ms)
 GET /login 200 in 40ms (next.js: 1.1ms, proxy.ts: 2ms, application-code: 37ms)
 GET /login 200 in 50ms (next.js: 1.2ms, proxy.ts: 1.8ms, application-code: 47ms)
 GET /login 200 in 38ms (next.js: 1.1ms, proxy.ts: 1.7ms, application-code: 35ms)
 GET /login 200 in 41ms (next.js: 1.1ms, proxy.ts: 1.8ms, application-code: 38ms)
 GET /login 200 in 40ms (next.js: 1.0ms, proxy.ts: 1.6ms, application-code: 37ms)
 GET /login 200 in 36ms (next.js: 1.0ms, proxy.ts: 1.9ms, application-code: 33ms)
 GET /login 200 in 51ms (next.js: 1.6ms, proxy.ts: 1.8ms, application-code: 47ms)
 GET /login 200 in 38ms (next.js: 1.2ms, proxy.ts: 2.0ms, application-code: 35ms)
 GET /login 200 in 51ms (next.js: 1.3ms, proxy.ts: 1.8ms, application-code: 48ms)
 GET /login 200 in 40ms (next.js: 1.1ms, proxy.ts: 1.7ms, application-code: 37ms)
 GET /login 200 in 43ms (next.js: 1.2ms, proxy.ts: 1.7ms, application-code: 40ms)
 GET /login 200 in 38ms (next.js: 1.0ms, proxy.ts: 1.7ms, application-code: 35ms)
 GET /login 200 in 50ms (next.js: 1.4ms, proxy.ts: 2ms, application-code: 46ms)
 GET /login 200 in 38ms (next.js: 1.2ms, proxy.ts: 1.7ms, application-code: 35ms)
 GET /login 200 in 43ms (next.js: 1.7ms, proxy.ts: 2ms, application-code: 39ms)
 GET /login 200 in 43ms (next.js: 1.2ms, proxy.ts: 2ms, application-code: 39ms)
 GET /login 200 in 37ms (next.js: 1.2ms, proxy.ts: 1.7ms, application-code: 34ms)
 GET /login 200 in 43ms (next.js: 1.1ms, proxy.ts: 2ms, application-code: 39ms)
 GET /login 200 in 41ms (next.js: 1.1ms, proxy.ts: 1.8ms, application-code: 38ms)
 GET /login 200 in 79ms (next.js: 3ms, proxy.ts: 5ms, application-code: 71ms)
 GET /login 200 in 44ms (next.js: 1.1ms, proxy.ts: 1.8ms, application-code: 41ms)
 GET /login 200 in 38ms (next.js: 1.3ms, proxy.ts: 1.7ms, application-code: 35ms)
 GET /login 200 in 39ms (next.js: 1.5ms, proxy.ts: 1.7ms, application-code: 36ms)
 GET /login 200 in 55ms (next.js: 1.2ms, proxy.ts: 1.8ms, application-code: 52ms)
 GET /login 200 in 46ms (next.js: 1.2ms, proxy.ts: 1.9ms, application-code: 43ms)
 GET /login 200 in 37ms (next.js: 1.1ms, proxy.ts: 1.9ms, application-code: 34ms)
 GET /login 200 in 39ms (next.js: 1.2ms, proxy.ts: 1.9ms, application-code: 36ms)
 GET /login 200 in 37ms (next.js: 1.1ms, proxy.ts: 1.8ms, application-code: 34ms)
 GET /login 200 in 37ms (next.js: 1.3ms, proxy.ts: 1.7ms, application-code: 34ms)
 GET /login 200 in 40ms (next.js: 1.0ms, proxy.ts: 1.6ms, application-code: 37ms)
 GET /login 200 in 34ms (next.js: 1.0ms, proxy.ts: 1.5ms, application-code: 31ms)
 GET /login 200 in 57ms (next.js: 1.3ms, proxy.ts: 1.8ms, application-code: 54ms)
 GET /login 200 in 42ms (next.js: 1.4ms, proxy.ts: 1.9ms, application-code: 38ms)
 GET /login 200 in 58ms (next.js: 1.2ms, proxy.ts: 1.9ms, application-code: 55ms)
 GET /login 200 in 39ms (next.js: 1.0ms, proxy.ts: 1.8ms, application-code: 37ms)
 GET /login 200 in 37ms (next.js: 1.0ms, proxy.ts: 1.3ms, application-code: 35ms)
 GET /login 200 in 37ms (next.js: 1.1ms, proxy.ts: 1.8ms, application-code: 34ms)
 GET /login 200 in 42ms (next.js: 1.1ms, proxy.ts: 1.8ms, application-code: 39ms)
 GET /login 200 in 35ms (next.js: 1.1ms, proxy.ts: 1.6ms, application-code: 32ms)
 GET /login 200 in 39ms (next.js: 1.1ms, proxy.ts: 2.0ms, application-code: 36ms)
 GET /login 200 in 43ms (next.js: 1.6ms, proxy.ts: 2ms, application-code: 39ms)
 GET /login 200 in 40ms (next.js: 1.3ms, proxy.ts: 1.9ms, application-code: 37ms)
 GET /login 200 in 51ms (next.js: 1.3ms, proxy.ts: 2ms, application-code: 48ms)
 GET /login 200 in 39ms (next.js: 1.3ms, proxy.ts: 2ms, application-code: 35ms)
 GET /login 200 in 46ms (next.js: 1.4ms, proxy.ts: 1.5ms, application-code: 43ms)
 GET /login 200 in 63ms (next.js: 3ms, proxy.ts: 6ms, application-code: 54ms)
 GET /login 200 in 40ms (next.js: 1.2ms, proxy.ts: 1.9ms, application-code: 37ms)
 GET /login 200 in 42ms (next.js: 1.4ms, proxy.ts: 1.9ms, application-code: 38ms)
 GET /login 200 in 43ms (next.js: 1.6ms, proxy.ts: 3ms, application-code: 39ms)
 GET /login 200 in 42ms (next.js: 1.3ms, proxy.ts: 1.9ms, application-code: 38ms)
 GET /login 200 in 41ms (next.js: 1.5ms, proxy.ts: 1.8ms, application-code: 38ms)
 GET /login 200 in 40ms (next.js: 1.9ms, proxy.ts: 1.7ms, application-code: 37ms)
 GET /login 200 in 39ms (next.js: 1.2ms, proxy.ts: 1.9ms, application-code: 35ms)
 GET /login 200 in 41ms (next.js: 1.5ms, proxy.ts: 2.0ms, application-code: 38ms)
 GET /login 200 in 39ms (next.js: 1.4ms, proxy.ts: 2ms, application-code: 35ms)
 GET /login 200 in 41ms (next.js: 1.3ms, proxy.ts: 1.8ms, application-code: 38ms)
 GET /login 200 in 42ms (next.js: 1.1ms, proxy.ts: 1.8ms, application-code: 39ms)
 GET /login 200 in 38ms (next.js: 1.2ms, proxy.ts: 1.6ms, application-code: 35ms)
 GET /login 200 in 41ms (next.js: 1.2ms, proxy.ts: 2ms, application-code: 38ms)
 GET /login 200 in 46ms (next.js: 1.2ms, proxy.ts: 1.7ms, application-code: 43ms)
 GET /login 200 in 45ms (next.js: 1.2ms, proxy.ts: 4ms, application-code: 40ms)
 GET /login 200 in 68ms (next.js: 1.4ms, proxy.ts: 1.8ms, application-code: 65ms)
 GET /login 200 in 44ms (next.js: 1.2ms, proxy.ts: 1.9ms, application-code: 41ms)
 GET /login 200 in 41ms (next.js: 1.3ms, proxy.ts: 2ms, application-code: 38ms)
 GET /login 200 in 44ms (next.js: 1.2ms, proxy.ts: 1.9ms, application-code: 41ms)
 GET /login 200 in 40ms (next.js: 2.0ms, proxy.ts: 3ms, application-code: 36ms)
 GET /login 200 in 40ms (next.js: 1.3ms, proxy.ts: 2ms, application-code: 36ms)
 GET /login 200 in 50ms (next.js: 1.2ms, proxy.ts: 3ms, application-code: 46ms)
 GET /login 200 in 42ms (next.js: 1.2ms, proxy.ts: 1.9ms, application-code: 38ms)
 GET /login 200 in 41ms (next.js: 1.2ms, proxy.ts: 1.9ms, application-code: 38ms)
 GET /login 200 in 43ms (next.js: 1.1ms, proxy.ts: 1.8ms, application-code: 40ms)
 GET /login 200 in 43ms (next.js: 1.2ms, proxy.ts: 3ms, application-code: 39ms)
 GET /login 200 in 38ms (next.js: 1.0ms, proxy.ts: 1.8ms, application-code: 35ms)
 GET /login 200 in 42ms (next.js: 1.4ms, proxy.ts: 1.9ms, application-code: 39ms)
 GET /login 200 in 48ms (next.js: 1.6ms, proxy.ts: 3ms, application-code: 43ms)
 GET /login 200 in 70ms (next.js: 6ms, proxy.ts: 6ms, application-code: 58ms)
 GET /login 200 in 41ms (next.js: 1.3ms, proxy.ts: 1.8ms, application-code: 38ms)
 GET /login 200 in 50ms (next.js: 1.6ms, proxy.ts: 4ms, application-code: 44ms)
 GET /login 200 in 41ms (next.js: 1.2ms, proxy.ts: 1.8ms, application-code: 38ms)
 GET /login 200 in 41ms (next.js: 1.1ms, proxy.ts: 1.6ms, application-code: 39ms)
 GET /login 200 in 52ms (next.js: 2ms, proxy.ts: 3ms, application-code: 46ms)
 GET /login 200 in 57ms (next.js: 1.4ms, proxy.ts: 1.9ms, application-code: 54ms)
 GET /login 200 in 74ms (next.js: 1.3ms, proxy.ts: 3ms, application-code: 70ms)
 GET /login 200 in 37ms (next.js: 1.0ms, proxy.ts: 1.8ms, application-code: 34ms)
 GET /login 200 in 100ms (next.js: 7ms, proxy.ts: 11ms, application-code: 83ms)
 GET /login 200 in 101ms (next.js: 1.2ms, proxy.ts: 1.6ms, application-code: 99ms)
 GET /login 200 in 44ms (next.js: 1.4ms, proxy.ts: 1.8ms, application-code: 41ms)
 GET /login 200 in 79ms (next.js: 1.2ms, proxy.ts: 1.5ms, application-code: 76ms)
 GET /login 200 in 57ms (next.js: 1.1ms, proxy.ts: 3ms, application-code: 53ms)
 GET /login 200 in 46ms (next.js: 1.5ms, proxy.ts: 3ms, application-code: 42ms)
 GET /login 200 in 115ms (next.js: 4ms, proxy.ts: 3ms, application-code: 107ms)
 GET /login 200 in 64ms (next.js: 1.9ms, proxy.ts: 1.8ms, application-code: 60ms)
 GET /login 200 in 68ms (next.js: 1.2ms, proxy.ts: 2ms, application-code: 64ms)
 GET /login 200 in 46ms (next.js: 1.5ms, proxy.ts: 4ms, application-code: 40ms)
 GET /login 200 in 43ms (next.js: 1.3ms, proxy.ts: 6ms, application-code: 36ms)
 GET /login 200 in 38ms (next.js: 1.1ms, proxy.ts: 1.8ms, application-code: 35ms)
 GET /login 200 in 56ms (next.js: 1.4ms, proxy.ts: 2ms, application-code: 53ms)
 GET /login 200 in 63ms (next.js: 1.9ms, proxy.ts: 3ms, application-code: 58ms)
 GET /login 200 in 95ms (next.js: 3ms, proxy.ts: 2ms, application-code: 90ms)
 GET /login 200 in 54ms (next.js: 1.6ms, proxy.ts: 3ms, application-code: 49ms)
 GET /login 200 in 46ms (next.js: 1.6ms, proxy.ts: 1.8ms, application-code: 43ms)
 GET /login 200 in 62ms (next.js: 12ms, proxy.ts: 2ms, application-code: 48ms)
 GET /login 200 in 42ms (next.js: 1.3ms, proxy.ts: 1.8ms, application-code: 38ms)
 GET /login 200 in 45ms (next.js: 1.1ms, proxy.ts: 2ms, application-code: 42ms)
 GET /login 200 in 48ms (next.js: 1.5ms, proxy.ts: 2.0ms, application-code: 45ms)
 GET /login 200 in 43ms (next.js: 1.3ms, proxy.ts: 1.8ms, application-code: 40ms)
 GET /login 200 in 41ms (next.js: 1.2ms, proxy.ts: 1.7ms, application-code: 38ms)
 GET /login 200 in 41ms (next.js: 1.3ms, proxy.ts: 1.7ms, application-code: 38ms)
 GET /login 200 in 45ms (next.js: 5ms, proxy.ts: 4ms, application-code: 36ms)
 GET /login 200 in 56ms (next.js: 1.7ms, proxy.ts: 4ms, application-code: 49ms)
 GET /login 200 in 42ms (next.js: 0.9ms, proxy.ts: 1.3ms, application-code: 40ms)
 GET /login 200 in 41ms (next.js: 1.6ms, proxy.ts: 1.7ms, application-code: 37ms)
 GET /login 200 in 44ms (next.js: 1.2ms, proxy.ts: 1.8ms, application-code: 41ms)
 GET /login 200 in 37ms (next.js: 1.5ms, proxy.ts: 1.5ms, application-code: 34ms)
 GET /login 200 in 39ms (next.js: 1.3ms, proxy.ts: 1.7ms, application-code: 36ms)
 GET /login 200 in 47ms (next.js: 1.3ms, proxy.ts: 1.9ms, application-code: 44ms)
 GET /login 200 in 39ms (next.js: 1.1ms, proxy.ts: 1.9ms, application-code: 36ms)
 GET /login 200 in 45ms (next.js: 3ms, proxy.ts: 5ms, application-code: 38ms)
 GET /login 200 in 64ms (next.js: 1.7ms, proxy.ts: 2ms, application-code: 60ms)
 GET /login 200 in 37ms (next.js: 1.2ms, proxy.ts: 1.5ms, application-code: 34ms)
 GET /login 200 in 62ms (next.js: 1.1ms, proxy.ts: 2ms, application-code: 59ms)
 GET /login 200 in 44ms (next.js: 1.5ms, proxy.ts: 1.7ms, application-code: 41ms)
 GET /login 200 in 40ms (next.js: 1.1ms, proxy.ts: 1.7ms, application-code: 37ms)
 GET /login 200 in 36ms (next.js: 1.0ms, proxy.ts: 1.7ms, application-code: 33ms)
 GET /login 200 in 40ms (next.js: 1.2ms, proxy.ts: 1.8ms, application-code: 37ms)
 GET /login 200 in 39ms (next.js: 1.4ms, proxy.ts: 2.0ms, application-code: 35ms)
 GET /login 200 in 37ms (next.js: 1.1ms, proxy.ts: 2ms, application-code: 34ms)
 GET /login 200 in 45ms (next.js: 1.2ms, proxy.ts: 1.8ms, application-code: 42ms)
 GET /login 200 in 38ms (next.js: 1.1ms, proxy.ts: 1.7ms, application-code: 36ms)
 GET /login 200 in 44ms (next.js: 1.7ms, proxy.ts: 3ms, application-code: 40ms)
 GET /login 200 in 42ms (next.js: 1.1ms, proxy.ts: 1.8ms, application-code: 39ms)
 GET /login 200 in 39ms (next.js: 1.1ms, proxy.ts: 1.7ms, application-code: 36ms)
 GET /login 200 in 41ms (next.js: 1.2ms, proxy.ts: 2ms, application-code: 38ms)
 GET /login 200 in 36ms (next.js: 1.1ms, proxy.ts: 1.7ms, application-code: 33ms)
 GET /login 200 in 62ms (next.js: 3ms, proxy.ts: 5ms, application-code: 53ms)
 GET /login 200 in 44ms (next.js: 1.3ms, proxy.ts: 1.8ms, application-code: 41ms)
 GET /login 200 in 40ms (next.js: 1.0ms, proxy.ts: 1.7ms, application-code: 37ms)
 GET /login 200 in 43ms (next.js: 1.2ms, proxy.ts: 1.8ms, application-code: 40ms)
 GET /login 200 in 43ms (next.js: 1.5ms, proxy.ts: 4ms, application-code: 37ms)
 GET /login 200 in 44ms (next.js: 1.2ms, proxy.ts: 1.8ms, application-code: 41ms)
 GET /login 200 in 39ms (next.js: 1.2ms, proxy.ts: 1.8ms, application-code: 36ms)
 GET /login 200 in 42ms (next.js: 3ms, proxy.ts: 2ms, application-code: 37ms)
 GET /login 200 in 68ms (next.js: 1.2ms, proxy.ts: 1.8ms, application-code: 65ms)
 GET /login 200 in 47ms (next.js: 2ms, proxy.ts: 8ms, application-code: 37ms)
 GET /login 200 in 44ms (next.js: 1.3ms, proxy.ts: 2ms, application-code: 40ms)
 GET /login 200 in 39ms (next.js: 1.1ms, proxy.ts: 1.7ms, application-code: 36ms)
 GET /login 200 in 41ms (next.js: 2ms, proxy.ts: 1.7ms, application-code: 37ms)
 GET /login 200 in 40ms (next.js: 1.1ms, proxy.ts: 1.7ms, application-code: 37ms)
 GET /login 200 in 59ms (next.js: 3ms, proxy.ts: 6ms, application-code: 50ms)
 GET /login 200 in 38ms (next.js: 1.1ms, proxy.ts: 1.8ms, application-code: 35ms)
 GET /login 200 in 43ms (next.js: 1.1ms, proxy.ts: 2ms, application-code: 39ms)
 GET /login 200 in 42ms (next.js: 1.7ms, proxy.ts: 2.0ms, application-code: 38ms)
 GET /login 200 in 40ms (next.js: 1.2ms, proxy.ts: 1.8ms, application-code: 37ms)
 GET /login 200 in 41ms (next.js: 2ms, proxy.ts: 1.9ms, application-code: 37ms)
 GET /login 200 in 37ms (next.js: 1.0ms, proxy.ts: 1.5ms, application-code: 34ms)
 GET /login 200 in 43ms (next.js: 1.3ms, proxy.ts: 2ms, application-code: 39ms)
 GET /login 200 in 53ms (next.js: 0.9ms, proxy.ts: 1.8ms, application-code: 50ms)
 GET /login 200 in 45ms (next.js: 1.4ms, proxy.ts: 2ms, application-code: 41ms)
 GET /login 200 in 40ms (next.js: 1.1ms, proxy.ts: 2ms, application-code: 37ms)
 GET /login 200 in 41ms (next.js: 1.2ms, proxy.ts: 1.6ms, application-code: 38ms)
 GET /login 200 in 40ms (next.js: 1.7ms, proxy.ts: 3ms, application-code: 35ms)
 GET /login 200 in 37ms (next.js: 0.9ms, proxy.ts: 1.6ms, application-code: 35ms)
 GET /login 200 in 65ms (next.js: 1.1ms, proxy.ts: 1.8ms, application-code: 62ms)
 GET /login 200 in 42ms (next.js: 1.4ms, proxy.ts: 2ms, application-code: 39ms)
 GET /login 200 in 79ms (next.js: 1.4ms, proxy.ts: 2ms, application-code: 75ms)
 GET /login 200 in 39ms (next.js: 1.1ms, proxy.ts: 1.7ms, application-code: 36ms)
 GET /login 200 in 48ms (next.js: 1.1ms, proxy.ts: 1.7ms, application-code: 45ms)
 GET /login 200 in 46ms (next.js: 1.8ms, proxy.ts: 2ms, application-code: 42ms)
 GET /login 200 in 42ms (next.js: 1.6ms, proxy.ts: 1.9ms, application-code: 38ms)
 GET /login 200 in 200ms (next.js: 1.4ms, proxy.ts: 1.6ms, application-code: 197ms)
 GET /login 200 in 59ms (next.js: 1.9ms, proxy.ts: 2ms, application-code: 54ms)
 GET /login 200 in 45ms (next.js: 1.5ms, proxy.ts: 1.9ms, application-code: 42ms)
 GET /login 200 in 41ms (next.js: 1.1ms, proxy.ts: 4ms, application-code: 36ms)
 GET /login 200 in 48ms (next.js: 1.3ms, proxy.ts: 2.0ms, application-code: 45ms)
 GET /login 200 in 40ms (next.js: 1.4ms, proxy.ts: 4ms, application-code: 34ms)
 GET /login 200 in 43ms (next.js: 1.6ms, proxy.ts: 2ms, application-code: 39ms)
 GET /login 200 in 44ms (next.js: 1.4ms, proxy.ts: 1.9ms, application-code: 41ms)
 GET /login 200 in 41ms (next.js: 1.1ms, proxy.ts: 1.8ms, application-code: 38ms)
 GET /login 200 in 42ms (next.js: 1.2ms, proxy.ts: 1.8ms, application-code: 39ms)
 GET /login 200 in 39ms (next.js: 1.2ms, proxy.ts: 1.7ms, application-code: 36ms)
 GET /login 200 in 38ms (next.js: 1.1ms, proxy.ts: 1.7ms, application-code: 35ms)
 GET /login 200 in 42ms (next.js: 1.1ms, proxy.ts: 1.6ms, application-code: 39ms)
 GET /login 200 in 44ms (next.js: 1.1ms, proxy.ts: 1.7ms, application-code: 41ms)
 GET /login 200 in 49ms (next.js: 1.6ms, proxy.ts: 2ms, application-code: 45ms)
 GET /login 200 in 40ms (next.js: 1.1ms, proxy.ts: 2ms, application-code: 37ms)
 GET /login 200 in 44ms (next.js: 1.5ms, proxy.ts: 2ms, application-code: 40ms)
 GET /login 200 in 44ms (next.js: 1.6ms, proxy.ts: 1.7ms, application-code: 40ms)
 GET /login 200 in 42ms (next.js: 1.7ms, proxy.ts: 2ms, application-code: 38ms)
 GET /login 200 in 50ms (next.js: 2ms, proxy.ts: 6ms, application-code: 42ms)
 GET /login 200 in 43ms (next.js: 1.2ms, proxy.ts: 1.9ms, application-code: 40ms)
 GET /login 200 in 39ms (next.js: 1.2ms, proxy.ts: 2ms, application-code: 36ms)
 GET /login 200 in 38ms (next.js: 1.1ms, proxy.ts: 1.7ms, application-code: 36ms)
 GET /login 200 in 46ms (next.js: 1.4ms, proxy.ts: 1.8ms, application-code: 43ms)
 GET /login 200 in 39ms (next.js: 1.2ms, proxy.ts: 2.0ms, application-code: 36ms)
 GET /login 200 in 45ms (next.js: 1.4ms, proxy.ts: 1.7ms, application-code: 42ms)
 GET /login 200 in 38ms (next.js: 1.2ms, proxy.ts: 1.7ms, application-code: 35ms)
 GET /login 200 in 39ms (next.js: 1.4ms, proxy.ts: 2ms, application-code: 36ms)
 GET /login 200 in 36ms (next.js: 0.9ms, proxy.ts: 1.3ms, application-code: 34ms)
 GET /login 200 in 39ms (next.js: 1.6ms, proxy.ts: 2ms, application-code: 35ms)
 GET /login 200 in 39ms (next.js: 1.5ms, proxy.ts: 1.7ms, application-code: 35ms)
 GET /login 200 in 45ms (next.js: 1.6ms, proxy.ts: 2.0ms, application-code: 42ms)
 GET /login 200 in 63ms (next.js: 1.4ms, proxy.ts: 1.8ms, application-code: 60ms)
 GET /login 200 in 37ms (next.js: 1.2ms, proxy.ts: 2ms, application-code: 34ms)
 GET /login 200 in 59ms (next.js: 1.0ms, proxy.ts: 1.5ms, application-code: 57ms)
 GET /login 200 in 33ms (next.js: 1.2ms, proxy.ts: 1.8ms, application-code: 30ms)
 GET /login 200 in 44ms (next.js: 2.0ms, proxy.ts: 3ms, application-code: 40ms)
 GET /login 200 in 41ms (next.js: 1.1ms, proxy.ts: 2ms, application-code: 38ms)
 GET /login 200 in 37ms (next.js: 1.2ms, proxy.ts: 1.9ms, application-code: 34ms)
 GET /login 200 in 39ms (next.js: 1.2ms, proxy.ts: 2ms, application-code: 36ms)
 GET /login 200 in 43ms (next.js: 1.0ms, proxy.ts: 1.5ms, application-code: 41ms)
 GET /login 200 in 37ms (next.js: 1.0ms, proxy.ts: 1.7ms, application-code: 34ms)
 GET /login 200 in 38ms (next.js: 1.5ms, proxy.ts: 1.8ms, application-code: 35ms)
 GET /login 200 in 104ms (next.js: 8ms, proxy.ts: 5ms, application-code: 90ms)
 GET /login 200 in 45ms (next.js: 1.8ms, proxy.ts: 2ms, application-code: 41ms)
 GET /login 200 in 84ms (next.js: 1.7ms, proxy.ts: 1.8ms, application-code: 80ms)
 GET /login 200 in 41ms (next.js: 1.8ms, proxy.ts: 1.8ms, application-code: 37ms)
 GET /login 200 in 40ms (next.js: 2.0ms, proxy.ts: 2ms, application-code: 35ms)
 GET /login 200 in 67ms (next.js: 1.1ms, proxy.ts: 1.8ms, application-code: 64ms)
 GET /login 200 in 42ms (next.js: 1.2ms, proxy.ts: 1.8ms, application-code: 39ms)
 GET /login 200 in 37ms (next.js: 1.2ms, proxy.ts: 1.7ms, application-code: 34ms)
 GET /login 200 in 39ms (next.js: 1.1ms, proxy.ts: 1.8ms, application-code: 36ms)
 GET /login 200 in 39ms (next.js: 1.2ms, proxy.ts: 1.7ms, application-code: 36ms)
 GET /login 200 in 40ms (next.js: 1.1ms, proxy.ts: 1.8ms, application-code: 37ms)
 GET /login 200 in 41ms (next.js: 1.2ms, proxy.ts: 1.7ms, application-code: 38ms)
 GET /login 200 in 40ms (next.js: 1.1ms, proxy.ts: 1.7ms, application-code: 38ms)
 GET /login 200 in 62ms (next.js: 3ms, proxy.ts: 4ms, application-code: 55ms)
 GET /login 200 in 41ms (next.js: 1.4ms, proxy.ts: 2.0ms, application-code: 38ms)
 GET /login 200 in 46ms (next.js: 1.1ms, proxy.ts: 2ms, application-code: 43ms)
 GET /login 200 in 55ms (next.js: 1.5ms, proxy.ts: 2.0ms, application-code: 51ms)
 GET /login 200 in 39ms (next.js: 1.3ms, proxy.ts: 3ms, application-code: 35ms)
 GET /login 200 in 40ms (next.js: 1.2ms, proxy.ts: 2ms, application-code: 36ms)
 GET /login 200 in 46ms (next.js: 1.1ms, proxy.ts: 1.8ms, application-code: 43ms)
 GET /login 200 in 45ms (next.js: 1.3ms, proxy.ts: 1.9ms, application-code: 42ms)
 GET /login 200 in 45ms (next.js: 1.0ms, proxy.ts: 1.6ms, application-code: 42ms)
 GET /login 200 in 44ms (next.js: 2ms, proxy.ts: 1.8ms, application-code: 40ms)
 GET /login 200 in 42ms (next.js: 1.3ms, proxy.ts: 2ms, application-code: 38ms)
 GET /login 200 in 42ms (next.js: 1.1ms, proxy.ts: 2ms, application-code: 39ms)
 GET /login 200 in 40ms (next.js: 1.0ms, proxy.ts: 1.4ms, application-code: 37ms)
 GET /login 200 in 42ms (next.js: 1.3ms, proxy.ts: 2ms, application-code: 38ms)
 GET /login 200 in 40ms (next.js: 1.3ms, proxy.ts: 2ms, application-code: 37ms)
 GET /login 200 in 41ms (next.js: 1.1ms, proxy.ts: 2ms, application-code: 37ms)
 GET /login 200 in 76ms (next.js: 1.5ms, proxy.ts: 1.8ms, application-code: 73ms)
 GET /login 200 in 41ms (next.js: 1.0ms, proxy.ts: 3ms, application-code: 37ms)
 GET /login 200 in 41ms (next.js: 1.3ms, proxy.ts: 3ms, application-code: 36ms)
 GET /login 200 in 41ms (next.js: 1.5ms, proxy.ts: 2ms, application-code: 37ms)
 GET /login 200 in 92ms (next.js: 7ms, proxy.ts: 3ms, application-code: 82ms)
 GET /login 200 in 49ms (next.js: 1.3ms, proxy.ts: 2ms, application-code: 46ms)
 GET /login 200 in 39ms (next.js: 1.1ms, proxy.ts: 1.7ms, application-code: 36ms)
 GET /login 200 in 47ms (next.js: 1.3ms, proxy.ts: 2.0ms, application-code: 44ms)
 GET /login 200 in 40ms (next.js: 1.2ms, proxy.ts: 1.7ms, application-code: 37ms)
 GET /login 200 in 39ms (next.js: 1.1ms, proxy.ts: 1.7ms, application-code: 37ms)
 GET /login 200 in 42ms (next.js: 1.1ms, proxy.ts: 1.8ms, application-code: 39ms)
 GET /login 200 in 39ms (next.js: 1.2ms, proxy.ts: 1.7ms, application-code: 36ms)
 GET /login 200 in 39ms (next.js: 1.4ms, proxy.ts: 1.7ms, application-code: 36ms)
 GET /login 200 in 90ms (next.js: 1.4ms, proxy.ts: 2ms, application-code: 87ms)
 GET /login 200 in 40ms (next.js: 1.1ms, proxy.ts: 2ms, application-code: 37ms)
 GET /login 200 in 60ms (next.js: 2ms, proxy.ts: 3ms, application-code: 54ms)
 GET /login 200 in 51ms (next.js: 1.4ms, proxy.ts: 1.8ms, application-code: 48ms)
 GET /login 200 in 44ms (next.js: 1.2ms, proxy.ts: 1.9ms, application-code: 41ms)
 GET /login 200 in 48ms (next.js: 1.7ms, proxy.ts: 2ms, application-code: 44ms)
 GET /login 200 in 47ms (next.js: 1.4ms, proxy.ts: 1.8ms, application-code: 44ms)
 GET /login 200 in 41ms (next.js: 1.3ms, proxy.ts: 2ms, application-code: 38ms)
 GET /login 200 in 40ms (next.js: 1.2ms, proxy.ts: 1.7ms, application-code: 37ms)
 GET /login 200 in 59ms (next.js: 3ms, proxy.ts: 2ms, application-code: 53ms)
 GET /login 200 in 147ms (next.js: 2ms, proxy.ts: 7ms, application-code: 138ms)
 GET /login 200 in 51ms (next.js: 1.6ms, proxy.ts: 3ms, application-code: 47ms)
 GET /login 200 in 46ms (next.js: 1.4ms, proxy.ts: 2ms, application-code: 42ms)
 GET /login 200 in 44ms (next.js: 2ms, proxy.ts: 3ms, application-code: 39ms)
 GET /login 200 in 85ms (next.js: 1.8ms, proxy.ts: 2ms, application-code: 81ms)
 GET /login 200 in 38ms (next.js: 1.5ms, proxy.ts: 2ms, application-code: 35ms)
 GET /login 200 in 42ms (next.js: 3ms, proxy.ts: 1.8ms, application-code: 37ms)
 GET /login 200 in 80ms (next.js: 1.1ms, proxy.ts: 1.7ms, application-code: 77ms)
 GET /login 200 in 63ms (next.js: 5ms, proxy.ts: 7ms, application-code: 51ms)
 GET /login 200 in 50ms (next.js: 1.6ms, proxy.ts: 2ms, application-code: 46ms)
 GET /login 200 in 90ms (next.js: 1.5ms, proxy.ts: 3ms, application-code: 86ms)
 GET /login 200 in 82ms (next.js: 1.8ms, proxy.ts: 8ms, application-code: 72ms)
 GET /login 200 in 47ms (next.js: 1.5ms, proxy.ts: 2ms, application-code: 43ms)
 GET /login 200 in 51ms (next.js: 1.7ms, proxy.ts: 1.9ms, application-code: 48ms)
 GET /login 200 in 44ms (next.js: 1.6ms, proxy.ts: 2ms, application-code: 40ms)
 GET /login 200 in 47ms (next.js: 1.7ms, proxy.ts: 3ms, application-code: 43ms)
 GET /login 200 in 47ms (next.js: 1.3ms, proxy.ts: 2ms, application-code: 43ms)
 GET /login 200 in 63ms (next.js: 1.4ms, proxy.ts: 2ms, application-code: 60ms)
 GET /login 200 in 38ms (next.js: 1.3ms, proxy.ts: 2ms, application-code: 35ms)
 GET /login 200 in 47ms (next.js: 1.4ms, proxy.ts: 2.0ms, application-code: 43ms)
 GET /login 200 in 39ms (next.js: 1.2ms, proxy.ts: 1.9ms, application-code: 36ms)
 GET /login 200 in 44ms (next.js: 1.3ms, proxy.ts: 1.8ms, application-code: 41ms)
 GET /login 200 in 47ms (next.js: 1.5ms, proxy.ts: 2.0ms, application-code: 43ms)
 GET /login 200 in 47ms (next.js: 1.8ms, proxy.ts: 3ms, application-code: 42ms)
 GET /login 200 in 75ms (next.js: 1.6ms, proxy.ts: 1.7ms, application-code: 72ms)
 GET /login 200 in 41ms (next.js: 1.6ms, proxy.ts: 2ms, application-code: 37ms)
 GET /login 200 in 40ms (next.js: 1.2ms, proxy.ts: 2.0ms, application-code: 37ms)
 GET /login 200 in 43ms (next.js: 1.4ms, proxy.ts: 1.9ms, application-code: 40ms)
 GET /login 200 in 39ms (next.js: 1.2ms, proxy.ts: 1.7ms, application-code: 36ms)
 GET /login 200 in 48ms (next.js: 2ms, proxy.ts: 1.9ms, application-code: 44ms)
 GET /login 200 in 38ms (next.js: 1.0ms, proxy.ts: 1.6ms, application-code: 35ms)
 GET /login 200 in 38ms (next.js: 1.0ms, proxy.ts: 1.7ms, application-code: 36ms)
 GET /login 200 in 88ms (next.js: 1.6ms, proxy.ts: 3ms, application-code: 83ms)
 GET /login 200 in 41ms (next.js: 1.6ms, proxy.ts: 2ms, application-code: 37ms)
 GET /login 200 in 36ms (next.js: 1.1ms, proxy.ts: 1.5ms, application-code: 34ms)
 GET /login 200 in 40ms (next.js: 1.2ms, proxy.ts: 1.7ms, application-code: 38ms)
 GET /login 200 in 39ms (next.js: 1.2ms, proxy.ts: 2ms, application-code: 36ms)
 GET /login 200 in 41ms (next.js: 2ms, proxy.ts: 2ms, application-code: 37ms)
 GET /login 200 in 39ms (next.js: 1.2ms, proxy.ts: 1.7ms, application-code: 36ms)
 GET /login 200 in 46ms (next.js: 1.7ms, proxy.ts: 3ms, application-code: 42ms)
 GET /login 200 in 41ms (next.js: 1.1ms, proxy.ts: 1.7ms, application-code: 38ms)
 GET /login 200 in 39ms (next.js: 1.2ms, proxy.ts: 1.7ms, application-code: 36ms)
 GET /login 200 in 48ms (next.js: 6ms, proxy.ts: 4ms, application-code: 39ms)
 GET /login 200 in 39ms (next.js: 1.2ms, proxy.ts: 1.7ms, application-code: 36ms)
 GET /login 200 in 49ms (next.js: 1.1ms, proxy.ts: 2.0ms, application-code: 46ms)
 GET /login 200 in 42ms (next.js: 1.3ms, proxy.ts: 1.7ms, application-code: 38ms)
 GET /login 200 in 46ms (next.js: 1.8ms, proxy.ts: 2ms, application-code: 42ms)
 GET /login 200 in 43ms (next.js: 1.2ms, proxy.ts: 3ms, application-code: 39ms)
 GET /login 200 in 38ms (next.js: 1.1ms, proxy.ts: 1.6ms, application-code: 35ms)
 GET /login 200 in 48ms (next.js: 1.2ms, proxy.ts: 1.9ms, application-code: 45ms)
 GET /login 200 in 39ms (next.js: 1.1ms, proxy.ts: 1.7ms, application-code: 37ms)
 GET /login 200 in 40ms (next.js: 1.5ms, proxy.ts: 2ms, application-code: 36ms)
 GET /login 200 in 40ms (next.js: 1.4ms, proxy.ts: 3ms, application-code: 35ms)
 GET /login 200 in 36ms (next.js: 1.0ms, proxy.ts: 1.7ms, application-code: 33ms)
 GET /login 200 in 44ms (next.js: 1.2ms, proxy.ts: 1.9ms, application-code: 41ms)
 GET /login 200 in 59ms (next.js: 1.2ms, proxy.ts: 1.9ms, application-code: 56ms)
 GET /login 200 in 40ms (next.js: 1.3ms, proxy.ts: 1.9ms, application-code: 37ms)
 GET /login 200 in 44ms (next.js: 1.2ms, proxy.ts: 2ms, application-code: 41ms)
 GET /login 200 in 40ms (next.js: 1.2ms, proxy.ts: 1.8ms, application-code: 37ms)
 GET /login 200 in 40ms (next.js: 1.8ms, proxy.ts: 1.9ms, application-code: 36ms)
 GET /login 200 in 42ms (next.js: 1.0ms, proxy.ts: 1.7ms, application-code: 39ms)
 GET /login 200 in 38ms (next.js: 1.1ms, proxy.ts: 1.8ms, application-code: 35ms)
 GET /login 200 in 39ms (next.js: 1.1ms, proxy.ts: 1.7ms, application-code: 36ms)
 GET /login 200 in 49ms (next.js: 1.7ms, proxy.ts: 3ms, application-code: 44ms)
 GET /login 200 in 43ms (next.js: 1.1ms, proxy.ts: 2ms, application-code: 40ms)
 GET /login 200 in 40ms (next.js: 1.2ms, proxy.ts: 1.7ms, application-code: 37ms)
 GET /login 200 in 71ms (next.js: 1.9ms, proxy.ts: 1.9ms, application-code: 67ms)
 GET /login 200 in 47ms (next.js: 4ms, proxy.ts: 2ms, application-code: 41ms)
 GET /login 200 in 41ms (next.js: 1.6ms, proxy.ts: 1.8ms, application-code: 38ms)
 GET /login 200 in 41ms (next.js: 1.7ms, proxy.ts: 2ms, application-code: 37ms)
 GET /login 200 in 39ms (next.js: 1.3ms, proxy.ts: 2.0ms, application-code: 36ms)
 GET /login 200 in 69ms (next.js: 1.2ms, proxy.ts: 1.7ms, application-code: 66ms)
 GET /login 200 in 45ms (next.js: 1.8ms, proxy.ts: 8ms, application-code: 36ms)
 GET /login 200 in 40ms (next.js: 1.2ms, proxy.ts: 1.9ms, application-code: 37ms)
 GET /login 200 in 43ms (next.js: 1.1ms, proxy.ts: 1.7ms, application-code: 40ms)
 GET /login 200 in 39ms (next.js: 1.3ms, proxy.ts: 1.9ms, application-code: 36ms)
 GET /login 200 in 38ms (next.js: 1.1ms, proxy.ts: 1.8ms, application-code: 35ms)
 GET /login 200 in 40ms (next.js: 1.2ms, proxy.ts: 1.8ms, application-code: 37ms)
 GET /login 200 in 37ms (next.js: 1.1ms, proxy.ts: 1.7ms, application-code: 34ms)
 GET /login 200 in 43ms (next.js: 1.6ms, proxy.ts: 3ms, application-code: 38ms)
 GET /login 200 in 42ms (next.js: 1.0ms, proxy.ts: 1.8ms, application-code: 39ms)
 GET /login 200 in 38ms (next.js: 1.1ms, proxy.ts: 1.8ms, application-code: 35ms)
 GET /login 200 in 70ms (next.js: 0.9ms, proxy.ts: 1.6ms, application-code: 68ms)
 GET /login 200 in 37ms (next.js: 1.3ms, proxy.ts: 1.7ms, application-code: 34ms)
 GET /login 200 in 38ms (next.js: 1.1ms, proxy.ts: 1.8ms, application-code: 35ms)
 GET /login 200 in 40ms (next.js: 1.1ms, proxy.ts: 1.7ms, application-code: 37ms)
 GET /login 200 in 37ms (next.js: 1.3ms, proxy.ts: 1.9ms, application-code: 34ms)
 GET /login 200 in 43ms (next.js: 3ms, proxy.ts: 2.0ms, application-code: 38ms)
 GET /login 200 in 57ms (next.js: 1.1ms, proxy.ts: 1.7ms, application-code: 54ms)
 GET /login 200 in 43ms (next.js: 1.4ms, proxy.ts: 2.0ms, application-code: 39ms)
 GET /login 200 in 42ms (next.js: 1.9ms, proxy.ts: 4ms, application-code: 36ms)
 GET /login 200 in 42ms (next.js: 1.2ms, proxy.ts: 1.8ms, application-code: 39ms)
 GET /login 200 in 39ms (next.js: 1.1ms, proxy.ts: 2ms, application-code: 36ms)
 GET /login 200 in 38ms (next.js: 1.2ms, proxy.ts: 1.9ms, application-code: 34ms)
 GET /login 200 in 37ms (next.js: 1.2ms, proxy.ts: 1.7ms, application-code: 34ms)
 GET /login 200 in 36ms (next.js: 1.2ms, proxy.ts: 1.7ms, application-code: 33ms)
 GET /login 200 in 38ms (next.js: 1.4ms, proxy.ts: 1.7ms, application-code: 35ms)
 GET /login 200 in 41ms (next.js: 1.4ms, proxy.ts: 1.9ms, application-code: 38ms)
 GET /login 200 in 53ms (next.js: 1.4ms, proxy.ts: 2ms, application-code: 50ms)
 GET /login 200 in 40ms (next.js: 1.0ms, proxy.ts: 1.8ms, application-code: 37ms)
 GET /login 200 in 36ms (next.js: 1.2ms, proxy.ts: 1.7ms, application-code: 33ms)
 GET /login 200 in 37ms (next.js: 1.1ms, proxy.ts: 1.7ms, application-code: 34ms)
 GET /login 200 in 43ms (next.js: 1.2ms, proxy.ts: 2ms, application-code: 40ms)
 GET /login 200 in 40ms (next.js: 1.1ms, proxy.ts: 1.7ms, application-code: 37ms)
 GET /login 200 in 45ms (next.js: 1.6ms, proxy.ts: 2ms, application-code: 41ms)
 GET /login 200 in 39ms (next.js: 1.2ms, proxy.ts: 1.8ms, application-code: 36ms)
 GET /login 200 in 37ms (next.js: 1.1ms, proxy.ts: 1.8ms, application-code: 34ms)
 GET /login 200 in 43ms (next.js: 1.1ms, proxy.ts: 1.7ms, application-code: 40ms)
 GET /login 200 in 37ms (next.js: 1.2ms, proxy.ts: 1.9ms, application-code: 34ms)
 GET /login 200 in 40ms (next.js: 1.7ms, proxy.ts: 2ms, application-code: 36ms)
 GET /login 200 in 46ms (next.js: 1.3ms, proxy.ts: 2ms, application-code: 43ms)
 GET /login 200 in 38ms (next.js: 1.5ms, proxy.ts: 2ms, application-code: 35ms)
 GET /login 200 in 37ms (next.js: 1.2ms, proxy.ts: 1.6ms, application-code: 35ms)
 GET /login 200 in 59ms (next.js: 1.3ms, proxy.ts: 2ms, application-code: 56ms)
 GET /login 200 in 37ms (next.js: 1.0ms, proxy.ts: 1.9ms, application-code: 34ms)
 GET /login 200 in 37ms (next.js: 1.2ms, proxy.ts: 1.6ms, application-code: 35ms)
 GET /login 200 in 44ms (next.js: 3ms, proxy.ts: 4ms, application-code: 37ms)
 GET /login 200 in 43ms (next.js: 1.2ms, proxy.ts: 1.7ms, application-code: 40ms)
 GET /login 200 in 51ms (next.js: 1.3ms, proxy.ts: 2.0ms, application-code: 47ms)
 GET /login 200 in 41ms (next.js: 1.3ms, proxy.ts: 1.9ms, application-code: 38ms)
 GET /login 200 in 39ms (next.js: 1.0ms, proxy.ts: 1.9ms, application-code: 36ms)
 GET /login 200 in 42ms (next.js: 1.2ms, proxy.ts: 1.8ms, application-code: 39ms)
 GET /login 200 in 39ms (next.js: 1.0ms, proxy.ts: 1.6ms, application-code: 36ms)
 GET /login 200 in 41ms (next.js: 2ms, proxy.ts: 1.8ms, application-code: 37ms)
 GET /login 200 in 42ms (next.js: 1.1ms, proxy.ts: 1.6ms, application-code: 40ms)
 GET /login 200 in 49ms (next.js: 1.6ms, proxy.ts: 3ms, application-code: 44ms)
 GET /login 200 in 75ms (next.js: 1.7ms, proxy.ts: 2.0ms, application-code: 71ms)
 GET /login 200 in 57ms (next.js: 2ms, proxy.ts: 3ms, application-code: 52ms)
 GET /login 200 in 40ms (next.js: 1.2ms, proxy.ts: 1.8ms, application-code: 37ms)
 GET /login 200 in 41ms (next.js: 1.3ms, proxy.ts: 1.9ms, application-code: 37ms)
 GET /login 200 in 41ms (next.js: 1.2ms, proxy.ts: 1.8ms, application-code: 38ms)
 GET /login 200 in 40ms (next.js: 1.1ms, proxy.ts: 1.6ms, application-code: 37ms)
 GET /login 200 in 40ms (next.js: 1.2ms, proxy.ts: 1.7ms, application-code: 37ms)
 GET /login 200 in 40ms (next.js: 1.2ms, proxy.ts: 1.9ms, application-code: 36ms)
 GET /login 200 in 41ms (next.js: 1.2ms, proxy.ts: 1.8ms, application-code: 38ms)
 GET /login 200 in 40ms (next.js: 1.2ms, proxy.ts: 1.9ms, application-code: 37ms)
 GET /login 200 in 39ms (next.js: 1.2ms, proxy.ts: 1.9ms, application-code: 36ms)
 GET /login 200 in 53ms (next.js: 2ms, proxy.ts: 3ms, application-code: 48ms)
 GET /login 200 in 38ms (next.js: 1.2ms, proxy.ts: 1.9ms, application-code: 35ms)
 GET /login 200 in 61ms (next.js: 1.1ms, proxy.ts: 1.6ms, application-code: 58ms)
 GET /login 200 in 47ms (next.js: 1.6ms, proxy.ts: 3ms, application-code: 42ms)
 GET /login 200 in 37ms (next.js: 1.1ms, proxy.ts: 1.7ms, application-code: 34ms)
 GET /login 200 in 44ms (next.js: 1.6ms, proxy.ts: 3ms, application-code: 40ms)
 GET /login 200 in 43ms (next.js: 1.1ms, proxy.ts: 1.8ms, application-code: 40ms)
 GET /login 200 in 43ms (next.js: 1.0ms, proxy.ts: 2.0ms, application-code: 40ms)
 GET /login 200 in 37ms (next.js: 1.1ms, proxy.ts: 1.7ms, application-code: 34ms)
 GET /login 200 in 43ms (next.js: 1.3ms, proxy.ts: 1.9ms, application-code: 40ms)
 GET /login 200 in 42ms (next.js: 1.2ms, proxy.ts: 2ms, application-code: 39ms)
 GET /login 200 in 38ms (next.js: 1.1ms, proxy.ts: 1.5ms, application-code: 35ms)
 GET /login 200 in 76ms (next.js: 1.2ms, proxy.ts: 1.7ms, application-code: 73ms)
 GET /login 200 in 46ms (next.js: 1.9ms, proxy.ts: 3ms, application-code: 42ms)
 GET /login 200 in 40ms (next.js: 1.4ms, proxy.ts: 1.8ms, application-code: 36ms)
 GET /login 200 in 45ms (next.js: 1.4ms, proxy.ts: 1.6ms, application-code: 42ms)
 GET /login 200 in 60ms (next.js: 1.4ms, proxy.ts: 2ms, application-code: 56ms)
 GET /login 200 in 47ms (next.js: 2.0ms, proxy.ts: 4ms, application-code: 41ms)
 GET /login 200 in 48ms (next.js: 1.3ms, proxy.ts: 2ms, application-code: 44ms)
 GET /login 200 in 39ms (next.js: 1.5ms, proxy.ts: 2ms, application-code: 35ms)
 GET /login 200 in 39ms (next.js: 1.2ms, proxy.ts: 1.7ms, application-code: 36ms)
 GET /login 200 in 43ms (next.js: 1.0ms, proxy.ts: 1.8ms, application-code: 40ms)
 GET /login 200 in 37ms (next.js: 1.2ms, proxy.ts: 1.6ms, application-code: 34ms)
 GET /login 200 in 40ms (next.js: 1.0ms, proxy.ts: 1.8ms, application-code: 37ms)
 GET /login 200 in 41ms (next.js: 1.6ms, proxy.ts: 2.0ms, application-code: 37ms)
 GET /login 200 in 38ms (next.js: 1.1ms, proxy.ts: 1.6ms, application-code: 35ms)
 GET /login 200 in 37ms (next.js: 1.1ms, proxy.ts: 1.8ms, application-code: 35ms)
 GET /login 200 in 37ms (next.js: 1.4ms, proxy.ts: 1.7ms, application-code: 34ms)
 GET /login 200 in 38ms (next.js: 1.4ms, proxy.ts: 2ms, application-code: 34ms)
 GET /login 200 in 106ms (next.js: 1.5ms, proxy.ts: 1.8ms, application-code: 102ms)
 GET /login 200 in 38ms (next.js: 1.2ms, proxy.ts: 1.8ms, application-code: 35ms)
 GET /login 200 in 40ms (next.js: 1.1ms, proxy.ts: 1.5ms, application-code: 37ms)
 GET /login 200 in 37ms (next.js: 1.2ms, proxy.ts: 1.7ms, application-code: 34ms)
 GET /login 200 in 39ms (next.js: 1.0ms, proxy.ts: 1.6ms, application-code: 36ms)
 GET /login 200 in 42ms (next.js: 1.3ms, proxy.ts: 1.7ms, application-code: 39ms)
 GET /login 200 in 37ms (next.js: 1.1ms, proxy.ts: 1.9ms, application-code: 33ms)
 GET /login 200 in 40ms (next.js: 1.3ms, proxy.ts: 2ms, application-code: 37ms)
 GET /login 200 in 62ms (next.js: 1.1ms, proxy.ts: 2ms, application-code: 58ms)
 GET /login 200 in 37ms (next.js: 1.2ms, proxy.ts: 1.8ms, application-code: 34ms)
 GET /login 200 in 37ms (next.js: 1.1ms, proxy.ts: 1.8ms, application-code: 34ms)
 GET /login 200 in 41ms (next.js: 1.1ms, proxy.ts: 1.7ms, application-code: 38ms)
 GET /login 200 in 39ms (next.js: 1.3ms, proxy.ts: 3ms, application-code: 35ms)
 GET /login 200 in 37ms (next.js: 1.2ms, proxy.ts: 1.9ms, application-code: 34ms)
 GET /login 200 in 42ms (next.js: 1.7ms, proxy.ts: 3ms, application-code: 38ms)
 GET /login 200 in 37ms (next.js: 1.1ms, proxy.ts: 1.6ms, application-code: 34ms)
 GET /login 200 in 36ms (next.js: 1.1ms, proxy.ts: 1.7ms, application-code: 34ms)
 GET /login 200 in 40ms (next.js: 1.1ms, proxy.ts: 1.8ms, application-code: 37ms)
 GET /login 200 in 39ms (next.js: 1.5ms, proxy.ts: 2ms, application-code: 35ms)
 GET /login 200 in 40ms (next.js: 1.1ms, proxy.ts: 1.7ms, application-code: 38ms)
 GET /login 200 in 34ms (next.js: 1.0ms, proxy.ts: 1.6ms, application-code: 32ms)
 GET /login 200 in 38ms (next.js: 1.0ms, proxy.ts: 1.7ms, application-code: 35ms)
 GET /login 200 in 39ms (next.js: 1.1ms, proxy.ts: 1.8ms, application-code: 36ms)
 GET /login 200 in 37ms (next.js: 1.1ms, proxy.ts: 1.8ms, application-code: 34ms)
 GET /login 200 in 37ms (next.js: 1.3ms, proxy.ts: 1.8ms, application-code: 34ms)
 GET /login 200 in 39ms (next.js: 1.1ms, proxy.ts: 1.6ms, application-code: 36ms)
 GET /login 200 in 36ms (next.js: 1.2ms, proxy.ts: 1.7ms, application-code: 33ms)
 GET /login 200 in 57ms (next.js: 1.5ms, proxy.ts: 2ms, application-code: 53ms)
 GET /login 200 in 38ms (next.js: 1.1ms, proxy.ts: 1.8ms, application-code: 35ms)
 GET /login 200 in 38ms (next.js: 1.5ms, proxy.ts: 3ms, application-code: 34ms)
 GET /login 200 in 41ms (next.js: 1.0ms, proxy.ts: 1.8ms, application-code: 39ms)
 GET /login 200 in 38ms (next.js: 1.1ms, proxy.ts: 1.7ms, application-code: 35ms)
 GET /login 200 in 42ms (next.js: 1.1ms, proxy.ts: 1.7ms, application-code: 40ms)
 GET /login 200 in 59ms (next.js: 1.1ms, proxy.ts: 2.0ms, application-code: 56ms)
 GET /login 200 in 38ms (next.js: 1.4ms, proxy.ts: 2ms, application-code: 35ms)
 GET /login 200 in 37ms (next.js: 1.1ms, proxy.ts: 1.8ms, application-code: 35ms)
 GET /login 200 in 41ms (next.js: 1.1ms, proxy.ts: 1.7ms, application-code: 38ms)
 GET /login 200 in 39ms (next.js: 1.5ms, proxy.ts: 2ms, application-code: 35ms)
 GET /login 200 in 38ms (next.js: 1.5ms, proxy.ts: 1.8ms, application-code: 34ms)
 GET /login 200 in 41ms (next.js: 1.2ms, proxy.ts: 1.6ms, application-code: 38ms)
 GET /login 200 in 41ms (next.js: 1.2ms, proxy.ts: 3ms, application-code: 37ms)
 GET /login 200 in 56ms (next.js: 1.2ms, proxy.ts: 2ms, application-code: 53ms)
 GET /login 200 in 40ms (next.js: 1.2ms, proxy.ts: 1.9ms, application-code: 37ms)
 GET /login 200 in 40ms (next.js: 1.1ms, proxy.ts: 1.8ms, application-code: 37ms)
 GET /login 200 in 40ms (next.js: 1.1ms, proxy.ts: 1.8ms, application-code: 37ms)
 GET /login 200 in 39ms (next.js: 1.1ms, proxy.ts: 1.7ms, application-code: 36ms)
 GET /login 200 in 36ms (next.js: 0.9ms, proxy.ts: 1.5ms, application-code: 34ms)
 GET /login 200 in 38ms (next.js: 1.1ms, proxy.ts: 1.7ms, application-code: 36ms)
 GET /login 200 in 41ms (next.js: 1.2ms, proxy.ts: 1.8ms, application-code: 38ms)
 GET /login 200 in 37ms (next.js: 1.0ms, proxy.ts: 1.5ms, application-code: 35ms)
 GET /login 200 in 39ms (next.js: 1.1ms, proxy.ts: 1.7ms, application-code: 36ms)
 GET /login 200 in 43ms (next.js: 1.0ms, proxy.ts: 1.5ms, application-code: 40ms)
 GET /login 200 in 44ms (next.js: 3ms, proxy.ts: 4ms, application-code: 38ms)
 GET /login 200 in 40ms (next.js: 1.1ms, proxy.ts: 1.7ms, application-code: 37ms)
 GET /login 200 in 57ms (next.js: 1.1ms, proxy.ts: 1.7ms, application-code: 54ms)
 GET /login 200 in 37ms (next.js: 1.0ms, proxy.ts: 1.9ms, application-code: 34ms)
 GET /login 200 in 37ms (next.js: 1.1ms, proxy.ts: 1.7ms, application-code: 35ms)
 GET /login 200 in 44ms (next.js: 1.2ms, proxy.ts: 2ms, application-code: 41ms)
 GET /login 200 in 41ms (next.js: 1.2ms, proxy.ts: 2ms, application-code: 38ms)
 GET /login 200 in 40ms (next.js: 1.2ms, proxy.ts: 2ms, application-code: 37ms)
 GET /login 200 in 41ms (next.js: 1.3ms, proxy.ts: 2ms, application-code: 38ms)
 GET /login 200 in 41ms (next.js: 3ms, proxy.ts: 2.0ms, application-code: 36ms)
 GET /login 200 in 41ms (next.js: 1.3ms, proxy.ts: 2ms, application-code: 38ms)
 GET /login 200 in 39ms (next.js: 1.1ms, proxy.ts: 1.6ms, application-code: 37ms)
 GET /login 200 in 43ms (next.js: 1.1ms, proxy.ts: 1.8ms, application-code: 40ms)
 GET /login 200 in 40ms (next.js: 1.2ms, proxy.ts: 1.8ms, application-code: 37ms)
 GET /login 200 in 43ms (next.js: 1.2ms, proxy.ts: 1.7ms, application-code: 40ms)
 GET /login 200 in 38ms (next.js: 1.1ms, proxy.ts: 1.9ms, application-code: 35ms)
 GET /login 200 in 40ms (next.js: 1.0ms, proxy.ts: 1.6ms, application-code: 38ms)
 GET /login 200 in 43ms (next.js: 1.3ms, proxy.ts: 3ms, application-code: 39ms)
 GET /login 200 in 40ms (next.js: 1.4ms, proxy.ts: 2ms, application-code: 37ms)
 GET /login 200 in 40ms (next.js: 1.4ms, proxy.ts: 2ms, application-code: 37ms)
 GET /login 200 in 42ms (next.js: 1.1ms, proxy.ts: 1.8ms, application-code: 39ms)
 GET /login 200 in 38ms (next.js: 1.0ms, proxy.ts: 1.4ms, application-code: 35ms)
 GET /login 200 in 39ms (next.js: 1.1ms, proxy.ts: 1.8ms, application-code: 36ms)
 GET /login 200 in 49ms (next.js: 3ms, proxy.ts: 4ms, application-code: 42ms)
 GET /login 200 in 38ms (next.js: 1.1ms, proxy.ts: 1.6ms, application-code: 35ms)
 GET /login 200 in 44ms (next.js: 1.1ms, proxy.ts: 1.8ms, application-code: 41ms)
 GET /login 200 in 43ms (next.js: 1.2ms, proxy.ts: 1.9ms, application-code: 40ms)
 GET /login 200 in 39ms (next.js: 1.2ms, proxy.ts: 1.7ms, application-code: 36ms)
 GET /login 200 in 38ms (next.js: 1.1ms, proxy.ts: 1.7ms, application-code: 35ms)
 GET /login 200 in 43ms (next.js: 1.1ms, proxy.ts: 2ms, application-code: 40ms)
 GET /login 200 in 40ms (next.js: 1.2ms, proxy.ts: 2ms, application-code: 36ms)
 GET /login 200 in 53ms (next.js: 1.3ms, proxy.ts: 2.0ms, application-code: 50ms)
 GET /login 200 in 39ms (next.js: 1.3ms, proxy.ts: 1.8ms, application-code: 36ms)
 GET /login 200 in 37ms (next.js: 1.1ms, proxy.ts: 2ms, application-code: 34ms)
 GET /login 200 in 42ms (next.js: 1.1ms, proxy.ts: 1.7ms, application-code: 39ms)
 GET /login 200 in 42ms (next.js: 1.0ms, proxy.ts: 2ms, application-code: 39ms)
 GET /login 200 in 40ms (next.js: 1.1ms, proxy.ts: 1.7ms, application-code: 37ms)
 GET /login 200 in 37ms (next.js: 1.2ms, proxy.ts: 1.7ms, application-code: 34ms)
 GET /login 200 in 31ms (next.js: 0.8ms, proxy.ts: 1.3ms, application-code: 29ms)
 GET /login 200 in 37ms (next.js: 1.1ms, proxy.ts: 1.7ms, application-code: 34ms)
 GET /login 200 in 42ms (next.js: 1.1ms, proxy.ts: 2ms, application-code: 39ms)
 GET /login 200 in 38ms (next.js: 1.7ms, proxy.ts: 2ms, application-code: 34ms)
 GET /login 200 in 42ms (next.js: 1.1ms, proxy.ts: 1.7ms, application-code: 39ms)
 GET /login 200 in 38ms (next.js: 1.1ms, proxy.ts: 1.9ms, application-code: 35ms)
 GET /login 200 in 37ms (next.js: 1.3ms, proxy.ts: 1.9ms, application-code: 34ms)
 GET /login 200 in 39ms (next.js: 1.1ms, proxy.ts: 2ms, application-code: 36ms)
 GET /login 200 in 36ms (next.js: 1.1ms, proxy.ts: 1.7ms, application-code: 33ms)
 GET /login 200 in 37ms (next.js: 1.2ms, proxy.ts: 1.6ms, application-code: 34ms)
 GET /login 200 in 41ms (next.js: 1.4ms, proxy.ts: 1.9ms, application-code: 38ms)
 GET /login 200 in 42ms (next.js: 2ms, proxy.ts: 3ms, application-code: 37ms)
 GET /login 200 in 40ms (next.js: 1.1ms, proxy.ts: 2ms, application-code: 37ms)
 GET /login 200 in 39ms (next.js: 1.4ms, proxy.ts: 2ms, application-code: 35ms)
 GET /login 200 in 38ms (next.js: 1.2ms, proxy.ts: 1.8ms, application-code: 35ms)
 GET /login 200 in 40ms (next.js: 1.0ms, proxy.ts: 1.4ms, application-code: 37ms)
 GET /login 200 in 34ms (next.js: 0.8ms, proxy.ts: 1.3ms, application-code: 32ms)
 GET /login 200 in 38ms (next.js: 1.1ms, proxy.ts: 1.9ms, application-code: 35ms)
 GET /login 200 in 42ms (next.js: 1.1ms, proxy.ts: 1.7ms, application-code: 40ms)
 GET /login 200 in 51ms (next.js: 1.1ms, proxy.ts: 1.8ms, application-code: 48ms)
 GET /login 200 in 39ms (next.js: 1.1ms, proxy.ts: 1.8ms, application-code: 36ms)
 GET /login 200 in 38ms (next.js: 1.1ms, proxy.ts: 2.0ms, application-code: 35ms)
 GET /login 200 in 41ms (next.js: 1.1ms, proxy.ts: 2ms, application-code: 38ms)
 GET /login 200 in 38ms (next.js: 1.3ms, proxy.ts: 1.9ms, application-code: 35ms)
 GET /login 200 in 37ms (next.js: 1.6ms, proxy.ts: 1.9ms, application-code: 34ms)
 GET /login 200 in 41ms (next.js: 1.2ms, proxy.ts: 1.8ms, application-code: 38ms)
 GET /login 200 in 45ms (next.js: 3ms, proxy.ts: 2ms, application-code: 40ms)
 GET /login 200 in 41ms (next.js: 1.3ms, proxy.ts: 3ms, application-code: 37ms)
 GET /login 200 in 40ms (next.js: 1.2ms, proxy.ts: 2ms, application-code: 37ms)
 GET /login 200 in 48ms (next.js: 1.2ms, proxy.ts: 1.9ms, application-code: 45ms)
 GET /login 200 in 46ms (next.js: 1.6ms, proxy.ts: 2.0ms, application-code: 42ms)
 GET /login 200 in 42ms (next.js: 1.4ms, proxy.ts: 2ms, application-code: 38ms)
 GET /login 200 in 38ms (next.js: 1.2ms, proxy.ts: 2ms, application-code: 34ms)
 GET /login 200 in 62ms (next.js: 1.6ms, proxy.ts: 2ms, application-code: 58ms)
 GET /login 200 in 43ms (next.js: 1.3ms, proxy.ts: 3ms, application-code: 39ms)
 GET /login 200 in 40ms (next.js: 1.3ms, proxy.ts: 1.8ms, application-code: 37ms)
 GET /login 200 in 38ms (next.js: 1.2ms, proxy.ts: 1.7ms, application-code: 35ms)
 GET /login 200 in 42ms (next.js: 1.0ms, proxy.ts: 1.8ms, application-code: 39ms)
 GET /login 200 in 43ms (next.js: 1.1ms, proxy.ts: 2ms, application-code: 40ms)
 GET /login 200 in 40ms (next.js: 1.0ms, proxy.ts: 1.7ms, application-code: 37ms)
 GET /login 200 in 39ms (next.js: 1.2ms, proxy.ts: 1.9ms, application-code: 35ms)
 GET /login 200 in 40ms (next.js: 1.3ms, proxy.ts: 1.9ms, application-code: 37ms)
 GET /login 200 in 43ms (next.js: 1.4ms, proxy.ts: 1.8ms, application-code: 40ms)
 GET /login 200 in 39ms (next.js: 1.1ms, proxy.ts: 1.7ms, application-code: 36ms)
 GET /login 200 in 41ms (next.js: 1.3ms, proxy.ts: 1.8ms, application-code: 38ms)
 GET /login 200 in 42ms (next.js: 1.2ms, proxy.ts: 1.7ms, application-code: 39ms)
 GET /login 200 in 77ms (next.js: 1.1ms, proxy.ts: 2ms, application-code: 74ms)
 GET /login 200 in 58ms (next.js: 1.1ms, proxy.ts: 1.8ms, application-code: 55ms)
 GET /login 200 in 39ms (next.js: 1.0ms, proxy.ts: 1.9ms, application-code: 36ms)
 GET /login 200 in 43ms (next.js: 1.2ms, proxy.ts: 2ms, application-code: 39ms)
 GET /login 200 in 42ms (next.js: 1.4ms, proxy.ts: 2ms, application-code: 39ms)
 GET /login 200 in 41ms (next.js: 1.2ms, proxy.ts: 1.8ms, application-code: 38ms)
 GET /login 200 in 48ms (next.js: 3ms, proxy.ts: 2ms, application-code: 43ms)
 GET /login 200 in 62ms (next.js: 1.3ms, proxy.ts: 1.8ms, application-code: 59ms)
 GET /login 200 in 41ms (next.js: 1.2ms, proxy.ts: 1.9ms, application-code: 38ms)
 GET /login 200 in 40ms (next.js: 1.1ms, proxy.ts: 2ms, application-code: 37ms)
 GET /login 200 in 38ms (next.js: 1.1ms, proxy.ts: 1.6ms, application-code: 35ms)
 GET /login 200 in 37ms (next.js: 1.1ms, proxy.ts: 1.7ms, application-code: 34ms)
 GET /login 200 in 39ms (next.js: 1.4ms, proxy.ts: 1.7ms, application-code: 36ms)
 GET /login 200 in 53ms (next.js: 1.7ms, proxy.ts: 4ms, application-code: 47ms)
 GET /login 200 in 198ms (next.js: 7ms, proxy.ts: 5ms, application-code: 186ms)
 GET /login 200 in 52ms (next.js: 2ms, proxy.ts: 3ms, application-code: 48ms)
 GET /login 200 in 38ms (next.js: 1.3ms, proxy.ts: 2ms, application-code: 35ms)
 GET /login 200 in 49ms (next.js: 1.3ms, proxy.ts: 1.9ms, application-code: 46ms)
 GET /login 200 in 76ms (next.js: 1.4ms, proxy.ts: 2.0ms, application-code: 72ms)
 GET /login 200 in 39ms (next.js: 1.3ms, proxy.ts: 1.6ms, application-code: 36ms)
 GET /login 200 in 63ms (next.js: 2ms, proxy.ts: 3ms, application-code: 58ms)
 GET /login 200 in 99ms (next.js: 2ms, proxy.ts: 2ms, application-code: 95ms)
 GET /login 200 in 47ms (next.js: 2ms, proxy.ts: 2ms, application-code: 43ms)
 GET /login 200 in 39ms (next.js: 1.3ms, proxy.ts: 1.8ms, application-code: 36ms)
 GET /login 200 in 69ms (next.js: 4ms, proxy.ts: 3ms, application-code: 62ms)
 GET /login 200 in 78ms (next.js: 1.0ms, proxy.ts: 1.4ms, application-code: 75ms)
 GET /login 200 in 45ms (next.js: 1.5ms, proxy.ts: 2ms, application-code: 41ms)
 GET /login 200 in 42ms (next.js: 1.3ms, proxy.ts: 2ms, application-code: 38ms)
 GET /login 200 in 63ms (next.js: 1.3ms, proxy.ts: 1.8ms, application-code: 60ms)
 GET /login 200 in 39ms (next.js: 1.3ms, proxy.ts: 2ms, application-code: 36ms)
 GET /login 200 in 38ms (next.js: 1.3ms, proxy.ts: 1.8ms, application-code: 35ms)
 GET /login 200 in 41ms (next.js: 1.1ms, proxy.ts: 1.7ms, application-code: 39ms)
 GET /login 200 in 45ms (next.js: 6ms, proxy.ts: 1.7ms, application-code: 37ms)
 GET /login 200 in 34ms (next.js: 1.1ms, proxy.ts: 1.5ms, application-code: 32ms)
 GET /login 200 in 43ms (next.js: 2.0ms, proxy.ts: 2ms, application-code: 39ms)
 GET /login 200 in 43ms (next.js: 1.7ms, proxy.ts: 3ms, application-code: 39ms)
 GET /login 200 in 45ms (next.js: 1.4ms, proxy.ts: 1.9ms, application-code: 42ms)
 GET /login 200 in 45ms (next.js: 1.6ms, proxy.ts: 2ms, application-code: 41ms)
 GET /login 200 in 37ms (next.js: 1.2ms, proxy.ts: 1.8ms, application-code: 34ms)
 GET /login 200 in 43ms (next.js: 1.4ms, proxy.ts: 2ms, application-code: 40ms)
 GET /login 200 in 47ms (next.js: 1.2ms, proxy.ts: 2ms, application-code: 44ms)
 GET /login 200 in 98ms (next.js: 2ms, proxy.ts: 2ms, application-code: 94ms)
 GET /login 200 in 56ms (next.js: 1.5ms, proxy.ts: 3ms, application-code: 52ms)
 GET /login 200 in 40ms (next.js: 1.5ms, proxy.ts: 1.8ms, application-code: 37ms)
 GET /login 200 in 40ms (next.js: 1.2ms, proxy.ts: 1.7ms, application-code: 37ms)
 GET /login 200 in 44ms (next.js: 1.5ms, proxy.ts: 2ms, application-code: 40ms)
 GET /login 200 in 38ms (next.js: 1.1ms, proxy.ts: 1.7ms, application-code: 35ms)
 GET /login 200 in 47ms (next.js: 1.2ms, proxy.ts: 1.6ms, application-code: 44ms)
 GET /login 200 in 39ms (next.js: 1.1ms, proxy.ts: 1.7ms, application-code: 36ms)
 GET /login 200 in 38ms (next.js: 1.2ms, proxy.ts: 1.8ms, application-code: 35ms)
 GET /login 200 in 44ms (next.js: 1.5ms, proxy.ts: 1.7ms, application-code: 41ms)
 GET /login 200 in 47ms (next.js: 1.2ms, proxy.ts: 1.6ms, application-code: 45ms)
 GET /login 200 in 37ms (next.js: 1.3ms, proxy.ts: 1.5ms, application-code: 34ms)
 GET /login 200 in 43ms (next.js: 1.1ms, proxy.ts: 1.6ms, application-code: 40ms)
 GET /login 200 in 46ms (next.js: 1.1ms, proxy.ts: 1.7ms, application-code: 43ms)
 GET /login 200 in 44ms (next.js: 1.4ms, proxy.ts: 3ms, application-code: 40ms)
 GET /login 200 in 39ms (next.js: 1.3ms, proxy.ts: 1.9ms, application-code: 36ms)
 GET /login 200 in 42ms (next.js: 1.1ms, proxy.ts: 1.7ms, application-code: 39ms)
 GET /login 200 in 41ms (next.js: 1.2ms, proxy.ts: 2ms, application-code: 37ms)
 GET /login 200 in 54ms (next.js: 1.3ms, proxy.ts: 1.8ms, application-code: 51ms)
 GET /login 200 in 42ms (next.js: 1.2ms, proxy.ts: 1.8ms, application-code: 39ms)
 GET /login 200 in 39ms (next.js: 1.3ms, proxy.ts: 1.9ms, application-code: 35ms)
 GET /login 200 in 44ms (next.js: 1.2ms, proxy.ts: 3ms, application-code: 40ms)
 GET /login 200 in 45ms (next.js: 1.5ms, proxy.ts: 1.9ms, application-code: 42ms)
 GET /login 200 in 54ms (next.js: 3ms, proxy.ts: 3ms, application-code: 48ms)
 GET /login 200 in 43ms (next.js: 1.2ms, proxy.ts: 2ms, application-code: 40ms)
 GET /login 200 in 38ms (next.js: 1.1ms, proxy.ts: 1.7ms, application-code: 35ms)
 GET /login 200 in 42ms (next.js: 1.1ms, proxy.ts: 1.6ms, application-code: 39ms)
 GET /login 200 in 44ms (next.js: 1.2ms, proxy.ts: 1.6ms, application-code: 41ms)
 GET /login 200 in 39ms (next.js: 1.1ms, proxy.ts: 1.8ms, application-code: 36ms)
 GET /login 200 in 39ms (next.js: 1.4ms, proxy.ts: 1.8ms, application-code: 36ms)
 GET /login 200 in 45ms (next.js: 1.2ms, proxy.ts: 2ms, application-code: 42ms)
 GET /login 200 in 39ms (next.js: 1.0ms, proxy.ts: 1.9ms, application-code: 36ms)
 GET /login 200 in 62ms (next.js: 1.2ms, proxy.ts: 2ms, application-code: 58ms)
 GET /login 200 in 41ms (next.js: 1.2ms, proxy.ts: 7ms, application-code: 34ms)
 GET /login 200 in 41ms (next.js: 1.3ms, proxy.ts: 2.0ms, application-code: 38ms)
 GET /login 200 in 41ms (next.js: 1.2ms, proxy.ts: 1.7ms, application-code: 38ms)
 GET /login 200 in 38ms (next.js: 1.2ms, proxy.ts: 1.9ms, application-code: 35ms)
 GET /login 200 in 36ms (next.js: 1.2ms, proxy.ts: 1.7ms, application-code: 33ms)
 GET /login 200 in 41ms (next.js: 1.2ms, proxy.ts: 1.8ms, application-code: 38ms)
 GET /login 200 in 35ms (next.js: 1.2ms, proxy.ts: 1.8ms, application-code: 32ms)
 GET /login 200 in 38ms (next.js: 1.1ms, proxy.ts: 2ms, application-code: 34ms)
 GET /login 200 in 96ms (next.js: 1.5ms, proxy.ts: 1.9ms, application-code: 92ms)
 GET /login 200 in 42ms (next.js: 1.0ms, proxy.ts: 2ms, application-code: 39ms)
 GET /login 200 in 44ms (next.js: 2ms, proxy.ts: 4ms, application-code: 38ms)
 GET /login 200 in 43ms (next.js: 1.1ms, proxy.ts: 1.9ms, application-code: 39ms)
 GET /login 200 in 38ms (next.js: 1.2ms, proxy.ts: 1.8ms, application-code: 35ms)
 GET /login 200 in 60ms (next.js: 1.4ms, proxy.ts: 1.5ms, application-code: 57ms)
 GET /login 200 in 41ms (next.js: 1.2ms, proxy.ts: 1.9ms, application-code: 37ms)
 GET /login 200 in 42ms (next.js: 1.1ms, proxy.ts: 2.0ms, application-code: 39ms)
 GET /login 200 in 43ms (next.js: 2ms, proxy.ts: 1.9ms, application-code: 39ms)
 GET /login 200 in 40ms (next.js: 1.3ms, proxy.ts: 1.9ms, application-code: 37ms)
 GET /login 200 in 47ms (next.js: 2ms, proxy.ts: 2.0ms, application-code: 42ms)
 GET /login 200 in 43ms (next.js: 1.5ms, proxy.ts: 2ms, application-code: 40ms)
 GET /login 200 in 39ms (next.js: 1.1ms, proxy.ts: 1.7ms, application-code: 36ms)
 GET /login 200 in 39ms (next.js: 1.2ms, proxy.ts: 1.8ms, application-code: 36ms)
 GET /login 200 in 54ms (next.js: 1.1ms, proxy.ts: 1.8ms, application-code: 51ms)
 GET /login 200 in 41ms (next.js: 1.5ms, proxy.ts: 2ms, application-code: 37ms)
 GET /login 200 in 40ms (next.js: 1.1ms, proxy.ts: 1.7ms, application-code: 37ms)
 GET /login 200 in 40ms (next.js: 1.3ms, proxy.ts: 1.7ms, application-code: 37ms)
 GET /login 200 in 43ms (next.js: 3ms, proxy.ts: 3ms, application-code: 36ms)
 GET /login 200 in 41ms (next.js: 1.1ms, proxy.ts: 1.7ms, application-code: 38ms)
 GET /login 200 in 40ms (next.js: 1.1ms, proxy.ts: 1.8ms, application-code: 37ms)
 GET /login 200 in 43ms (next.js: 1.1ms, proxy.ts: 2ms, application-code: 39ms)
 GET /login 200 in 39ms (next.js: 1.9ms, proxy.ts: 1.9ms, application-code: 36ms)
 GET /login 200 in 39ms (next.js: 1.1ms, proxy.ts: 1.6ms, application-code: 36ms)
 GET /login 200 in 40ms (next.js: 1.2ms, proxy.ts: 1.8ms, application-code: 37ms)
 GET /login 200 in 41ms (next.js: 1.1ms, proxy.ts: 5ms, application-code: 34ms)
 GET /login 200 in 42ms (next.js: 1.4ms, proxy.ts: 1.9ms, application-code: 38ms)
 GET /login 200 in 61ms (next.js: 1.3ms, proxy.ts: 2ms, application-code: 58ms)
 GET /login 200 in 54ms (next.js: 3ms, proxy.ts: 5ms, application-code: 45ms)
 GET /login 200 in 40ms (next.js: 1.6ms, proxy.ts: 2ms, application-code: 37ms)
 GET /login 200 in 51ms (next.js: 2ms, proxy.ts: 2ms, application-code: 46ms)
 GET /login 200 in 38ms (next.js: 1.1ms, proxy.ts: 1.7ms, application-code: 35ms)
 GET /login 200 in 42ms (next.js: 1.4ms, proxy.ts: 1.9ms, application-code: 39ms)
 GET /login 200 in 46ms (next.js: 1.3ms, proxy.ts: 2ms, application-code: 42ms)
 GET /login 200 in 40ms (next.js: 1.2ms, proxy.ts: 1.7ms, application-code: 37ms)
 GET /login 200 in 42ms (next.js: 1.1ms, proxy.ts: 1.7ms, application-code: 39ms)
 GET /login 200 in 45ms (next.js: 1.4ms, proxy.ts: 1.9ms, application-code: 41ms)
 GET /login 200 in 50ms (next.js: 1.1ms, proxy.ts: 1.5ms, application-code: 47ms)
 GET /login 200 in 38ms (next.js: 1.2ms, proxy.ts: 1.8ms, application-code: 35ms)
 GET /login 200 in 42ms (next.js: 1.3ms, proxy.ts: 6ms, application-code: 35ms)
 GET /login 200 in 38ms (next.js: 1.2ms, proxy.ts: 1.8ms, application-code: 35ms)
 GET /login 200 in 51ms (next.js: 1.3ms, proxy.ts: 1.9ms, application-code: 48ms)
 GET /login 200 in 42ms (next.js: 1.0ms, proxy.ts: 1.8ms, application-code: 40ms)
 GET /login 200 in 40ms (next.js: 1.1ms, proxy.ts: 1.9ms, application-code: 37ms)
 GET /login 200 in 42ms (next.js: 1.1ms, proxy.ts: 1.6ms, application-code: 39ms)
 GET /login 200 in 38ms (next.js: 1.3ms, proxy.ts: 1.9ms, application-code: 35ms)
 GET /login 200 in 39ms (next.js: 1.9ms, proxy.ts: 1.9ms, application-code: 35ms)
 GET /login 200 in 42ms (next.js: 1.2ms, proxy.ts: 1.7ms, application-code: 39ms)
 GET /login 200 in 39ms (next.js: 1.3ms, proxy.ts: 1.7ms, application-code: 36ms)
 GET /login 200 in 38ms (next.js: 1.4ms, proxy.ts: 2ms, application-code: 34ms)
 GET /login 200 in 42ms (next.js: 1.3ms, proxy.ts: 6ms, application-code: 35ms)
 GET /login 200 in 41ms (next.js: 1.3ms, proxy.ts: 2ms, application-code: 38ms)
 GET /login 200 in 41ms (next.js: 1.1ms, proxy.ts: 1.8ms, application-code: 38ms)
 GET /login 200 in 44ms (next.js: 1.6ms, proxy.ts: 3ms, application-code: 39ms)
 GET /login 200 in 44ms (next.js: 1.1ms, proxy.ts: 1.7ms, application-code: 41ms)
 GET /login 200 in 46ms (next.js: 1.2ms, proxy.ts: 1.6ms, application-code: 43ms)
 GET /login 200 in 38ms (next.js: 1.1ms, proxy.ts: 2.0ms, application-code: 35ms)
 GET /login 200 in 44ms (next.js: 1.4ms, proxy.ts: 6ms, application-code: 37ms)
 GET /login 200 in 42ms (next.js: 1.2ms, proxy.ts: 1.9ms, application-code: 39ms)
 GET /login 200 in 39ms (next.js: 1.2ms, proxy.ts: 1.7ms, application-code: 36ms)
 GET /login 200 in 38ms (next.js: 1.2ms, proxy.ts: 1.9ms, application-code: 34ms)
 GET /login 200 in 44ms (next.js: 1.4ms, proxy.ts: 2.0ms, application-code: 40ms)
 GET /login 200 in 38ms (next.js: 1.1ms, proxy.ts: 2ms, application-code: 35ms)
 GET /login 200 in 39ms (next.js: 1.1ms, proxy.ts: 1.9ms, application-code: 36ms)
 GET /login 200 in 42ms (next.js: 1.2ms, proxy.ts: 1.6ms, application-code: 39ms)
 GET /login 200 in 36ms (next.js: 1.0ms, proxy.ts: 1.7ms, application-code: 33ms)
 GET /login 200 in 37ms (next.js: 1.1ms, proxy.ts: 1.8ms, application-code: 34ms)
 GET /login 200 in 38ms (next.js: 4ms, proxy.ts: 1.5ms, application-code: 33ms)
 GET /login 200 in 39ms (next.js: 1.5ms, proxy.ts: 2ms, application-code: 35ms)
 GET /login 200 in 42ms (next.js: 1.2ms, proxy.ts: 1.8ms, application-code: 39ms)
 GET /login 200 in 37ms (next.js: 1.1ms, proxy.ts: 1.7ms, application-code: 34ms)
 GET /login 200 in 37ms (next.js: 1.0ms, proxy.ts: 2.0ms, application-code: 34ms)
 GET /login 200 in 42ms (next.js: 1.1ms, proxy.ts: 2.0ms, application-code: 39ms)
 GET /login 200 in 38ms (next.js: 1.3ms, proxy.ts: 3ms, application-code: 34ms)
 GET /login 200 in 38ms (next.js: 1.3ms, proxy.ts: 1.6ms, application-code: 35ms)
 GET /login 200 in 42ms (next.js: 1.2ms, proxy.ts: 2ms, application-code: 38ms)
 GET /login 200 in 36ms (next.js: 1.1ms, proxy.ts: 1.8ms, application-code: 33ms)
 GET /login 200 in 38ms (next.js: 1.1ms, proxy.ts: 3ms, application-code: 35ms)
 GET /login 200 in 40ms (next.js: 5ms, proxy.ts: 1.8ms, application-code: 33ms)
 GET /login 200 in 37ms (next.js: 1.2ms, proxy.ts: 2ms, application-code: 33ms)
 GET /login 200 in 41ms (next.js: 1.4ms, proxy.ts: 2ms, application-code: 38ms)
 GET /login 200 in 36ms (next.js: 1.0ms, proxy.ts: 1.9ms, application-code: 33ms)
 GET /login 200 in 38ms (next.js: 1.1ms, proxy.ts: 1.8ms, application-code: 35ms)
 GET /login 200 in 45ms (next.js: 1.1ms, proxy.ts: 2ms, application-code: 42ms)
 GET /login 200 in 39ms (next.js: 1.1ms, proxy.ts: 2ms, application-code: 36ms)
 GET /login 200 in 40ms (next.js: 1.2ms, proxy.ts: 1.9ms, application-code: 37ms)
 GET /login 200 in 42ms (next.js: 1.1ms, proxy.ts: 1.8ms, application-code: 39ms)
 GET /login 200 in 38ms (next.js: 1.2ms, proxy.ts: 1.8ms, application-code: 35ms)
 GET /login 200 in 39ms (next.js: 1.2ms, proxy.ts: 1.7ms, application-code: 36ms)
 GET /login 200 in 37ms (next.js: 1.2ms, proxy.ts: 1.8ms, application-code: 34ms)
 GET /login 200 in 38ms (next.js: 1.1ms, proxy.ts: 1.9ms, application-code: 35ms)
 GET /login 200 in 37ms (next.js: 1.0ms, proxy.ts: 1.7ms, application-code: 35ms)
 GET /login 200 in 43ms (next.js: 1.2ms, proxy.ts: 1.7ms, application-code: 40ms)
 GET /login 200 in 39ms (next.js: 1.4ms, proxy.ts: 1.8ms, application-code: 36ms)
 GET /login 200 in 43ms (next.js: 1.1ms, proxy.ts: 1.7ms, application-code: 40ms)
 GET /login 200 in 37ms (next.js: 1.0ms, proxy.ts: 4ms, application-code: 33ms)
 GET /login 200 in 36ms (next.js: 1.2ms, proxy.ts: 1.7ms, application-code: 34ms)
 GET /login 200 in 41ms (next.js: 1.1ms, proxy.ts: 2.0ms, application-code: 38ms)
 GET /login 200 in 39ms (next.js: 1.2ms, proxy.ts: 1.8ms, application-code: 36ms)
 GET /login 200 in 38ms (next.js: 1.0ms, proxy.ts: 1.9ms, application-code: 35ms)
 GET /login 200 in 40ms (next.js: 1.5ms, proxy.ts: 1.9ms, application-code: 36ms)
 GET /login 200 in 38ms (next.js: 1.5ms, proxy.ts: 2ms, application-code: 34ms)
 GET /login 200 in 38ms (next.js: 1.4ms, proxy.ts: 1.8ms, application-code: 34ms)
 GET /login 200 in 43ms (next.js: 1.1ms, proxy.ts: 2.0ms, application-code: 40ms)
 GET /login 200 in 56ms (next.js: 3ms, proxy.ts: 4ms, application-code: 49ms)
 GET /login 200 in 41ms (next.js: 1.1ms, proxy.ts: 1.9ms, application-code: 38ms)
 GET /login 200 in 40ms (next.js: 1.2ms, proxy.ts: 2.0ms, application-code: 37ms)
 GET /login 200 in 42ms (next.js: 1.7ms, proxy.ts: 3ms, application-code: 37ms)
 GET /login 200 in 42ms (next.js: 1.2ms, proxy.ts: 1.9ms, application-code: 39ms)
 GET /login 200 in 36ms (next.js: 1.3ms, proxy.ts: 1.9ms, application-code: 33ms)
 GET /login 200 in 38ms (next.js: 1.2ms, proxy.ts: 1.8ms, application-code: 35ms)
 GET /login 200 in 71ms (next.js: 1.7ms, proxy.ts: 4ms, application-code: 66ms)
 GET /login 200 in 38ms (next.js: 1.2ms, proxy.ts: 2ms, application-code: 35ms)
 GET /login 200 in 56ms (next.js: 1.2ms, proxy.ts: 1.6ms, application-code: 53ms)
 GET /login 200 in 50ms (next.js: 1.3ms, proxy.ts: 1.9ms, application-code: 47ms)
 GET /login 200 in 39ms (next.js: 1.2ms, proxy.ts: 1.8ms, application-code: 36ms)
 GET /login 200 in 39ms (next.js: 1.2ms, proxy.ts: 1.9ms, application-code: 36ms)
 GET /login 200 in 93ms (next.js: 4ms, proxy.ts: 6ms, application-code: 83ms)
 GET /login 200 in 44ms (next.js: 1.4ms, proxy.ts: 2ms, application-code: 40ms)
 GET /login 200 in 42ms (next.js: 1.4ms, proxy.ts: 2ms, application-code: 38ms)
 GET /login 200 in 39ms (next.js: 1.3ms, proxy.ts: 2ms, application-code: 36ms)
 GET /login 200 in 42ms (next.js: 1.0ms, proxy.ts: 1.6ms, application-code: 39ms)
 GET /login 200 in 41ms (next.js: 1.3ms, proxy.ts: 1.8ms, application-code: 38ms)
 GET /login 200 in 40ms (next.js: 1.1ms, proxy.ts: 1.8ms, application-code: 37ms)
 GET /login 200 in 50ms (next.js: 3ms, proxy.ts: 3ms, application-code: 44ms)
 GET /login 200 in 42ms (next.js: 1.3ms, proxy.ts: 1.9ms, application-code: 39ms)
 GET /login 200 in 43ms (next.js: 3ms, proxy.ts: 2.0ms, application-code: 38ms)
 GET /login 200 in 45ms (next.js: 1.4ms, proxy.ts: 1.8ms, application-code: 41ms)
 GET /login 200 in 42ms (next.js: 1.3ms, proxy.ts: 1.9ms, application-code: 38ms)
 GET /login 200 in 39ms (next.js: 1.1ms, proxy.ts: 1.6ms, application-code: 36ms)
 GET /login 200 in 69ms (next.js: 2ms, proxy.ts: 2ms, application-code: 64ms)
 GET /login 200 in 57ms (next.js: 1.6ms, proxy.ts: 4ms, application-code: 52ms)
 GET /login 200 in 43ms (next.js: 1.2ms, proxy.ts: 1.8ms, application-code: 40ms)
 GET /login 200 in 39ms (next.js: 1.1ms, proxy.ts: 1.6ms, application-code: 37ms)
 GET /login 200 in 46ms (next.js: 1.2ms, proxy.ts: 2ms, application-code: 42ms)
 GET /login 200 in 46ms (next.js: 1.1ms, proxy.ts: 5ms, application-code: 39ms)
 GET /login 200 in 64ms (next.js: 1.0ms, proxy.ts: 1.4ms, application-code: 62ms)
 GET /login 200 in 46ms (next.js: 1.2ms, proxy.ts: 1.9ms, application-code: 43ms)
 GET /login 200 in 50ms (next.js: 1.5ms, proxy.ts: 2.0ms, application-code: 46ms)
 GET /login 200 in 48ms (next.js: 1.8ms, proxy.ts: 3ms, application-code: 43ms)
 GET /login 200 in 38ms (next.js: 1.1ms, proxy.ts: 1.8ms, application-code: 35ms)
 GET /login 200 in 43ms (next.js: 1.2ms, proxy.ts: 1.8ms, application-code: 40ms)
 GET /login 200 in 77ms (next.js: 22ms, proxy.ts: 1.9ms, application-code: 52ms)
 GET /login 200 in 39ms (next.js: 1.3ms, proxy.ts: 1.9ms, application-code: 36ms)
 GET /login 200 in 40ms (next.js: 1.2ms, proxy.ts: 2.0ms, application-code: 37ms)
 GET /login 200 in 40ms (next.js: 1.5ms, proxy.ts: 1.9ms, application-code: 37ms)
 GET /login 200 in 45ms (next.js: 1.3ms, proxy.ts: 1.7ms, application-code: 42ms)
 GET /login 200 in 43ms (next.js: 1.3ms, proxy.ts: 2ms, application-code: 40ms)
 GET /login 200 in 38ms (next.js: 1.1ms, proxy.ts: 1.8ms, application-code: 35ms)
 GET /login 200 in 67ms (next.js: 1.2ms, proxy.ts: 1.6ms, application-code: 64ms)
 GET /login 200 in 62ms (next.js: 1.7ms, proxy.ts: 7ms, application-code: 54ms)
 GET /login 200 in 36ms (next.js: 1.1ms, proxy.ts: 1.6ms, application-code: 33ms)
 GET /login 200 in 44ms (next.js: 1.3ms, proxy.ts: 1.8ms, application-code: 40ms)
 GET /login 200 in 45ms (next.js: 1.3ms, proxy.ts: 1.8ms, application-code: 42ms)
 GET /login 200 in 38ms (next.js: 1.1ms, proxy.ts: 1.6ms, application-code: 35ms)
 GET /login 200 in 43ms (next.js: 1.1ms, proxy.ts: 1.7ms, application-code: 40ms)
 GET /login 200 in 37ms (next.js: 1.2ms, proxy.ts: 1.8ms, application-code: 34ms)
 GET /login 200 in 44ms (next.js: 2ms, proxy.ts: 3ms, application-code: 39ms)
 GET /login 200 in 42ms (next.js: 1.1ms, proxy.ts: 1.7ms, application-code: 40ms)
 GET /login 200 in 37ms (next.js: 1.3ms, proxy.ts: 1.7ms, application-code: 34ms)
 GET /login 200 in 37ms (next.js: 1.1ms, proxy.ts: 1.7ms, application-code: 35ms)
 GET /login 200 in 42ms (next.js: 1.1ms, proxy.ts: 1.6ms, application-code: 39ms)
 GET /login 200 in 38ms (next.js: 1.2ms, proxy.ts: 1.7ms, application-code: 35ms)
 GET /login 200 in 46ms (next.js: 1.3ms, proxy.ts: 2ms, application-code: 43ms)
 GET /login 200 in 39ms (next.js: 1.0ms, proxy.ts: 3ms, application-code: 34ms)
 GET /login 200 in 38ms (next.js: 1.2ms, proxy.ts: 1.7ms, application-code: 35ms)
 GET /login 200 in 75ms (next.js: 1.2ms, proxy.ts: 1.8ms, application-code: 72ms)
 GET /login 200 in 40ms (next.js: 1.3ms, proxy.ts: 1.8ms, application-code: 37ms)
 GET /login 200 in 38ms (next.js: 1.3ms, proxy.ts: 1.9ms, application-code: 35ms)
 GET /login 200 in 42ms (next.js: 1.3ms, proxy.ts: 2.0ms, application-code: 38ms)
 GET /login 200 in 51ms (next.js: 1.0ms, proxy.ts: 1.5ms, application-code: 49ms)
 GET /login 200 in 42ms (next.js: 2ms, proxy.ts: 3ms, application-code: 37ms)
 GET /login 200 in 48ms (next.js: 1.4ms, proxy.ts: 10ms, application-code: 37ms)
 GET /login 200 in 40ms (next.js: 1.2ms, proxy.ts: 2ms, application-code: 36ms)
 GET /login 200 in 43ms (next.js: 1.5ms, proxy.ts: 2ms, application-code: 39ms)
 GET /login 200 in 41ms (next.js: 1.4ms, proxy.ts: 1.9ms, application-code: 38ms)
 GET /login 200 in 62ms (next.js: 1.2ms, proxy.ts: 1.8ms, application-code: 59ms)
 GET /login 200 in 63ms (next.js: 1.9ms, proxy.ts: 3ms, application-code: 58ms)
 GET /login 200 in 56ms (next.js: 1.2ms, proxy.ts: 1.8ms, application-code: 53ms)
 GET /login 200 in 38ms (next.js: 1.2ms, proxy.ts: 1.8ms, application-code: 35ms)
 GET /login 200 in 47ms (next.js: 1.1ms, proxy.ts: 5ms, application-code: 41ms)
 GET /login 200 in 53ms (next.js: 1.4ms, proxy.ts: 2.0ms, application-code: 50ms)
 GET /login 200 in 38ms (next.js: 1.2ms, proxy.ts: 1.8ms, application-code: 35ms)
 GET /login 200 in 43ms (next.js: 1.2ms, proxy.ts: 1.9ms, application-code: 40ms)
 GET /login 200 in 40ms (next.js: 1.3ms, proxy.ts: 1.9ms, application-code: 37ms)
 GET /login 200 in 39ms (next.js: 1.3ms, proxy.ts: 2ms, application-code: 36ms)
 GET /login 200 in 44ms (next.js: 1.1ms, proxy.ts: 1.7ms, application-code: 41ms)
 GET /login 200 in 43ms (next.js: 1.3ms, proxy.ts: 2ms, application-code: 39ms)
 GET /login 200 in 42ms (next.js: 1.3ms, proxy.ts: 1.8ms, application-code: 39ms)
 GET /login 200 in 39ms (next.js: 1.1ms, proxy.ts: 2ms, application-code: 36ms)
 GET /login 200 in 44ms (next.js: 1.1ms, proxy.ts: 1.8ms, application-code: 41ms)
 GET /login 200 in 71ms (next.js: 2ms, proxy.ts: 7ms, application-code: 62ms)
 GET /login 200 in 38ms (next.js: 1.1ms, proxy.ts: 1.7ms, application-code: 35ms)
 GET /login 200 in 49ms (next.js: 1.2ms, proxy.ts: 1.8ms, application-code: 46ms)
 GET /login 200 in 37ms (next.js: 1.0ms, proxy.ts: 1.6ms, application-code: 34ms)
 GET /login 200 in 47ms (next.js: 1.7ms, proxy.ts: 1.9ms, application-code: 43ms)
 GET /login 200 in 58ms (next.js: 2.0ms, proxy.ts: 3ms, application-code: 53ms)
 GET /login 200 in 40ms (next.js: 0.9ms, proxy.ts: 1.4ms, application-code: 37ms)
 GET /login 200 in 43ms (next.js: 1.4ms, proxy.ts: 2.0ms, application-code: 40ms)
 GET /login 200 in 48ms (next.js: 1.3ms, proxy.ts: 1.9ms, application-code: 45ms)
 GET /login 200 in 43ms (next.js: 1.3ms, proxy.ts: 2.0ms, application-code: 39ms)
 GET /login 200 in 40ms (next.js: 1.3ms, proxy.ts: 1.8ms, application-code: 37ms)
 GET /login 200 in 44ms (next.js: 3ms, proxy.ts: 2ms, application-code: 38ms)
 GET /login 200 in 55ms (next.js: 1.9ms, proxy.ts: 3ms, application-code: 50ms)
 GET /login 200 in 44ms (next.js: 1.6ms, proxy.ts: 3ms, application-code: 39ms)
 GET /login 200 in 41ms (next.js: 1.4ms, proxy.ts: 2ms, application-code: 37ms)
 GET /login 200 in 44ms (next.js: 1.4ms, proxy.ts: 1.9ms, application-code: 40ms)
 GET /login 200 in 84ms (next.js: 2ms, proxy.ts: 3ms, application-code: 78ms)
 GET /login 200 in 44ms (next.js: 1.3ms, proxy.ts: 3ms, application-code: 40ms)
 GET /login 200 in 49ms (next.js: 1.2ms, proxy.ts: 1.7ms, application-code: 46ms)
 GET /login 200 in 43ms (next.js: 5ms, proxy.ts: 2ms, application-code: 36ms)
 GET /login 200 in 42ms (next.js: 1.2ms, proxy.ts: 1.8ms, application-code: 39ms)
 GET /login 200 in 41ms (next.js: 1.2ms, proxy.ts: 1.8ms, application-code: 38ms)
 GET /login 200 in 42ms (next.js: 1.2ms, proxy.ts: 1.9ms, application-code: 38ms)
 GET /login 200 in 41ms (next.js: 1.7ms, proxy.ts: 3ms, application-code: 37ms)
 GET /login 200 in 41ms (next.js: 1.3ms, proxy.ts: 2.0ms, application-code: 38ms)
 GET /login 200 in 42ms (next.js: 1.3ms, proxy.ts: 1.8ms, application-code: 39ms)
 GET /login 200 in 46ms (next.js: 4ms, proxy.ts: 1.5ms, application-code: 40ms)
 GET /login 200 in 47ms (next.js: 0.9ms, proxy.ts: 1.3ms, application-code: 45ms)
 GET /login 200 in 40ms (next.js: 1.2ms, proxy.ts: 1.8ms, application-code: 37ms)
 GET /login 200 in 41ms (next.js: 1.2ms, proxy.ts: 1.8ms, application-code: 38ms)
 GET /login 200 in 41ms (next.js: 1.3ms, proxy.ts: 1.8ms, application-code: 38ms)
 GET /login 200 in 57ms (next.js: 1.1ms, proxy.ts: 1.8ms, application-code: 54ms)
 GET /login 200 in 40ms (next.js: 1.2ms, proxy.ts: 1.8ms, application-code: 37ms)
 GET /login 200 in 39ms (next.js: 1.5ms, proxy.ts: 2ms, application-code: 35ms)
 GET /login 200 in 50ms (next.js: 3ms, proxy.ts: 4ms, application-code: 43ms)
 GET /login 200 in 41ms (next.js: 1.3ms, proxy.ts: 1.8ms, application-code: 38ms)
 GET /login 200 in 39ms (next.js: 1.2ms, proxy.ts: 2ms, application-code: 36ms)
 GET /login 200 in 45ms (next.js: 1.6ms, proxy.ts: 2ms, application-code: 42ms)
 GET /login 200 in 38ms (next.js: 1.5ms, proxy.ts: 2.0ms, application-code: 35ms)
 GET /login 200 in 48ms (next.js: 1.7ms, proxy.ts: 3ms, application-code: 43ms)
 GET /login 200 in 43ms (next.js: 1.3ms, proxy.ts: 2ms, application-code: 39ms)
 GET /login 200 in 43ms (next.js: 1.7ms, proxy.ts: 3ms, application-code: 38ms)
 GET /login 200 in 40ms (next.js: 1.1ms, proxy.ts: 1.7ms, application-code: 37ms)
 GET /login 200 in 38ms (next.js: 1.3ms, proxy.ts: 1.9ms, application-code: 35ms)
 GET /login 200 in 37ms (next.js: 1.1ms, proxy.ts: 1.9ms, application-code: 34ms)
 GET /login 200 in 45ms (next.js: 2ms, proxy.ts: 1.8ms, application-code: 41ms)
 GET /login 200 in 37ms (next.js: 1.2ms, proxy.ts: 1.8ms, application-code: 34ms)
 GET /login 200 in 38ms (next.js: 1.4ms, proxy.ts: 1.9ms, application-code: 35ms)
 GET /login 200 in 44ms (next.js: 1.2ms, proxy.ts: 2ms, application-code: 41ms)
 GET /login 200 in 40ms (next.js: 1.5ms, proxy.ts: 2ms, application-code: 36ms)
 GET /login 200 in 40ms (next.js: 1.1ms, proxy.ts: 1.7ms, application-code: 37ms)
 GET /login 200 in 41ms (next.js: 1.0ms, proxy.ts: 1.7ms, application-code: 38ms)
 GET /login 200 in 37ms (next.js: 1.1ms, proxy.ts: 1.7ms, application-code: 35ms)
 GET /login 200 in 37ms (next.js: 1.2ms, proxy.ts: 1.8ms, application-code: 34ms)
 GET /login 200 in 61ms (next.js: 4ms, proxy.ts: 1.8ms, application-code: 55ms)
 GET /login 200 in 38ms (next.js: 1.1ms, proxy.ts: 1.7ms, application-code: 35ms)
 GET /login 200 in 41ms (next.js: 1.1ms, proxy.ts: 1.8ms, application-code: 38ms)
 GET /login 200 in 50ms (next.js: 1.1ms, proxy.ts: 1.5ms, application-code: 48ms)
 GET /login 200 in 40ms (next.js: 1.9ms, proxy.ts: 3ms, application-code: 35ms)
 GET /login 200 in 59ms (next.js: 1.7ms, proxy.ts: 2ms, application-code: 55ms)
 GET /login 200 in 41ms (next.js: 1.3ms, proxy.ts: 2ms, application-code: 38ms)
 GET /login 200 in 42ms (next.js: 1.8ms, proxy.ts: 3ms, application-code: 37ms)
 GET /api/auth/session 200 in 91ms (next.js: 69ms, application-code: 22ms)
 GET /api/auth/session 200 in 6ms (next.js: 3ms, application-code: 4ms)
 GET /login 200 in 64ms (next.js: 1.6ms, proxy.ts: 3ms, application-code: 60ms)
 GET /login 200 in 50ms (next.js: 2ms, proxy.ts: 1.6ms, application-code: 47ms)
 GET /login 200 in 44ms (next.js: 1.2ms, proxy.ts: 1.8ms, application-code: 41ms)
 GET /login 200 in 62ms (next.js: 2.0ms, proxy.ts: 3ms, application-code: 57ms)
 GET /api/auth/csrf 200 in 5ms (next.js: 2ms, application-code: 3ms)
 POST /api/auth/signout 200 in 4ms (next.js: 0.9ms, application-code: 3ms)
 GET /login 200 in 63ms (next.js: 6ms, proxy.ts: 10ms, application-code: 48ms)
 GET /api/branding/logo 200 in 63ms (next.js: 18ms, application-code: 45ms)
 GET /api/auth/session 200 in 14ms (next.js: 7ms, application-code: 8ms)
 GET /api/auth/session 200 in 9ms (next.js: 3ms, application-code: 5ms)
 GET /api/auth/session 200 in 10ms (next.js: 2ms, application-code: 8ms)
 GET /api/auth/session 200 in 4ms (next.js: 0.9ms, application-code: 3ms)
 GET /login 200 in 48ms (next.js: 1.3ms, proxy.ts: 3ms, application-code: 43ms)
 GET /login 200 in 44ms (next.js: 1.2ms, proxy.ts: 1.9ms, application-code: 41ms)
 GET /login 200 in 105ms (next.js: 2ms, proxy.ts: 6ms, application-code: 97ms)
 GET /login 200 in 50ms (next.js: 1.0ms, proxy.ts: 1.4ms, application-code: 48ms)
 GET /login 200 in 55ms (next.js: 2.0ms, proxy.ts: 3ms, application-code: 50ms)
 GET /login 200 in 52ms (next.js: 1.3ms, proxy.ts: 1.7ms, application-code: 49ms)
 GET /login 200 in 50ms (next.js: 1.4ms, proxy.ts: 1.8ms, application-code: 47ms)
 GET /login 200 in 39ms (next.js: 1.2ms, proxy.ts: 2ms, application-code: 36ms)
 GET /login 200 in 47ms (next.js: 1.4ms, proxy.ts: 1.9ms, application-code: 44ms)
 GET /login 200 in 56ms (next.js: 3ms, proxy.ts: 2ms, application-code: 51ms)
 GET /login 200 in 38ms (next.js: 1.3ms, proxy.ts: 1.7ms, application-code: 35ms)
 GET /login 200 in 46ms (next.js: 1.1ms, proxy.ts: 3ms, application-code: 42ms)
 GET /login 200 in 47ms (next.js: 2ms, proxy.ts: 2ms, application-code: 42ms)
 GET /login 200 in 51ms (next.js: 5ms, proxy.ts: 1.9ms, application-code: 44ms)
 GET /login 200 in 51ms (next.js: 1.3ms, proxy.ts: 1.8ms, application-code: 48ms)
 GET /login 200 in 101ms (next.js: 1.5ms, proxy.ts: 1.8ms, application-code: 98ms)
 GET /login 200 in 50ms (next.js: 1.4ms, proxy.ts: 3ms, application-code: 46ms)
 GET /login 200 in 105ms (next.js: 3ms, proxy.ts: 1.6ms, application-code: 101ms)
 GET /login 200 in 112ms (next.js: 1.2ms, proxy.ts: 2ms, application-code: 109ms)
 GET /login 200 in 79ms (next.js: 10ms, proxy.ts: 6ms, application-code: 63ms)
 GET /login 200 in 54ms (next.js: 1.3ms, proxy.ts: 1.9ms, application-code: 51ms)
 GET /login 200 in 47ms (next.js: 1.7ms, proxy.ts: 2ms, application-code: 43ms)
 GET /login 200 in 42ms (next.js: 1.3ms, proxy.ts: 1.8ms, application-code: 39ms)
 GET /login 200 in 55ms (next.js: 1.3ms, proxy.ts: 5ms, application-code: 49ms)
 GET /login 200 in 40ms (next.js: 1.3ms, proxy.ts: 2ms, application-code: 37ms)
 GET /login 200 in 57ms (next.js: 3ms, proxy.ts: 2ms, application-code: 53ms)
 GET /login 200 in 54ms (next.js: 1.2ms, proxy.ts: 1.3ms, application-code: 52ms)
 GET /login 200 in 42ms (next.js: 1.7ms, proxy.ts: 3ms, application-code: 38ms)
 GET /login 200 in 73ms (next.js: 2ms, proxy.ts: 2ms, application-code: 68ms)
 GET /login 200 in 58ms (next.js: 1.5ms, proxy.ts: 2.0ms, application-code: 55ms)
 GET /login 200 in 46ms (next.js: 1.4ms, proxy.ts: 3ms, application-code: 42ms)
 GET /login 200 in 64ms (next.js: 3ms, proxy.ts: 2ms, application-code: 59ms)
 GET /login 200 in 51ms (next.js: 1.3ms, proxy.ts: 2ms, application-code: 48ms)
 GET /login 200 in 40ms (next.js: 1.4ms, proxy.ts: 1.8ms, application-code: 37ms)
 GET /login 200 in 42ms (next.js: 1.1ms, proxy.ts: 1.6ms, application-code: 39ms)
 GET /login 200 in 44ms (next.js: 1.2ms, proxy.ts: 1.9ms, application-code: 41ms)
 GET /login 200 in 39ms (next.js: 1.3ms, proxy.ts: 1.8ms, application-code: 35ms)
 GET /login 200 in 209ms (next.js: 4ms, proxy.ts: 9ms, application-code: 196ms)
 GET /login 200 in 63ms (next.js: 4ms, proxy.ts: 5ms, application-code: 54ms)
 GET /login 200 in 58ms (next.js: 3ms, proxy.ts: 4ms, application-code: 51ms)
 GET /login 200 in 127ms (next.js: 12ms, proxy.ts: 16ms, application-code: 99ms)
 GET /login 200 in 59ms (next.js: 1.7ms, proxy.ts: 2ms, application-code: 56ms)
 GET /login 200 in 64ms (next.js: 1.3ms, proxy.ts: 2ms, application-code: 61ms)
 GET /login 200 in 38ms (next.js: 1.0ms, proxy.ts: 1.4ms, application-code: 36ms)
 GET /login 200 in 40ms (next.js: 0.9ms, proxy.ts: 1.2ms, application-code: 38ms)
 GET /login 200 in 87ms (next.js: 2ms, proxy.ts: 4ms, application-code: 82ms)
 GET /login 200 in 39ms (next.js: 1.1ms, proxy.ts: 1.5ms, application-code: 36ms)
 GET /login 200 in 38ms (next.js: 1.5ms, proxy.ts: 1.8ms, application-code: 35ms)
 GET /login 200 in 44ms (next.js: 1.3ms, proxy.ts: 1.8ms, application-code: 41ms)
 GET /login 200 in 42ms (next.js: 1.2ms, proxy.ts: 1.9ms, application-code: 39ms)
 GET /login 200 in 69ms (next.js: 1.2ms, proxy.ts: 2ms, application-code: 66ms)
 GET /login 200 in 47ms (next.js: 1.3ms, proxy.ts: 2.0ms, application-code: 44ms)
 GET /login 200 in 45ms (next.js: 1.3ms, proxy.ts: 2ms, application-code: 41ms)
 GET /login 200 in 46ms (next.js: 1.2ms, proxy.ts: 2ms, application-code: 42ms)
 GET /login 200 in 40ms (next.js: 1.0ms, proxy.ts: 1.6ms, application-code: 37ms)
 GET /login 200 in 41ms (next.js: 1.3ms, proxy.ts: 1.8ms, application-code: 38ms)
 GET /login 200 in 45ms (next.js: 1.5ms, proxy.ts: 3ms, application-code: 40ms)
 GET /login 200 in 122ms (next.js: 1.2ms, proxy.ts: 3ms, application-code: 117ms)
 GET /login 200 in 48ms (next.js: 1.3ms, proxy.ts: 1.7ms, application-code: 45ms)
 GET /login 200 in 54ms (next.js: 1.8ms, proxy.ts: 2ms, application-code: 50ms)
 GET /login 200 in 79ms (next.js: 12ms, proxy.ts: 7ms, application-code: 59ms)
 GET /login 200 in 40ms (next.js: 1.1ms, proxy.ts: 1.7ms, application-code: 37ms)
 GET /login 200 in 44ms (next.js: 1.3ms, proxy.ts: 2ms, application-code: 41ms)
 GET /login 200 in 67ms (next.js: 1.9ms, proxy.ts: 2ms, application-code: 63ms)
 GET /login 200 in 43ms (next.js: 1.6ms, proxy.ts: 1.8ms, application-code: 39ms)
 GET /login 200 in 43ms (next.js: 2.0ms, proxy.ts: 2ms, application-code: 39ms)
 GET /login 200 in 40ms (next.js: 1.1ms, proxy.ts: 2ms, application-code: 36ms)
 GET /login 200 in 41ms (next.js: 1.2ms, proxy.ts: 1.8ms, application-code: 38ms)
 GET /login 200 in 46ms (next.js: 1.6ms, proxy.ts: 1.7ms, application-code: 43ms)
 GET /login 200 in 39ms (next.js: 1.2ms, proxy.ts: 1.7ms, application-code: 36ms)
 GET /login 200 in 44ms (next.js: 1.8ms, proxy.ts: 4ms, application-code: 38ms)
 GET /login 200 in 44ms (next.js: 1.1ms, proxy.ts: 1.7ms, application-code: 41ms)
 GET /login 200 in 40ms (next.js: 1.3ms, proxy.ts: 2.0ms, application-code: 37ms)
 GET /login 200 in 40ms (next.js: 1.5ms, proxy.ts: 2ms, application-code: 37ms)
 GET /login 200 in 38ms (next.js: 0.9ms, proxy.ts: 1.5ms, application-code: 36ms)
 GET /login 200 in 62ms (next.js: 1.3ms, proxy.ts: 1.5ms, application-code: 59ms)
 GET /login 200 in 52ms (next.js: 1.8ms, proxy.ts: 3ms, application-code: 47ms)
 GET /login 200 in 52ms (next.js: 1.3ms, proxy.ts: 1.9ms, application-code: 49ms)
 GET /login 200 in 40ms (next.js: 1.2ms, proxy.ts: 1.7ms, application-code: 37ms)
 GET /login 200 in 38ms (next.js: 1.1ms, proxy.ts: 1.6ms, application-code: 35ms)
 GET /login 200 in 45ms (next.js: 1.2ms, proxy.ts: 2.0ms, application-code: 42ms)
 GET /login 200 in 42ms (next.js: 1.2ms, proxy.ts: 2ms, application-code: 39ms)
 GET /login 200 in 49ms (next.js: 1.7ms, proxy.ts: 1.5ms, application-code: 46ms)
 GET /login 200 in 55ms (next.js: 1.2ms, proxy.ts: 1.8ms, application-code: 52ms)
 GET /login 200 in 39ms (next.js: 1.2ms, proxy.ts: 1.9ms, application-code: 35ms)
 GET /login 200 in 45ms (next.js: 1.3ms, proxy.ts: 1.9ms, application-code: 42ms)
 GET /login 200 in 37ms (next.js: 1.2ms, proxy.ts: 1.8ms, application-code: 34ms)
 GET /login 200 in 37ms (next.js: 1.1ms, proxy.ts: 1.6ms, application-code: 34ms)
 GET /login 200 in 49ms (next.js: 1.5ms, proxy.ts: 1.9ms, application-code: 45ms)
 GET /login 200 in 43ms (next.js: 1.1ms, proxy.ts: 4ms, application-code: 38ms)
 GET /login 200 in 36ms (next.js: 1.1ms, proxy.ts: 1.5ms, application-code: 33ms)
 GET /login 200 in 48ms (next.js: 1.2ms, proxy.ts: 1.8ms, application-code: 45ms)
 GET /login 200 in 39ms (next.js: 1.2ms, proxy.ts: 1.8ms, application-code: 36ms)
 GET /login 200 in 38ms (next.js: 1.2ms, proxy.ts: 1.9ms, application-code: 35ms)
 GET /login 200 in 62ms (next.js: 5ms, proxy.ts: 1.8ms, application-code: 55ms)
 GET /login 200 in 38ms (next.js: 1.8ms, proxy.ts: 1.7ms, application-code: 34ms)
 GET /login 200 in 49ms (next.js: 1.7ms, proxy.ts: 3ms, application-code: 44ms)
 GET /login 200 in 37ms (next.js: 1.3ms, proxy.ts: 1.9ms, application-code: 34ms)
 GET /login 200 in 39ms (next.js: 1.3ms, proxy.ts: 1.9ms, application-code: 36ms)
 GET /login 200 in 47ms (next.js: 1.4ms, proxy.ts: 1.8ms, application-code: 44ms)
 GET /login 200 in 40ms (next.js: 1.5ms, proxy.ts: 2ms, application-code: 36ms)
 GET /login 200 in 39ms (next.js: 1.1ms, proxy.ts: 1.8ms, application-code: 36ms)
 GET /login 200 in 42ms (next.js: 1.7ms, proxy.ts: 1.9ms, application-code: 39ms)
 GET /login 200 in 37ms (next.js: 1.0ms, proxy.ts: 1.7ms, application-code: 34ms)
 GET /login 200 in 61ms (next.js: 1.8ms, proxy.ts: 1.7ms, application-code: 58ms)
 GET /login 200 in 36ms (next.js: 0.8ms, proxy.ts: 1.4ms, application-code: 33ms)
 GET /login 200 in 38ms (next.js: 1.1ms, proxy.ts: 1.8ms, application-code: 35ms)
 GET /login 200 in 38ms (next.js: 1.3ms, proxy.ts: 1.9ms, application-code: 34ms)
 GET /login 200 in 44ms (next.js: 1.7ms, proxy.ts: 2ms, application-code: 40ms)
 GET /login 200 in 59ms (next.js: 1.2ms, proxy.ts: 1.8ms, application-code: 56ms)
 GET /login 200 in 47ms (next.js: 1.1ms, proxy.ts: 1.9ms, application-code: 44ms)
 GET /login 200 in 44ms (next.js: 1.9ms, proxy.ts: 3ms, application-code: 38ms)
 GET /login 200 in 38ms (next.js: 1.2ms, proxy.ts: 1.8ms, application-code: 35ms)
 GET /login 200 in 50ms (next.js: 6ms, proxy.ts: 3ms, application-code: 41ms)
 GET /login 200 in 38ms (next.js: 1.3ms, proxy.ts: 1.7ms, application-code: 35ms)
 GET /login 200 in 38ms (next.js: 1.2ms, proxy.ts: 1.8ms, application-code: 35ms)
 GET /login 200 in 47ms (next.js: 1.2ms, proxy.ts: 1.8ms, application-code: 44ms)
 GET /login 200 in 38ms (next.js: 1.1ms, proxy.ts: 3ms, application-code: 34ms)
 GET /login 200 in 37ms (next.js: 1.1ms, proxy.ts: 1.7ms, application-code: 34ms)
 GET /login 200 in 45ms (next.js: 1.2ms, proxy.ts: 1.7ms, application-code: 42ms)
 GET /login 200 in 41ms (next.js: 1.3ms, proxy.ts: 1.7ms, application-code: 38ms)
 GET /login 200 in 37ms (next.js: 1.2ms, proxy.ts: 1.8ms, application-code: 34ms)
 GET /login 200 in 40ms (next.js: 1.4ms, proxy.ts: 5ms, application-code: 34ms)
 GET /login 200 in 39ms (next.js: 1.7ms, proxy.ts: 1.8ms, application-code: 35ms)
 GET /login 200 in 47ms (next.js: 1.3ms, proxy.ts: 1.9ms, application-code: 44ms)
 GET /login 200 in 36ms (next.js: 1.2ms, proxy.ts: 1.6ms, application-code: 33ms)
 GET /login 200 in 42ms (next.js: 1.2ms, proxy.ts: 1.8ms, application-code: 39ms)
 GET /login 200 in 51ms (next.js: 1.3ms, proxy.ts: 1.9ms, application-code: 48ms)
 GET /login 200 in 36ms (next.js: 1.1ms, proxy.ts: 1.8ms, application-code: 34ms)
 GET /login 200 in 41ms (next.js: 1.3ms, proxy.ts: 1.6ms, application-code: 38ms)
 GET /login 200 in 40ms (next.js: 1.5ms, proxy.ts: 3ms, application-code: 36ms)
 GET /login 200 in 37ms (next.js: 1.1ms, proxy.ts: 1.8ms, application-code: 34ms)
 GET /login 200 in 39ms (next.js: 1.1ms, proxy.ts: 1.9ms, application-code: 35ms)
 GET /login 200 in 39ms (next.js: 1.3ms, proxy.ts: 1.8ms, application-code: 36ms)
 GET /login 200 in 42ms (next.js: 1.1ms, proxy.ts: 1.7ms, application-code: 39ms)
 GET /login 200 in 39ms (next.js: 1.1ms, proxy.ts: 1.8ms, application-code: 36ms)
 GET /login 200 in 41ms (next.js: 1.2ms, proxy.ts: 2ms, application-code: 37ms)
 GET /login 200 in 43ms (next.js: 1.6ms, proxy.ts: 2.0ms, application-code: 40ms)
 GET /login 200 in 45ms (next.js: 1.1ms, proxy.ts: 1.8ms, application-code: 42ms)
 GET /login 200 in 61ms (next.js: 4ms, proxy.ts: 2ms, application-code: 55ms)
 GET /login 200 in 42ms (next.js: 1.3ms, proxy.ts: 2ms, application-code: 38ms)
 GET /login 200 in 47ms (next.js: 1.2ms, proxy.ts: 2.0ms, application-code: 44ms)
 GET /login 200 in 41ms (next.js: 1.5ms, proxy.ts: 1.9ms, application-code: 37ms)
 GET /login 200 in 41ms (next.js: 1.3ms, proxy.ts: 2ms, application-code: 38ms)
 GET /login 200 in 51ms (next.js: 1.5ms, proxy.ts: 2ms, application-code: 48ms)
 GET /login 200 in 40ms (next.js: 1.0ms, proxy.ts: 4ms, application-code: 35ms)
 GET /login 200 in 41ms (next.js: 1.2ms, proxy.ts: 1.7ms, application-code: 38ms)
 GET /login 200 in 46ms (next.js: 1.2ms, proxy.ts: 1.5ms, application-code: 43ms)
 GET /login 200 in 39ms (next.js: 1.5ms, proxy.ts: 1.8ms, application-code: 36ms)
 GET /login 200 in 42ms (next.js: 1.1ms, proxy.ts: 1.9ms, application-code: 39ms)
 GET /login 200 in 38ms (next.js: 1.1ms, proxy.ts: 1.7ms, application-code: 35ms)
 GET /login 200 in 36ms (next.js: 1.0ms, proxy.ts: 1.6ms, application-code: 33ms)
 GET /login 200 in 39ms (next.js: 1.2ms, proxy.ts: 2.0ms, application-code: 36ms)
 GET /login 200 in 39ms (next.js: 1.4ms, proxy.ts: 2ms, application-code: 35ms)
 GET /login 200 in 38ms (next.js: 1.4ms, proxy.ts: 3ms, application-code: 34ms)
 GET /login 200 in 65ms (next.js: 1.4ms, proxy.ts: 1.7ms, application-code: 62ms)
 GET /login 200 in 36ms (next.js: 1.1ms, proxy.ts: 1.7ms, application-code: 33ms)
 GET /login 200 in 41ms (next.js: 2ms, proxy.ts: 4ms, application-code: 35ms)
 GET /login 200 in 41ms (next.js: 1.1ms, proxy.ts: 1.7ms, application-code: 38ms)
 GET /login 200 in 37ms (next.js: 1.1ms, proxy.ts: 1.8ms, application-code: 34ms)
 GET /login 200 in 37ms (next.js: 1.1ms, proxy.ts: 1.8ms, application-code: 34ms)
 GET /login 200 in 46ms (next.js: 1.3ms, proxy.ts: 2ms, application-code: 42ms)
 GET /login 200 in 42ms (next.js: 1.8ms, proxy.ts: 2ms, application-code: 38ms)
 GET /login 200 in 41ms (next.js: 1.2ms, proxy.ts: 3ms, application-code: 37ms)
 GET /login 200 in 40ms (next.js: 1.0ms, proxy.ts: 1.7ms, application-code: 37ms)
 GET /login 200 in 43ms (next.js: 1.3ms, proxy.ts: 2.0ms, application-code: 39ms)
 GET /login 200 in 40ms (next.js: 1.1ms, proxy.ts: 1.5ms, application-code: 38ms)
 GET /login 200 in 41ms (next.js: 1.0ms, proxy.ts: 1.5ms, application-code: 38ms)
 GET /login 200 in 52ms (next.js: 4ms, proxy.ts: 8ms, application-code: 39ms)
 GET /login 200 in 52ms (next.js: 1.6ms, proxy.ts: 2.0ms, application-code: 49ms)
 GET /login 200 in 44ms (next.js: 1.1ms, proxy.ts: 3ms, application-code: 39ms)
 GET /login 200 in 41ms (next.js: 1.3ms, proxy.ts: 2ms, application-code: 38ms)
 GET /login 200 in 70ms (next.js: 1.2ms, proxy.ts: 1.8ms, application-code: 67ms)
 GET /login 200 in 40ms (next.js: 1.1ms, proxy.ts: 1.6ms, application-code: 37ms)
 GET /login 200 in 38ms (next.js: 1.2ms, proxy.ts: 1.8ms, application-code: 35ms)
 GET /login 200 in 47ms (next.js: 1.5ms, proxy.ts: 5ms, application-code: 40ms)
 GET /login 200 in 39ms (next.js: 1.2ms, proxy.ts: 1.9ms, application-code: 36ms)
 GET /login 200 in 41ms (next.js: 1.5ms, proxy.ts: 2ms, application-code: 37ms)
 GET /login 200 in 42ms (next.js: 1.5ms, proxy.ts: 1.9ms, application-code: 39ms)
 GET /login 200 in 44ms (next.js: 1.2ms, proxy.ts: 1.7ms, application-code: 41ms)
 GET /login 200 in 41ms (next.js: 1.3ms, proxy.ts: 2ms, application-code: 38ms)
 GET /login 200 in 43ms (next.js: 1.3ms, proxy.ts: 3ms, application-code: 39ms)
 GET /login 200 in 42ms (next.js: 1.5ms, proxy.ts: 2ms, application-code: 39ms)
 GET /login 200 in 45ms (next.js: 1.4ms, proxy.ts: 2.0ms, application-code: 42ms)
 GET /login 200 in 60ms (next.js: 1.0ms, proxy.ts: 1.6ms, application-code: 57ms)
 GET /login 200 in 36ms (next.js: 1.1ms, proxy.ts: 1.7ms, application-code: 33ms)
 GET /login 200 in 39ms (next.js: 1.1ms, proxy.ts: 1.9ms, application-code: 36ms)
 GET /login 200 in 43ms (next.js: 1.2ms, proxy.ts: 1.8ms, application-code: 40ms)
 GET /login 200 in 38ms (next.js: 1.1ms, proxy.ts: 1.8ms, application-code: 35ms)
 GET /login 200 in 38ms (next.js: 1.1ms, proxy.ts: 1.9ms, application-code: 35ms)
 GET /login 200 in 46ms (next.js: 1.3ms, proxy.ts: 2ms, application-code: 42ms)
 GET /login 200 in 38ms (next.js: 1.0ms, proxy.ts: 1.9ms, application-code: 35ms)
 GET /login 200 in 39ms (next.js: 1.1ms, proxy.ts: 1.8ms, application-code: 36ms)
 GET /login 200 in 43ms (next.js: 1.1ms, proxy.ts: 1.6ms, application-code: 40ms)
 GET /login 200 in 39ms (next.js: 1.4ms, proxy.ts: 2ms, application-code: 36ms)
 GET /login 200 in 41ms (next.js: 1.2ms, proxy.ts: 1.8ms, application-code: 38ms)
 GET /login 200 in 43ms (next.js: 1.4ms, proxy.ts: 1.7ms, application-code: 40ms)
 GET /login 200 in 42ms (next.js: 0.9ms, proxy.ts: 1.7ms, application-code: 39ms)
 GET /login 200 in 38ms (next.js: 1.1ms, proxy.ts: 1.8ms, application-code: 35ms)
 GET /login 200 in 41ms (next.js: 1.1ms, proxy.ts: 1.7ms, application-code: 39ms)
 GET /login 200 in 38ms (next.js: 1.8ms, proxy.ts: 1.8ms, application-code: 35ms)
 GET /login 200 in 38ms (next.js: 1.4ms, proxy.ts: 2ms, application-code: 34ms)
 GET /login 200 in 41ms (next.js: 6ms, proxy.ts: 1.7ms, application-code: 34ms)
 GET /login 200 in 39ms (next.js: 1.2ms, proxy.ts: 1.8ms, application-code: 36ms)
 GET /login 200 in 46ms (next.js: 2ms, proxy.ts: 3ms, application-code: 40ms)
 GET /login 200 in 42ms (next.js: 1.1ms, proxy.ts: 1.7ms, application-code: 39ms)
 GET /login 200 in 35ms (next.js: 1.0ms, proxy.ts: 1.6ms, application-code: 33ms)
 GET /login 200 in 42ms (next.js: 1.1ms, proxy.ts: 1.7ms, application-code: 40ms)
 GET /login 200 in 39ms (next.js: 1.4ms, proxy.ts: 2ms, application-code: 35ms)
 GET /login 200 in 37ms (next.js: 1.2ms, proxy.ts: 1.9ms, application-code: 34ms)
 GET /login 200 in 47ms (next.js: 1.6ms, proxy.ts: 1.9ms, application-code: 44ms)
 GET /login 200 in 40ms (next.js: 1.1ms, proxy.ts: 1.6ms, application-code: 38ms)
 GET /login 200 in 48ms (next.js: 1.1ms, proxy.ts: 1.6ms, application-code: 46ms)
 GET /login 200 in 44ms (next.js: 1.3ms, proxy.ts: 1.9ms, application-code: 41ms)
 GET /login 200 in 45ms (next.js: 1.2ms, proxy.ts: 1.5ms, application-code: 42ms)
 GET /login 200 in 70ms (next.js: 1.4ms, proxy.ts: 1.8ms, application-code: 67ms)
 GET /login 200 in 43ms (next.js: 1.2ms, proxy.ts: 2ms, application-code: 40ms)
 GET /login 200 in 42ms (next.js: 1.6ms, proxy.ts: 3ms, application-code: 38ms)
 GET /login 200 in 45ms (next.js: 1.6ms, proxy.ts: 2.0ms, application-code: 41ms)
 GET /login 200 in 45ms (next.js: 1.2ms, proxy.ts: 1.8ms, application-code: 42ms)
 GET /login 200 in 51ms (next.js: 3ms, proxy.ts: 3ms, application-code: 45ms)
 GET /login 200 in 56ms (next.js: 1.1ms, proxy.ts: 1.9ms, application-code: 53ms)
 GET /login 200 in 51ms (next.js: 1.3ms, proxy.ts: 1.7ms, application-code: 48ms)
 GET /login 200 in 43ms (next.js: 1.2ms, proxy.ts: 2ms, application-code: 39ms)
 GET /login 200 in 48ms (next.js: 1.5ms, proxy.ts: 2.0ms, application-code: 44ms)
 GET /login 200 in 42ms (next.js: 1.3ms, proxy.ts: 1.8ms, application-code: 39ms)
 GET /login 200 in 42ms (next.js: 1.4ms, proxy.ts: 1.8ms, application-code: 39ms)
 GET /login 200 in 41ms (next.js: 1.3ms, proxy.ts: 1.9ms, application-code: 38ms)
 GET /login 200 in 37ms (next.js: 1.1ms, proxy.ts: 1.7ms, application-code: 35ms)
 GET /login 200 in 48ms (next.js: 2ms, proxy.ts: 4ms, application-code: 41ms)
 GET /login 200 in 41ms (next.js: 2ms, proxy.ts: 1.8ms, application-code: 37ms)
 GET /login 200 in 39ms (next.js: 1.1ms, proxy.ts: 1.7ms, application-code: 36ms)
 GET /api/auth/providers 200 in 19ms (next.js: 12ms, application-code: 8ms)
 GET /api/auth/csrf 200 in 3ms (next.js: 0.9ms, application-code: 3ms)
 POST /api/auth/callback/credentials? 200 in 79ms (next.js: 1.2ms, application-code: 78ms)
 GET /api/auth/session 200 in 9ms (next.js: 0.8ms, application-code: 8ms)
 GET /api/auth/session 200 in 4ms (next.js: 0.9ms, application-code: 3ms)
 GET /api/auth/session 200 in 5ms (next.js: 0.7ms, application-code: 5ms)
 GET /packages 200 in 143ms (next.js: 67ms, proxy.ts: 7ms, application-code: 69ms)
 GET /packages 200 in 69ms (next.js: 6ms, proxy.ts: 3ms, application-code: 61ms)
 GET /login 200 in 48ms (next.js: 1.3ms, proxy.ts: 8ms, application-code: 39ms)
 GET /packages 200 in 41ms (next.js: 1.4ms, proxy.ts: 4ms, application-code: 36ms)
 GET /login 200 in 45ms (next.js: 1.3ms, proxy.ts: 1.8ms, application-code: 42ms)
 GET /login 200 in 42ms (next.js: 1.1ms, proxy.ts: 1.9ms, application-code: 40ms)
 GET /login 200 in 46ms (next.js: 1.3ms, proxy.ts: 2ms, application-code: 42ms)
 GET /login 200 in 62ms (next.js: 1.4ms, proxy.ts: 2ms, application-code: 58ms)
 GET /api/auth/session 200 in 10ms (next.js: 4ms, application-code: 6ms)
 GET /api/auth/session 200 in 4ms (next.js: 1.2ms, application-code: 3ms)
 GET /login 200 in 62ms (next.js: 2ms, proxy.ts: 3ms, application-code: 57ms)
 GET /api/auth/csrf 200 in 6ms (next.js: 3ms, application-code: 3ms)
 POST /api/auth/signout 200 in 7ms (next.js: 1.1ms, application-code: 6ms)
 GET /login 200 in 90ms (next.js: 1.3ms, proxy.ts: 2.0ms, application-code: 87ms)
 GET /api/branding/logo 200 in 96ms (next.js: 10ms, application-code: 86ms)
 GET /api/auth/session 200 in 16ms (next.js: 3ms, application-code: 13ms)
 GET /api/auth/session 200 in 6ms (next.js: 3ms, application-code: 3ms)
 GET /api/auth/session 200 in 3ms (next.js: 0.7ms, application-code: 2ms)
 GET /api/auth/session 200 in 3ms (next.js: 0.7ms, application-code: 2ms)
 GET /login 200 in 39ms (next.js: 2ms, proxy.ts: 4ms, application-code: 34ms)
 GET /login 200 in 40ms (next.js: 1.1ms, proxy.ts: 1.7ms, application-code: 37ms)
 GET /login 200 in 49ms (next.js: 1.2ms, proxy.ts: 1.8ms, application-code: 46ms)
 GET /login 200 in 44ms (next.js: 1.3ms, proxy.ts: 2ms, application-code: 40ms)
 GET /login 200 in 45ms (next.js: 1.6ms, proxy.ts: 2ms, application-code: 41ms)
 GET /login 200 in 47ms (next.js: 1.2ms, proxy.ts: 1.8ms, application-code: 44ms)
 GET /login 200 in 47ms (next.js: 2ms, proxy.ts: 3ms, application-code: 41ms)
 GET /login 200 in 53ms (next.js: 1.2ms, proxy.ts: 1.8ms, application-code: 50ms)
 GET /login 200 in 46ms (next.js: 1.1ms, proxy.ts: 2ms, application-code: 43ms)
 GET /login 200 in 42ms (next.js: 1.4ms, proxy.ts: 1.8ms, application-code: 39ms)
 GET /login 200 in 43ms (next.js: 1.3ms, proxy.ts: 1.9ms, application-code: 40ms)
 GET /login 200 in 48ms (next.js: 1.8ms, proxy.ts: 2ms, application-code: 44ms)
 GET /login 200 in 39ms (next.js: 1.4ms, proxy.ts: 1.8ms, application-code: 36ms)
 GET /login 200 in 77ms (next.js: 1.4ms, proxy.ts: 1.7ms, application-code: 74ms)
 GET /login 200 in 44ms (next.js: 1.8ms, proxy.ts: 2ms, application-code: 40ms)
 GET /login 200 in 39ms (next.js: 1.3ms, proxy.ts: 2ms, application-code: 36ms)
 GET /login 200 in 78ms (next.js: 1.3ms, proxy.ts: 2.0ms, application-code: 75ms)
 GET /login 200 in 39ms (next.js: 1.1ms, proxy.ts: 1.8ms, application-code: 36ms)
 GET /api/auth/csrf 200 in 12ms (next.js: 3ms, application-code: 9ms)
 GET /login 200 in 58ms (next.js: 1.8ms, proxy.ts: 3ms, application-code: 54ms)
 POST /api/auth/callback/credentials 302 in 90ms (next.js: 2ms, application-code: 87ms)
 POST /api/admin/manifests 201 in 1086ms (next.js: 540ms, application-code: 547ms)
 GET /login 200 in 53ms (next.js: 1.0ms, proxy.ts: 1.6ms, application-code: 51ms)
 GET /login 200 in 56ms (next.js: 2ms, proxy.ts: 3ms, application-code: 51ms)
 GET /login 200 in 50ms (next.js: 1.4ms, proxy.ts: 1.8ms, application-code: 47ms)
 GET /login 200 in 50ms (next.js: 1.4ms, proxy.ts: 1.9ms, application-code: 47ms)
 GET /login 200 in 50ms (next.js: 2ms, proxy.ts: 2ms, application-code: 46ms)
 GET /login 200 in 174ms (next.js: 3ms, proxy.ts: 6ms, application-code: 166ms)
 GET /login 200 in 46ms (next.js: 1.5ms, proxy.ts: 2ms, application-code: 42ms)
 GET /login 200 in 48ms (next.js: 1.6ms, proxy.ts: 1.8ms, application-code: 45ms)
 GET /login 200 in 43ms (next.js: 1.5ms, proxy.ts: 1.7ms, application-code: 39ms)
 GET /login 200 in 60ms (next.js: 1.6ms, proxy.ts: 1.9ms, application-code: 56ms)
 GET /login 200 in 69ms (next.js: 9ms, proxy.ts: 8ms, application-code: 52ms)
 GET /login 200 in 46ms (next.js: 1.4ms, proxy.ts: 3ms, application-code: 42ms)
 GET /login 200 in 87ms (next.js: 4ms, proxy.ts: 3ms, application-code: 80ms)
 GET /login 200 in 120ms (next.js: 10ms, proxy.ts: 6ms, application-code: 105ms)
 GET /login 200 in 55ms (next.js: 1.3ms, proxy.ts: 2ms, application-code: 51ms)
 GET /login 200 in 54ms (next.js: 1.6ms, proxy.ts: 2ms, application-code: 50ms)
 GET /login 200 in 76ms (next.js: 2ms, proxy.ts: 4ms, application-code: 70ms)
 GET /login 200 in 42ms (next.js: 1.4ms, proxy.ts: 2ms, application-code: 38ms)
 GET /login 200 in 56ms (next.js: 4ms, proxy.ts: 4ms, application-code: 48ms)
 GET /login 200 in 39ms (next.js: 1.2ms, proxy.ts: 1.6ms, application-code: 36ms)
 GET /login 200 in 44ms (next.js: 1.6ms, proxy.ts: 1.8ms, application-code: 40ms)
 GET /login 200 in 39ms (next.js: 1.3ms, proxy.ts: 2ms, application-code: 36ms)
 GET /login 200 in 43ms (next.js: 1.2ms, proxy.ts: 2ms, application-code: 40ms)
 GET /login 200 in 42ms (next.js: 2ms, proxy.ts: 1.9ms, application-code: 38ms)
 GET /login 200 in 42ms (next.js: 1.5ms, proxy.ts: 1.7ms, application-code: 38ms)
 GET /login 200 in 44ms (next.js: 1.3ms, proxy.ts: 1.9ms, application-code: 41ms)
 GET /login 200 in 43ms (next.js: 1.4ms, proxy.ts: 2ms, application-code: 39ms)
 GET /login 200 in 41ms (next.js: 1.3ms, proxy.ts: 1.9ms, application-code: 38ms)
 GET /login 200 in 42ms (next.js: 2ms, proxy.ts: 1.8ms, application-code: 38ms)
 GET /login 200 in 48ms (next.js: 1.2ms, proxy.ts: 1.9ms, application-code: 45ms)
 GET /login 200 in 44ms (next.js: 1.3ms, proxy.ts: 2ms, application-code: 41ms)
 GET /login 200 in 42ms (next.js: 2ms, proxy.ts: 1.8ms, application-code: 38ms)
 GET /login 200 in 42ms (next.js: 1.1ms, proxy.ts: 1.9ms, application-code: 39ms)
 GET /login 200 in 45ms (next.js: 1.2ms, proxy.ts: 1.7ms, application-code: 42ms)
 GET /login 200 in 42ms (next.js: 1.3ms, proxy.ts: 1.9ms, application-code: 38ms)
 GET /login 200 in 39ms (next.js: 1.3ms, proxy.ts: 2ms, application-code: 35ms)
 GET /login 200 in 42ms (next.js: 1.2ms, proxy.ts: 1.7ms, application-code: 39ms)
 GET /login 200 in 48ms (next.js: 2ms, proxy.ts: 5ms, application-code: 41ms)
 GET /login 200 in 37ms (next.js: 1.1ms, proxy.ts: 1.7ms, application-code: 34ms)
 GET /login 200 in 44ms (next.js: 1.3ms, proxy.ts: 1.9ms, application-code: 41ms)
 GET /login 200 in 64ms (next.js: 1.1ms, proxy.ts: 1.8ms, application-code: 61ms)
 GET /login 200 in 39ms (next.js: 1.7ms, proxy.ts: 3ms, application-code: 35ms)
 GET /login 200 in 42ms (next.js: 1.2ms, proxy.ts: 1.8ms, application-code: 39ms)
 GET /login 200 in 42ms (next.js: 1.4ms, proxy.ts: 2ms, application-code: 39ms)
 GET /login 200 in 65ms (next.js: 1.3ms, proxy.ts: 2ms, application-code: 61ms)
 GET /login 200 in 42ms (next.js: 1.6ms, proxy.ts: 1.9ms, application-code: 39ms)
 GET /login 200 in 46ms (next.js: 1.3ms, proxy.ts: 1.9ms, application-code: 43ms)
 GET /login 200 in 38ms (next.js: 1.2ms, proxy.ts: 1.9ms, application-code: 34ms)
 GET /login 200 in 47ms (next.js: 1.1ms, proxy.ts: 1.7ms, application-code: 44ms)
 GET /login 200 in 58ms (next.js: 1.3ms, proxy.ts: 1.6ms, application-code: 55ms)
 GET /login 200 in 39ms (next.js: 1.5ms, proxy.ts: 2ms, application-code: 35ms)
 GET /login 200 in 47ms (next.js: 2ms, proxy.ts: 5ms, application-code: 40ms)
 GET /login 200 in 79ms (next.js: 1.3ms, proxy.ts: 2ms, application-code: 76ms)
 GET /login 200 in 50ms (next.js: 1.4ms, proxy.ts: 1.7ms, application-code: 47ms)
 GET /login 200 in 43ms (next.js: 1.1ms, proxy.ts: 2ms, application-code: 39ms)
 GET /login 200 in 70ms (next.js: 1.2ms, proxy.ts: 2.0ms, application-code: 67ms)
 GET /login 200 in 38ms (next.js: 1.3ms, proxy.ts: 1.8ms, application-code: 35ms)
 GET /login 200 in 39ms (next.js: 1.6ms, proxy.ts: 2.0ms, application-code: 36ms)
 GET /login 200 in 41ms (next.js: 1.3ms, proxy.ts: 5ms, application-code: 35ms)
 GET /login 200 in 39ms (next.js: 1.2ms, proxy.ts: 1.7ms, application-code: 36ms)
 GET /login 200 in 44ms (next.js: 1.2ms, proxy.ts: 1.9ms, application-code: 41ms)
 GET /login 200 in 41ms (next.js: 1.1ms, proxy.ts: 1.7ms, application-code: 39ms)
 GET /login 200 in 39ms (next.js: 1.5ms, proxy.ts: 2ms, application-code: 35ms)
 GET /login 200 in 45ms (next.js: 1.4ms, proxy.ts: 1.9ms, application-code: 41ms)
 GET /login 200 in 39ms (next.js: 1.2ms, proxy.ts: 1.8ms, application-code: 36ms)
 GET /login 200 in 41ms (next.js: 1.2ms, proxy.ts: 2ms, application-code: 38ms)
 GET /login 200 in 44ms (next.js: 1.2ms, proxy.ts: 1.7ms, application-code: 41ms)
 GET /login 200 in 38ms (next.js: 1.2ms, proxy.ts: 1.9ms, application-code: 35ms)
 GET /login 200 in 48ms (next.js: 1.5ms, proxy.ts: 2ms, application-code: 44ms)
 GET /login 200 in 42ms (next.js: 1.1ms, proxy.ts: 1.8ms, application-code: 39ms)
 GET /login 200 in 41ms (next.js: 1.4ms, proxy.ts: 1.9ms, application-code: 38ms)
 GET /login 200 in 43ms (next.js: 1.2ms, proxy.ts: 1.8ms, application-code: 39ms)
 GET /login 200 in 39ms (next.js: 1.9ms, proxy.ts: 1.8ms, application-code: 35ms)
 GET /login 200 in 56ms (next.js: 4ms, proxy.ts: 5ms, application-code: 47ms)
 GET /login 200 in 56ms (next.js: 1.4ms, proxy.ts: 2ms, application-code: 52ms)
 GET /login 200 in 42ms (next.js: 1.4ms, proxy.ts: 3ms, application-code: 38ms)
 GET /login 200 in 41ms (next.js: 1.3ms, proxy.ts: 2.0ms, application-code: 38ms)
 GET /login 200 in 45ms (next.js: 1.3ms, proxy.ts: 1.8ms, application-code: 41ms)
 GET /login 200 in 38ms (next.js: 1.1ms, proxy.ts: 1.6ms, application-code: 35ms)
 GET /login 200 in 34ms (next.js: 1.1ms, proxy.ts: 1.5ms, application-code: 31ms)
 GET /login 200 in 42ms (next.js: 1.2ms, proxy.ts: 1.7ms, application-code: 40ms)
 GET /login 200 in 39ms (next.js: 1.2ms, proxy.ts: 1.7ms, application-code: 36ms)
 GET /login 200 in 41ms (next.js: 1.2ms, proxy.ts: 2ms, application-code: 38ms)
 GET /login 200 in 45ms (next.js: 1.3ms, proxy.ts: 2ms, application-code: 42ms)
 GET /login 200 in 41ms (next.js: 1.3ms, proxy.ts: 1.8ms, application-code: 38ms)
 GET /login 200 in 48ms (next.js: 2.0ms, proxy.ts: 3ms, application-code: 43ms)
 GET /login 200 in 40ms (next.js: 1.5ms, proxy.ts: 3ms, application-code: 35ms)
 GET /login 200 in 39ms (next.js: 1.1ms, proxy.ts: 1.6ms, application-code: 36ms)
 GET /login 200 in 46ms (next.js: 1.2ms, proxy.ts: 1.8ms, application-code: 43ms)
 GET /login 200 in 39ms (next.js: 1.0ms, proxy.ts: 1.8ms, application-code: 36ms)
 GET /login 200 in 40ms (next.js: 1.2ms, proxy.ts: 1.9ms, application-code: 37ms)
 GET /login 200 in 47ms (next.js: 1.5ms, proxy.ts: 1.9ms, application-code: 43ms)
 GET /login 200 in 38ms (next.js: 1.2ms, proxy.ts: 1.8ms, application-code: 35ms)
 GET /login 200 in 39ms (next.js: 1.1ms, proxy.ts: 1.8ms, application-code: 36ms)
 GET /login 200 in 151ms (next.js: 78ms, proxy.ts: 1.2ms, application-code: 71ms)
 GET /login 200 in 36ms (next.js: 1.0ms, proxy.ts: 1.5ms, application-code: 33ms)
 GET /login 200 in 43ms (next.js: 1.5ms, proxy.ts: 1.9ms, application-code: 40ms)
 GET /login 200 in 41ms (next.js: 1.1ms, proxy.ts: 2.0ms, application-code: 38ms)
 GET /login 200 in 43ms (next.js: 2ms, proxy.ts: 3ms, application-code: 38ms)
 GET /login 200 in 61ms (next.js: 3ms, proxy.ts: 5ms, application-code: 53ms)
 GET /login 200 in 53ms (next.js: 1.6ms, proxy.ts: 3ms, application-code: 49ms)
 GET /login 200 in 42ms (next.js: 2ms, proxy.ts: 1.9ms, application-code: 39ms)
 GET /login 200 in 45ms (next.js: 1.4ms, proxy.ts: 2ms, application-code: 42ms)
 GET /login 200 in 49ms (next.js: 1.3ms, proxy.ts: 2ms, application-code: 45ms)
 GET /login 200 in 44ms (next.js: 1.2ms, proxy.ts: 1.8ms, application-code: 41ms)
 GET /login 200 in 38ms (next.js: 1.1ms, proxy.ts: 1.9ms, application-code: 35ms)
 GET /login 200 in 44ms (next.js: 1.1ms, proxy.ts: 2ms, application-code: 41ms)
 GET /login 200 in 68ms (next.js: 2ms, proxy.ts: 4ms, application-code: 61ms)
 GET /login 200 in 39ms (next.js: 1.3ms, proxy.ts: 2.0ms, application-code: 35ms)
 GET /login 200 in 89ms (next.js: 0.9ms, proxy.ts: 5ms, application-code: 83ms)
 GET /login 200 in 39ms (next.js: 1.3ms, proxy.ts: 1.9ms, application-code: 35ms)
 GET /login 200 in 38ms (next.js: 1.2ms, proxy.ts: 1.7ms, application-code: 35ms)
 GET /login 200 in 42ms (next.js: 1.3ms, proxy.ts: 2ms, application-code: 39ms)
 GET /login 200 in 39ms (next.js: 1.2ms, proxy.ts: 2ms, application-code: 35ms)
 GET /login 200 in 42ms (next.js: 3ms, proxy.ts: 3ms, application-code: 36ms)
 GET /login 200 in 46ms (next.js: 1.2ms, proxy.ts: 2ms, application-code: 43ms)
 GET /login 200 in 40ms (next.js: 1.2ms, proxy.ts: 1.8ms, application-code: 37ms)
 GET /login 200 in 37ms (next.js: 1.5ms, proxy.ts: 1.9ms, application-code: 34ms)
 GET /login 200 in 39ms (next.js: 1.1ms, proxy.ts: 1.7ms, application-code: 37ms)
 GET /login 200 in 40ms (next.js: 1.3ms, proxy.ts: 1.8ms, application-code: 36ms)
 GET /login 200 in 37ms (next.js: 1.3ms, proxy.ts: 2ms, application-code: 34ms)
 GET /login 200 in 35ms (next.js: 1.1ms, proxy.ts: 2ms, application-code: 32ms)
 GET /login 200 in 37ms (next.js: 1.2ms, proxy.ts: 2.0ms, application-code: 34ms)
 GET /login 200 in 46ms (next.js: 1.1ms, proxy.ts: 1.9ms, application-code: 43ms)
 GET /login 200 in 38ms (next.js: 1.0ms, proxy.ts: 1.9ms, application-code: 35ms)
 GET /login 200 in 38ms (next.js: 1.2ms, proxy.ts: 1.9ms, application-code: 35ms)
 GET /login 200 in 41ms (next.js: 1.2ms, proxy.ts: 1.7ms, application-code: 38ms)
 GET /login 200 in 38ms (next.js: 1.1ms, proxy.ts: 1.8ms, application-code: 35ms)
 GET /login 200 in 43ms (next.js: 1.3ms, proxy.ts: 2ms, application-code: 40ms)
 GET /login 200 in 43ms (next.js: 1.3ms, proxy.ts: 1.9ms, application-code: 40ms)
 GET /login 200 in 40ms (next.js: 1.2ms, proxy.ts: 1.8ms, application-code: 36ms)
 GET /login 200 in 43ms (next.js: 1.0ms, proxy.ts: 1.7ms, application-code: 40ms)
 GET /login 200 in 38ms (next.js: 1.4ms, proxy.ts: 1.9ms, application-code: 34ms)
 GET /login 200 in 40ms (next.js: 1.5ms, proxy.ts: 4ms, application-code: 35ms)
 GET /login 200 in 42ms (next.js: 1.1ms, proxy.ts: 1.9ms, application-code: 39ms)
 GET /login 200 in 74ms (next.js: 2ms, proxy.ts: 3ms, application-code: 68ms)
 GET /login 200 in 37ms (next.js: 1.0ms, proxy.ts: 1.8ms, application-code: 34ms)
 GET /login 200 in 41ms (next.js: 1.3ms, proxy.ts: 1.8ms, application-code: 38ms)
 GET /login 200 in 40ms (next.js: 2ms, proxy.ts: 3ms, application-code: 35ms)
 GET /login 200 in 39ms (next.js: 1.2ms, proxy.ts: 1.9ms, application-code: 36ms)
 GET /login 200 in 39ms (next.js: 1.2ms, proxy.ts: 1.9ms, application-code: 36ms)
 GET /login 200 in 38ms (next.js: 1.4ms, proxy.ts: 2ms, application-code: 34ms)
 GET /login 200 in 42ms (next.js: 1.2ms, proxy.ts: 1.7ms, application-code: 39ms)
 GET /login 200 in 38ms (next.js: 1.2ms, proxy.ts: 2.0ms, application-code: 35ms)
 GET /login 200 in 36ms (next.js: 1.0ms, proxy.ts: 1.6ms, application-code: 34ms)
 GET /login 200 in 47ms (next.js: 1.1ms, proxy.ts: 1.8ms, application-code: 45ms)
 GET /login 200 in 38ms (next.js: 1.2ms, proxy.ts: 2ms, application-code: 35ms)
 GET /login 200 in 43ms (next.js: 1.2ms, proxy.ts: 1.6ms, application-code: 40ms)
 GET /login 200 in 41ms (next.js: 1.1ms, proxy.ts: 1.5ms, application-code: 38ms)
 GET /login 200 in 40ms (next.js: 1.1ms, proxy.ts: 1.8ms, application-code: 37ms)
 GET /login 200 in 43ms (next.js: 1.7ms, proxy.ts: 3ms, application-code: 38ms)
 GET /login 200 in 57ms (next.js: 1.7ms, proxy.ts: 2.0ms, application-code: 53ms)
 GET /login 200 in 42ms (next.js: 1.1ms, proxy.ts: 1.9ms, application-code: 39ms)
 GET /login 200 in 41ms (next.js: 1.2ms, proxy.ts: 3ms, application-code: 37ms)
 GET /login 200 in 42ms (next.js: 1.2ms, proxy.ts: 1.7ms, application-code: 39ms)
 GET /login 200 in 40ms (next.js: 1.2ms, proxy.ts: 1.8ms, application-code: 37ms)
 GET /login 200 in 53ms (next.js: 1.9ms, proxy.ts: 2ms, application-code: 49ms)
 GET /login 200 in 37ms (next.js: 1.3ms, proxy.ts: 1.7ms, application-code: 34ms)
 GET /login 200 in 38ms (next.js: 1.2ms, proxy.ts: 1.7ms, application-code: 35ms)
 GET /login 200 in 40ms (next.js: 1.3ms, proxy.ts: 2ms, application-code: 36ms)
 GET /login 200 in 42ms (next.js: 1.6ms, proxy.ts: 2ms, application-code: 38ms)
 GET /login 200 in 39ms (next.js: 1.4ms, proxy.ts: 2ms, application-code: 35ms)
 GET /login 200 in 41ms (next.js: 1.1ms, proxy.ts: 1.6ms, application-code: 38ms)
 GET /login 200 in 50ms (next.js: 1.4ms, proxy.ts: 1.9ms, application-code: 47ms)
 GET /login 200 in 35ms (next.js: 1.0ms, proxy.ts: 1.5ms, application-code: 33ms)
 GET /login 200 in 44ms (next.js: 1.5ms, proxy.ts: 3ms, application-code: 39ms)
 GET /login 200 in 42ms (next.js: 2.0ms, proxy.ts: 2ms, application-code: 38ms)
 GET /login 200 in 43ms (next.js: 1.2ms, proxy.ts: 2ms, application-code: 39ms)
 GET /login 200 in 39ms (next.js: 1.2ms, proxy.ts: 1.8ms, application-code: 36ms)
 GET /login 200 in 40ms (next.js: 1.2ms, proxy.ts: 1.7ms, application-code: 37ms)
 GET /login 200 in 40ms (next.js: 1.1ms, proxy.ts: 1.7ms, application-code: 37ms)
 GET /login 200 in 41ms (next.js: 1.1ms, proxy.ts: 1.9ms, application-code: 38ms)
 GET /login 200 in 43ms (next.js: 1.5ms, proxy.ts: 5ms, application-code: 37ms)
 GET /login 200 in 37ms (next.js: 1.3ms, proxy.ts: 1.7ms, application-code: 34ms)
 GET /login 200 in 44ms (next.js: 1.2ms, proxy.ts: 1.8ms, application-code: 41ms)
 GET /login 200 in 64ms (next.js: 1.2ms, proxy.ts: 1.7ms, application-code: 62ms)
 GET /login 200 in 39ms (next.js: 1.0ms, proxy.ts: 1.8ms, application-code: 37ms)
 GET /login 200 in 42ms (next.js: 1.2ms, proxy.ts: 1.8ms, application-code: 39ms)
 GET /login 200 in 40ms (next.js: 1.1ms, proxy.ts: 2ms, application-code: 37ms)
 GET /login 200 in 47ms (next.js: 1.2ms, proxy.ts: 1.7ms, application-code: 44ms)
 GET /login 200 in 51ms (next.js: 3ms, proxy.ts: 4ms, application-code: 44ms)
 GET /login 200 in 41ms (next.js: 1.8ms, proxy.ts: 3ms, application-code: 37ms)
 GET /login 200 in 39ms (next.js: 1.7ms, proxy.ts: 2ms, application-code: 35ms)
 GET /login 200 in 43ms (next.js: 1.2ms, proxy.ts: 2ms, application-code: 40ms)
 GET /login 200 in 38ms (next.js: 1.1ms, proxy.ts: 1.8ms, application-code: 35ms)
 GET /login 200 in 40ms (next.js: 1.2ms, proxy.ts: 1.8ms, application-code: 37ms)
 GET /login 200 in 41ms (next.js: 1.1ms, proxy.ts: 1.9ms, application-code: 38ms)
 GET /login 200 in 38ms (next.js: 1.0ms, proxy.ts: 1.6ms, application-code: 36ms)
 GET /login 200 in 39ms (next.js: 1.2ms, proxy.ts: 2.0ms, application-code: 36ms)
 GET /login 200 in 41ms (next.js: 1.2ms, proxy.ts: 2ms, application-code: 38ms)
 GET /login 200 in 39ms (next.js: 1.3ms, proxy.ts: 1.9ms, application-code: 36ms)
 GET /login 200 in 43ms (next.js: 1.2ms, proxy.ts: 1.9ms, application-code: 40ms)
 GET /login 200 in 38ms (next.js: 1.4ms, proxy.ts: 2ms, application-code: 35ms)
 GET /login 200 in 39ms (next.js: 1.2ms, proxy.ts: 2ms, application-code: 36ms)
 GET /login 200 in 37ms (next.js: 1.1ms, proxy.ts: 1.6ms, application-code: 34ms)
 GET /login 200 in 92ms (next.js: 1.6ms, proxy.ts: 2ms, application-code: 88ms)
 GET /login 200 in 43ms (next.js: 1.2ms, proxy.ts: 1.9ms, application-code: 40ms)
 GET /login 200 in 45ms (next.js: 1.4ms, proxy.ts: 2.0ms, application-code: 42ms)
 GET /login 200 in 40ms (next.js: 1.3ms, proxy.ts: 1.8ms, application-code: 37ms)
 GET /login 200 in 47ms (next.js: 1.3ms, proxy.ts: 3ms, application-code: 43ms)
 GET /login 200 in 39ms (next.js: 1.5ms, proxy.ts: 2ms, application-code: 35ms)
 GET /login 200 in 42ms (next.js: 1.3ms, proxy.ts: 1.4ms, application-code: 39ms)
 GET /login 200 in 46ms (next.js: 1.3ms, proxy.ts: 1.7ms, application-code: 43ms)
 GET /login 200 in 42ms (next.js: 1.3ms, proxy.ts: 2ms, application-code: 38ms)
 GET /login 200 in 42ms (next.js: 1.4ms, proxy.ts: 1.8ms, application-code: 39ms)
 GET /login 200 in 43ms (next.js: 1.2ms, proxy.ts: 1.7ms, application-code: 40ms)
 GET /login 200 in 39ms (next.js: 1.6ms, proxy.ts: 3ms, application-code: 35ms)
 GET /login 200 in 61ms (next.js: 1.1ms, proxy.ts: 1.6ms, application-code: 58ms)
 GET /login 200 in 45ms (next.js: 2ms, proxy.ts: 2ms, application-code: 41ms)
 GET /login 200 in 39ms (next.js: 1.6ms, proxy.ts: 2ms, application-code: 35ms)
 GET /login 200 in 56ms (next.js: 1.1ms, proxy.ts: 1.7ms, application-code: 53ms)
 GET /login 200 in 35ms (next.js: 1.1ms, proxy.ts: 1.5ms, application-code: 33ms)
 GET /login 200 in 40ms (next.js: 1.5ms, proxy.ts: 2ms, application-code: 36ms)
 GET /login 200 in 48ms (next.js: 1.4ms, proxy.ts: 2ms, application-code: 44ms)
 GET /login 200 in 42ms (next.js: 1.1ms, proxy.ts: 2.0ms, application-code: 38ms)
 GET /login 200 in 48ms (next.js: 1.1ms, proxy.ts: 1.8ms, application-code: 45ms)
 GET /login 200 in 39ms (next.js: 1.4ms, proxy.ts: 1.9ms, application-code: 36ms)
 GET /login 200 in 39ms (next.js: 1.3ms, proxy.ts: 2ms, application-code: 35ms)
 GET /login 200 in 41ms (next.js: 1.1ms, proxy.ts: 1.7ms, application-code: 38ms)
 GET /login 200 in 40ms (next.js: 1.6ms, proxy.ts: 2ms, application-code: 36ms)
 GET /login 200 in 38ms (next.js: 1.2ms, proxy.ts: 1.8ms, application-code: 35ms)
 GET /login 200 in 40ms (next.js: 1.4ms, proxy.ts: 2ms, application-code: 36ms)
 GET /login 200 in 33ms (next.js: 1.1ms, proxy.ts: 1.6ms, application-code: 31ms)
 GET /login 200 in 38ms (next.js: 1.1ms, proxy.ts: 1.8ms, application-code: 35ms)
 GET /login 200 in 41ms (next.js: 1.2ms, proxy.ts: 1.8ms, application-code: 38ms)
 GET /login 200 in 36ms (next.js: 1.1ms, proxy.ts: 1.6ms, application-code: 33ms)
 GET /login 200 in 42ms (next.js: 1.1ms, proxy.ts: 1.9ms, application-code: 39ms)
 GET /login 200 in 37ms (next.js: 1.0ms, proxy.ts: 1.5ms, application-code: 34ms)
 GET /login 200 in 45ms (next.js: 2ms, proxy.ts: 4ms, application-code: 39ms)
 GET /login 200 in 49ms (next.js: 1.6ms, proxy.ts: 3ms, application-code: 45ms)
 GET /login 200 in 42ms (next.js: 1.2ms, proxy.ts: 2.0ms, application-code: 39ms)
 GET /login 200 in 40ms (next.js: 1.2ms, proxy.ts: 1.8ms, application-code: 37ms)
 GET /login 200 in 42ms (next.js: 1.4ms, proxy.ts: 1.9ms, application-code: 39ms)
 GET /login 200 in 38ms (next.js: 1.2ms, proxy.ts: 1.7ms, application-code: 35ms)
 GET /login 200 in 42ms (next.js: 1.3ms, proxy.ts: 2ms, application-code: 38ms)
 GET /login 200 in 40ms (next.js: 1.4ms, proxy.ts: 2ms, application-code: 36ms)
 GET /login 200 in 40ms (next.js: 1.1ms, proxy.ts: 2.0ms, application-code: 37ms)
 GET /login 200 in 61ms (next.js: 5ms, proxy.ts: 2ms, application-code: 54ms)
 GET /login 200 in 47ms (next.js: 1.4ms, proxy.ts: 2ms, application-code: 43ms)
 GET /login 200 in 51ms (next.js: 1.5ms, proxy.ts: 2ms, application-code: 47ms)
 GET /login 200 in 41ms (next.js: 1.2ms, proxy.ts: 1.7ms, application-code: 38ms)
 GET /login 200 in 49ms (next.js: 1.3ms, proxy.ts: 1.9ms, application-code: 46ms)
 GET /login 200 in 37ms (next.js: 1.3ms, proxy.ts: 1.8ms, application-code: 34ms)
 GET /login 200 in 35ms (next.js: 1.1ms, proxy.ts: 1.5ms, application-code: 32ms)
 GET /login 200 in 37ms (next.js: 1.1ms, proxy.ts: 1.8ms, application-code: 34ms)
 GET /login 200 in 50ms (next.js: 1.2ms, proxy.ts: 1.7ms, application-code: 47ms)
 GET /login 200 in 63ms (next.js: 3ms, proxy.ts: 5ms, application-code: 55ms)
 GET /login 200 in 39ms (next.js: 1.8ms, proxy.ts: 3ms, application-code: 34ms)
 GET /login 200 in 52ms (next.js: 1.6ms, proxy.ts: 2ms, application-code: 49ms)
 GET /login 200 in 45ms (next.js: 1.5ms, proxy.ts: 2ms, application-code: 42ms)
 GET /login 200 in 38ms (next.js: 1.1ms, proxy.ts: 1.7ms, application-code: 35ms)
 GET /login 200 in 43ms (next.js: 1.3ms, proxy.ts: 1.7ms, application-code: 40ms)
 GET /login 200 in 55ms (next.js: 1.1ms, proxy.ts: 1.6ms, application-code: 53ms)
 GET /login 200 in 63ms (next.js: 2ms, proxy.ts: 1.9ms, application-code: 59ms)
 GET /login 200 in 48ms (next.js: 1.3ms, proxy.ts: 2ms, application-code: 44ms)
 GET /login 200 in 38ms (next.js: 1.1ms, proxy.ts: 1.8ms, application-code: 35ms)
 GET /login 200 in 42ms (next.js: 1.3ms, proxy.ts: 1.8ms, application-code: 39ms)
 GET /login 200 in 45ms (next.js: 1.4ms, proxy.ts: 1.9ms, application-code: 42ms)
 GET /login 200 in 44ms (next.js: 1.1ms, proxy.ts: 1.8ms, application-code: 41ms)
 GET /login 200 in 62ms (next.js: 3ms, proxy.ts: 4ms, application-code: 55ms)
 GET /login 200 in 38ms (next.js: 1.2ms, proxy.ts: 1.8ms, application-code: 35ms)
 GET /login 200 in 38ms (next.js: 1.1ms, proxy.ts: 2ms, application-code: 35ms)
 GET /login 200 in 41ms (next.js: 1.2ms, proxy.ts: 1.7ms, application-code: 38ms)
 GET /login 200 in 44ms (next.js: 1.3ms, proxy.ts: 2ms, application-code: 41ms)
 GET /login 200 in 52ms (next.js: 1.1ms, proxy.ts: 1.8ms, application-code: 49ms)
 GET /login 200 in 37ms (next.js: 1.1ms, proxy.ts: 1.5ms, application-code: 35ms)
 GET /login 200 in 38ms (next.js: 1.1ms, proxy.ts: 1.8ms, application-code: 35ms)
 GET /login 200 in 58ms (next.js: 2ms, proxy.ts: 3ms, application-code: 52ms)
 GET /login 200 in 37ms (next.js: 1.3ms, proxy.ts: 1.7ms, application-code: 34ms)
 GET /login 200 in 38ms (next.js: 1.1ms, proxy.ts: 1.8ms, application-code: 35ms)
 GET /login 200 in 38ms (next.js: 1.1ms, proxy.ts: 1.7ms, application-code: 35ms)
 GET /login 200 in 44ms (next.js: 1.4ms, proxy.ts: 2ms, application-code: 40ms)
 GET /login 200 in 37ms (next.js: 1.1ms, proxy.ts: 1.7ms, application-code: 34ms)
 GET /login 200 in 40ms (next.js: 1.2ms, proxy.ts: 2.0ms, application-code: 37ms)
 GET /login 200 in 50ms (next.js: 1.3ms, proxy.ts: 1.9ms, application-code: 47ms)
 GET /login 200 in 54ms (next.js: 1.4ms, proxy.ts: 2ms, application-code: 50ms)
 GET /login 200 in 47ms (next.js: 1.4ms, proxy.ts: 1.9ms, application-code: 44ms)
 GET /login 200 in 43ms (next.js: 1.2ms, proxy.ts: 2ms, application-code: 39ms)
 GET /login 200 in 45ms (next.js: 1.3ms, proxy.ts: 1.8ms, application-code: 41ms)
 GET /login 200 in 38ms (next.js: 1.3ms, proxy.ts: 1.7ms, application-code: 35ms)
 GET /login 200 in 39ms (next.js: 1.1ms, proxy.ts: 2ms, application-code: 35ms)
 GET /login 200 in 41ms (next.js: 1.1ms, proxy.ts: 1.6ms, application-code: 38ms)
 GET /login 200 in 40ms (next.js: 1.1ms, proxy.ts: 1.9ms, application-code: 37ms)
 GET /login 200 in 44ms (next.js: 1.6ms, proxy.ts: 2ms, application-code: 40ms)
 GET /login 200 in 54ms (next.js: 1.7ms, proxy.ts: 4ms, application-code: 48ms)
 GET /login 200 in 38ms (next.js: 1.2ms, proxy.ts: 1.8ms, application-code: 35ms)
 GET /login 200 in 43ms (next.js: 1.2ms, proxy.ts: 2ms, application-code: 40ms)
 GET /login 200 in 38ms (next.js: 2ms, proxy.ts: 1.8ms, application-code: 34ms)
 GET /login 200 in 56ms (next.js: 1.1ms, proxy.ts: 2ms, application-code: 53ms)
 GET /login 200 in 48ms (next.js: 1.5ms, proxy.ts: 2ms, application-code: 44ms)
 GET /login 200 in 41ms (next.js: 1.3ms, proxy.ts: 1.9ms, application-code: 38ms)
 GET /login 200 in 41ms (next.js: 1.0ms, proxy.ts: 1.7ms, application-code: 38ms)
 GET /login 200 in 38ms (next.js: 1.1ms, proxy.ts: 1.8ms, application-code: 35ms)
 GET /login 200 in 43ms (next.js: 1.7ms, proxy.ts: 1.6ms, application-code: 40ms)
 GET /login 200 in 39ms (next.js: 1.2ms, proxy.ts: 1.8ms, application-code: 36ms)
 GET /login 200 in 37ms (next.js: 1.1ms, proxy.ts: 1.6ms, application-code: 34ms)
 GET /login 200 in 60ms (next.js: 1.2ms, proxy.ts: 1.8ms, application-code: 57ms)
 GET /login 200 in 65ms (next.js: 1.5ms, proxy.ts: 2ms, application-code: 61ms)
 GET /login 200 in 42ms (next.js: 1.2ms, proxy.ts: 3ms, application-code: 38ms)
 GET /login 200 in 41ms (next.js: 1.3ms, proxy.ts: 1.8ms, application-code: 38ms)
 GET /login 200 in 40ms (next.js: 1.1ms, proxy.ts: 1.8ms, application-code: 37ms)
 GET /login 200 in 40ms (next.js: 1.1ms, proxy.ts: 2ms, application-code: 37ms)
 GET /login 200 in 38ms (next.js: 1.2ms, proxy.ts: 2.0ms, application-code: 35ms)
 GET /login 200 in 49ms (next.js: 2ms, proxy.ts: 5ms, application-code: 42ms)
 GET /login 200 in 42ms (next.js: 1.2ms, proxy.ts: 1.9ms, application-code: 39ms)
 GET /login 200 in 39ms (next.js: 1.3ms, proxy.ts: 2ms, application-code: 36ms)
 GET /login 200 in 39ms (next.js: 1.5ms, proxy.ts: 1.8ms, application-code: 36ms)
 GET /login 200 in 44ms (next.js: 1.7ms, proxy.ts: 3ms, application-code: 40ms)
 GET /login 200 in 52ms (next.js: 7ms, proxy.ts: 2ms, application-code: 43ms)
 GET /login 200 in 52ms (next.js: 1.6ms, proxy.ts: 1.9ms, application-code: 48ms)
 GET /login 200 in 41ms (next.js: 1.2ms, proxy.ts: 1.8ms, application-code: 38ms)
 GET /login 200 in 38ms (next.js: 1.0ms, proxy.ts: 2ms, application-code: 35ms)
 GET /login 200 in 39ms (next.js: 1.1ms, proxy.ts: 1.6ms, application-code: 36ms)
 GET /login 200 in 40ms (next.js: 1.2ms, proxy.ts: 1.8ms, application-code: 37ms)
