
> customer-portal-ids@0.1.0 dev
> next dev -p 3003

▲ Next.js 16.3.3 (Turbopack)
- Local:         http://localhost:3003
- Network:       http://192.168.1.91:3003
- Environments: .env
✓ Ready in 271ms
✓ Running next.config.ts took 15ms
[manifest] scheduler started, checking every 30s

[31m[auth][error][0m JWTSessionError: Read more at https://errors.authjs.dev#jwtsessionerror
[31m[auth][cause][0m: Error: no matching decryption secret
    at clockTolerance (/Users/deevexx/Documents/PROJECTS/freight-forwarder/customer-portal-ids/.next/dev/server/chunks/node_modules_@auth_core_1v8okbx._.js:484:15)
    at async decryptJWE (/Users/deevexx/Documents/PROJECTS/freight-forwarder/customer-portal-ids/.next/dev/server/chunks/node_modules_jose_dist_webapi_1oqzxyj._.js:977:40)
    at async jwtDecrypt (/Users/deevexx/Documents/PROJECTS/freight-forwarder/customer-portal-ids/.next/dev/server/chunks/node_modules_jose_dist_webapi_1oqzxyj._.js:98:38)
    at async Object.decode (/Users/deevexx/Documents/PROJECTS/freight-forwarder/customer-portal-ids/.next/dev/server/chunks/node_modules_@auth_core_1v8okbx._.js:474:25)
    at async Module.session (/Users/deevexx/Documents/PROJECTS/freight-forwarder/customer-portal-ids/.next/dev/server/chunks/node_modules_@auth_core_1v8okbx._.js:1940:29)
    at async AuthInternal (/Users/deevexx/Documents/PROJECTS/freight-forwarder/customer-portal-ids/.next/dev/server/chunks/node_modules_@auth_core_1v8okbx._.js:2494:24)
    at async Auth (/Users/deevexx/Documents/PROJECTS/freight-forwarder/customer-portal-ids/.next/dev/server/chunks/node_modules_@auth_core_1v8okbx._.js:350:34)
    at async handleAuth (/Users/deevexx/Documents/PROJECTS/freight-forwarder/customer-portal-ids/.next/dev/server/chunks/node_modules_0lozu53._.js:562:29)
    at async /Users/deevexx/Documents/PROJECTS/freight-forwarder/customer-portal-ids/.next/dev/server/chunks/node_modules_next_1jwlgir._.js:6101:20
    at async /Users/deevexx/Documents/PROJECTS/freight-forwarder/customer-portal-ids/.next/dev/server/chunks/node_modules_next_1jwlgir._.js:13309:28
    at async adapter (/Users/deevexx/Documents/PROJECTS/freight-forwarder/customer-portal-ids/.next/dev/server/chunks/node_modules_next_1jwlgir._.js:13248:16)
    at async DevServer.runMiddleware (/Users/deevexx/Documents/PROJECTS/freight-forwarder/customer-portal-ids/node_modules/next/dist/server/next-server.js:1206:26)
    at async DevServer.runMiddleware (/Users/deevexx/Documents/PROJECTS/freight-forwarder/customer-portal-ids/node_modules/next/dist/server/dev/next-dev-server.js:310:28)
    at async NextNodeServer.handleCatchallMiddlewareRequest (/Users/deevexx/Documents/PROJECTS/freight-forwarder/customer-portal-ids/node_modules/next/dist/server/next-server.js:392:26)
    at async DevServer.handleRequestImpl (/Users/deevexx/Documents/PROJECTS/freight-forwarder/customer-portal-ids/node_modules/next/dist/server/base-server.js:985:28)
    at async /Users/deevexx/Documents/PROJECTS/freight-forwarder/customer-portal-ids/node_modules/next/dist/server/dev/next-dev-server.js:426:20
    at async Span.traceAsyncFn (/Users/deevexx/Documents/PROJECTS/freight-forwarder/customer-portal-ids/node_modules/next/dist/trace/trace.js:164:20)
    at async DevServer.handleRequest (/Users/deevexx/Documents/PROJECTS/freight-forwarder/customer-portal-ids/node_modules/next/dist/server/dev/next-dev-server.js:422:24)
    at async handleRoute (/Users/deevexx/Documents/PROJECTS/freight-forwarder/customer-portal-ids/node_modules/next/dist/server/lib/router-utils/resolve-routes.js:369:33)
    at async resolveRoutes (/Users/deevexx/Documents/PROJECTS/freight-forwarder/customer-portal-ids/node_modules/next/dist/server/lib/router-utils/resolve-routes.js:625:28)
    at async handleRequest (/Users/deevexx/Documents/PROJECTS/freight-forwarder/customer-portal-ids/node_modules/next/dist/server/lib/router-server.js:354:96)
    at async requestHandlerImpl (/Users/deevexx/Documents/PROJECTS/freight-forwarder/customer-portal-ids/node_modules/next/dist/server/lib/router-server.js:565:13)
    at async Server.requestListener (/Users/deevexx/Documents/PROJECTS/freight-forwarder/customer-portal-ids/node_modules/next/dist/server/lib/start-server.js:225:13)
[31m[auth][details][0m: {}
[31m[auth][error][0m JWTSessionError: Read more at https://errors.authjs.dev#jwtsessionerror
[31m[auth][cause][0m: Error: no matching decryption secret
    at clockTolerance (/Users/deevexx/Documents/PROJECTS/freight-forwarder/customer-portal-ids/.next/dev/server/chunks/ssr/node_modules_@auth_core_1tplxaj._.js:484:15)
    at async decryptJWE (/Users/deevexx/Documents/PROJECTS/freight-forwarder/customer-portal-ids/.next/dev/server/chunks/ssr/node_modules_jose_dist_webapi_09q564q._.js:977:40)
    at async jwtDecrypt (/Users/deevexx/Documents/PROJECTS/freight-forwarder/customer-portal-ids/.next/dev/server/chunks/ssr/node_modules_jose_dist_webapi_09q564q._.js:98:38)
    at async Object.decode (/Users/deevexx/Documents/PROJECTS/freight-forwarder/customer-portal-ids/.next/dev/server/chunks/ssr/node_modules_@auth_core_1tplxaj._.js:474:25)
    at async Module.session (/Users/deevexx/Documents/PROJECTS/freight-forwarder/customer-portal-ids/.next/dev/server/chunks/ssr/node_modules_@auth_core_1tplxaj._.js:1940:29)
    at async AuthInternal (/Users/deevexx/Documents/PROJECTS/freight-forwarder/customer-portal-ids/.next/dev/server/chunks/ssr/node_modules_@auth_core_1tplxaj._.js:2494:24)
    at async Auth (/Users/deevexx/Documents/PROJECTS/freight-forwarder/customer-portal-ids/.next/dev/server/chunks/ssr/node_modules_@auth_core_1tplxaj._.js:350:34)
    at async LoginPage (/Users/deevexx/Documents/PROJECTS/freight-forwarder/customer-portal-ids/.next/dev/server/chunks/ssr/[root-of-the-server]__1_kyich._.js:41:21)
[31m[auth][details][0m: {}
 GET /login 200 in 1606ms (next.js: 1384ms, proxy.ts: 57ms, application-code: 164ms)
 GET /login 200 in 1176ms (next.js: 991ms, proxy.ts: 11ms, application-code: 174ms)
 GET /api/branding/logo 200 in 241ms (next.js: 172ms, application-code: 69ms)
 GET /api/branding/favicon 200 in 202ms (next.js: 150ms, application-code: 51ms)
 GET /api/auth/session 200 in 794ms (next.js: 785ms, application-code: 9ms)
 GET /api/auth/session 200 in 4ms (next.js: 1.9ms, application-code: 1.7ms)
 GET /api/auth/session 200 in 3ms (next.js: 1.0ms, application-code: 2ms)
 GET /api/auth/session 200 in 2ms (next.js: 0.9ms, application-code: 1.6ms)
 GET /login 200 in 41ms (next.js: 1.2ms, proxy.ts: 1.9ms, application-code: 38ms)
 GET /login 200 in 56ms (next.js: 1.6ms, proxy.ts: 2ms, application-code: 52ms)
 GET /login 200 in 125ms (next.js: 4ms, proxy.ts: 6ms, application-code: 115ms)
 GET /login 200 in 42ms (next.js: 1.7ms, proxy.ts: 2ms, application-code: 39ms)
 GET /login 200 in 44ms (next.js: 1.6ms, proxy.ts: 2ms, application-code: 40ms)
 GET /login 200 in 45ms (next.js: 1.2ms, proxy.ts: 1.8ms, application-code: 42ms)
 GET /login 200 in 53ms (next.js: 1.5ms, proxy.ts: 2ms, application-code: 49ms)
 GET /login 200 in 66ms (next.js: 1.5ms, proxy.ts: 2ms, application-code: 63ms)
 GET /login 200 in 48ms (next.js: 3ms, proxy.ts: 3ms, application-code: 42ms)
 GET /login 200 in 41ms (next.js: 1.7ms, proxy.ts: 2ms, application-code: 37ms)
 GET /api/auth/providers 200 in 12ms (next.js: 4ms, application-code: 9ms)
 GET /api/auth/csrf 200 in 5ms (next.js: 1.1ms, application-code: 4ms)
 POST /api/auth/callback/credentials? 200 in 118ms (next.js: 1.2ms, application-code: 117ms)
 GET /api/auth/session 200 in 7ms (next.js: 1.0ms, application-code: 6ms)
 GET /api/auth/session 200 in 4ms (next.js: 0.7ms, application-code: 3ms)
 GET /api/auth/session 200 in 6ms (next.js: 1.2ms, application-code: 5ms)
 GET /my-shipments 200 in 379ms (next.js: 197ms, proxy.ts: 7ms, application-code: 175ms)
 GET /my-shipments 200 in 153ms (next.js: 2.0ms, proxy.ts: 5ms, application-code: 145ms)
[browser] Each child in a list should have a unique "key" prop.

Check the render method of `LinkComponent`. See https://react.dev/link/warning-keys for more information. 
 GET /login 200 in 36ms (next.js: 1.1ms, proxy.ts: 2ms, application-code: 33ms)
 GET /login 200 in 45ms (next.js: 1.7ms, proxy.ts: 1.8ms, application-code: 41ms)
 GET /my-shipments/a6647005-8b07-4427-9daa-8874990db234 200 in 630ms (next.js: 497ms, proxy.ts: 8ms, application-code: 125ms)
 GET /login 200 in 98ms (next.js: 11ms, proxy.ts: 9ms, application-code: 78ms)
 GET /login 200 in 56ms (next.js: 1.5ms, proxy.ts: 2.0ms, application-code: 53ms)
 GET /login 200 in 62ms (next.js: 9ms, proxy.ts: 1.7ms, application-code: 52ms)
 GET /login 200 in 42ms (next.js: 1.4ms, proxy.ts: 2.0ms, application-code: 39ms)
 GET /login 200 in 39ms (next.js: 1.1ms, proxy.ts: 1.6ms, application-code: 37ms)
 GET /login 200 in 45ms (next.js: 1.7ms, proxy.ts: 2ms, application-code: 41ms)
 GET /login 200 in 50ms (next.js: 3ms, proxy.ts: 7ms, application-code: 40ms)
 GET /login 200 in 41ms (next.js: 3ms, proxy.ts: 3ms, application-code: 36ms)
 GET /login 200 in 48ms (next.js: 1.3ms, proxy.ts: 1.8ms, application-code: 44ms)
 GET /login 200 in 42ms (next.js: 1.3ms, proxy.ts: 1.8ms, application-code: 39ms)
 GET /login 200 in 49ms (next.js: 1.4ms, proxy.ts: 1.7ms, application-code: 46ms)
 GET /api/auth/csrf 200 in 6ms (next.js: 3ms, application-code: 3ms)
 POST /api/auth/signout 200 in 4ms (next.js: 0.7ms, application-code: 3ms)
 GET /login 200 in 59ms (next.js: 3ms, proxy.ts: 4ms, application-code: 52ms)
 GET /api/branding/logo 200 in 127ms (next.js: 11ms, application-code: 117ms)
 GET /api/auth/session 200 in 12ms (next.js: 5ms, application-code: 7ms)
 GET /api/auth/session 200 in 4ms (next.js: 0.9ms, application-code: 3ms)
 GET /api/auth/session 200 in 4ms (next.js: 1.8ms, application-code: 2ms)
 GET /api/auth/session 200 in 3ms (next.js: 1.0ms, application-code: 1.9ms)
 GET /login 200 in 59ms (next.js: 1.2ms, proxy.ts: 1.8ms, application-code: 56ms)
 GET /login 200 in 49ms (next.js: 1.7ms, proxy.ts: 2ms, application-code: 45ms)
 GET /login 200 in 74ms (next.js: 5ms, proxy.ts: 5ms, application-code: 65ms)
 GET /login 200 in 41ms (next.js: 2ms, proxy.ts: 3ms, application-code: 36ms)
 GET /login 200 in 51ms (next.js: 1.6ms, proxy.ts: 1.8ms, application-code: 48ms)
 GET /login 200 in 58ms (next.js: 1.6ms, proxy.ts: 2ms, application-code: 54ms)
 GET /login 200 in 37ms (next.js: 1.4ms, proxy.ts: 1.9ms, application-code: 34ms)
 GET /login 200 in 66ms (next.js: 1.2ms, proxy.ts: 1.7ms, application-code: 63ms)
 GET /login 200 in 43ms (next.js: 2ms, proxy.ts: 2ms, application-code: 38ms)
 GET /login 200 in 51ms (next.js: 1.3ms, proxy.ts: 2.0ms, application-code: 48ms)
 GET /login 200 in 66ms (next.js: 4ms, proxy.ts: 7ms, application-code: 55ms)
 GET /login 200 in 47ms (next.js: 4ms, proxy.ts: 3ms, application-code: 40ms)
 GET /login 200 in 70ms (next.js: 5ms, proxy.ts: 5ms, application-code: 59ms)
 GET /login 200 in 37ms (next.js: 1.1ms, proxy.ts: 1.8ms, application-code: 34ms)
 GET /login 200 in 69ms (next.js: 3ms, proxy.ts: 3ms, application-code: 63ms)
 GET /login 200 in 59ms (next.js: 8ms, proxy.ts: 7ms, application-code: 44ms)
 GET /login 200 in 61ms (next.js: 1.5ms, proxy.ts: 2ms, application-code: 57ms)
 GET /login 200 in 49ms (next.js: 1.5ms, proxy.ts: 1.9ms, application-code: 46ms)
 GET /login 200 in 39ms (next.js: 1.2ms, proxy.ts: 1.9ms, application-code: 36ms)
 GET /login 200 in 42ms (next.js: 1.2ms, proxy.ts: 1.7ms, application-code: 39ms)
 GET /login 200 in 50ms (next.js: 1.1ms, proxy.ts: 1.6ms, application-code: 47ms)
 GET /login 200 in 245ms (next.js: 22ms, proxy.ts: 28ms, application-code: 195ms)
 GET /login 200 in 117ms (next.js: 4ms, proxy.ts: 7ms, application-code: 106ms)
 GET /login 200 in 56ms (next.js: 7ms, proxy.ts: 4ms, application-code: 46ms)
 GET /login 200 in 49ms (next.js: 2ms, proxy.ts: 5ms, application-code: 42ms)
 GET /login 200 in 57ms (next.js: 6ms, proxy.ts: 3ms, application-code: 48ms)
 GET /login 200 in 63ms (next.js: 9ms, proxy.ts: 8ms, application-code: 46ms)
 GET /login 200 in 50ms (next.js: 1.1ms, proxy.ts: 1.8ms, application-code: 47ms)
 GET /login 200 in 41ms (next.js: 1.1ms, proxy.ts: 1.8ms, application-code: 38ms)
 GET /login 200 in 37ms (next.js: 1.3ms, proxy.ts: 1.7ms, application-code: 34ms)
 GET /login 200 in 40ms (next.js: 1.1ms, proxy.ts: 1.9ms, application-code: 37ms)
 GET /login 200 in 54ms (next.js: 2ms, proxy.ts: 2ms, application-code: 50ms)
 GET /login 200 in 38ms (next.js: 1.4ms, proxy.ts: 1.7ms, application-code: 35ms)
 GET /login 200 in 38ms (next.js: 1.1ms, proxy.ts: 2ms, application-code: 34ms)
 GET /login 200 in 43ms (next.js: 1.5ms, proxy.ts: 1.8ms, application-code: 40ms)
 GET /login 200 in 36ms (next.js: 1.3ms, proxy.ts: 1.6ms, application-code: 33ms)
 GET /login 200 in 35ms (next.js: 1.0ms, proxy.ts: 1.4ms, application-code: 32ms)
 GET /login 200 in 42ms (next.js: 1.2ms, proxy.ts: 1.8ms, application-code: 39ms)
 GET /login 200 in 36ms (next.js: 1.1ms, proxy.ts: 1.9ms, application-code: 33ms)
 GET /login 200 in 37ms (next.js: 1.4ms, proxy.ts: 1.8ms, application-code: 34ms)
 GET /login 200 in 80ms (next.js: 4ms, proxy.ts: 5ms, application-code: 70ms)
 GET /login 200 in 42ms (next.js: 1.1ms, proxy.ts: 6ms, application-code: 35ms)
 GET /login 200 in 94ms (next.js: 6ms, proxy.ts: 5ms, application-code: 84ms)
 GET /login 200 in 41ms (next.js: 1.5ms, proxy.ts: 2ms, application-code: 37ms)
 GET /login 200 in 41ms (next.js: 1.1ms, proxy.ts: 1.5ms, application-code: 38ms)
 GET /login 200 in 48ms (next.js: 1.2ms, proxy.ts: 1.6ms, application-code: 45ms)
 GET /login 200 in 39ms (next.js: 1.3ms, proxy.ts: 1.8ms, application-code: 36ms)
 GET /login 200 in 42ms (next.js: 1.3ms, proxy.ts: 1.6ms, application-code: 39ms)
 GET /login 200 in 37ms (next.js: 1.1ms, proxy.ts: 1.6ms, application-code: 34ms)
 GET /login 200 in 41ms (next.js: 1.3ms, proxy.ts: 2ms, application-code: 38ms)
 GET /login 200 in 38ms (next.js: 1.1ms, proxy.ts: 1.8ms, application-code: 35ms)
 GET /login 200 in 38ms (next.js: 1.2ms, proxy.ts: 1.7ms, application-code: 35ms)
 GET /login 200 in 38ms (next.js: 1.1ms, proxy.ts: 1.7ms, application-code: 35ms)
 GET /login 200 in 36ms (next.js: 1.3ms, proxy.ts: 1.6ms, application-code: 33ms)
 GET /login 200 in 38ms (next.js: 1.4ms, proxy.ts: 1.7ms, application-code: 34ms)
 GET /login 200 in 42ms (next.js: 1.2ms, proxy.ts: 1.9ms, application-code: 39ms)
 GET /login 200 in 53ms (next.js: 2.0ms, proxy.ts: 1.6ms, application-code: 50ms)
 GET /login 200 in 38ms (next.js: 1.2ms, proxy.ts: 1.8ms, application-code: 35ms)
 GET /login 200 in 36ms (next.js: 1.1ms, proxy.ts: 1.7ms, application-code: 34ms)
 GET /login 200 in 36ms (next.js: 1.0ms, proxy.ts: 1.5ms, application-code: 34ms)
 GET /login 200 in 61ms (next.js: 5ms, proxy.ts: 6ms, application-code: 49ms)
 GET /login 200 in 73ms (next.js: 1.3ms, proxy.ts: 2ms, application-code: 70ms)
 GET /login 200 in 69ms (next.js: 3ms, proxy.ts: 4ms, application-code: 61ms)
 GET /login 200 in 44ms (next.js: 1.4ms, proxy.ts: 1.8ms, application-code: 40ms)
 GET /login 200 in 38ms (next.js: 1.5ms, proxy.ts: 1.6ms, application-code: 35ms)
 GET /login 200 in 37ms (next.js: 1.2ms, proxy.ts: 1.6ms, application-code: 34ms)
 GET /login 200 in 38ms (next.js: 1.4ms, proxy.ts: 2.0ms, application-code: 35ms)
 GET /login 200 in 52ms (next.js: 1.6ms, proxy.ts: 7ms, application-code: 43ms)
 GET /login 200 in 41ms (next.js: 1.3ms, proxy.ts: 1.6ms, application-code: 38ms)
 GET /login 200 in 38ms (next.js: 1.1ms, proxy.ts: 1.7ms, application-code: 35ms)
 GET /login 200 in 41ms (next.js: 1.3ms, proxy.ts: 1.6ms, application-code: 38ms)
 GET /login 200 in 41ms (next.js: 1.6ms, proxy.ts: 1.6ms, application-code: 37ms)
 GET /login 200 in 36ms (next.js: 1.0ms, proxy.ts: 1.6ms, application-code: 34ms)
 GET /login 200 in 38ms (next.js: 1.2ms, proxy.ts: 1.5ms, application-code: 36ms)
 GET /login 200 in 38ms (next.js: 1.2ms, proxy.ts: 1.8ms, application-code: 35ms)
 GET /login 200 in 46ms (next.js: 1.1ms, proxy.ts: 1.9ms, application-code: 43ms)
 GET /login 200 in 43ms (next.js: 1.0ms, proxy.ts: 1.5ms, application-code: 41ms)
 GET /login 200 in 37ms (next.js: 1.3ms, proxy.ts: 1.6ms, application-code: 34ms)
 GET /login 200 in 39ms (next.js: 1.1ms, proxy.ts: 1.6ms, application-code: 37ms)
 GET /login 200 in 39ms (next.js: 1.2ms, proxy.ts: 1.7ms, application-code: 36ms)
 GET /login 200 in 41ms (next.js: 2ms, proxy.ts: 3ms, application-code: 36ms)
 GET /login 200 in 42ms (next.js: 1.2ms, proxy.ts: 1.9ms, application-code: 38ms)
 GET /login 200 in 42ms (next.js: 1.3ms, proxy.ts: 2.0ms, application-code: 38ms)
 GET /login 200 in 43ms (next.js: 1.4ms, proxy.ts: 3ms, application-code: 39ms)
 GET /login 200 in 76ms (next.js: 3ms, proxy.ts: 5ms, application-code: 68ms)
 GET /login 200 in 38ms (next.js: 1.3ms, proxy.ts: 1.8ms, application-code: 35ms)
 GET /login 200 in 46ms (next.js: 1.5ms, proxy.ts: 3ms, application-code: 42ms)
 GET /login 200 in 40ms (next.js: 1.2ms, proxy.ts: 1.6ms, application-code: 37ms)
 GET /login 200 in 41ms (next.js: 1.2ms, proxy.ts: 1.6ms, application-code: 38ms)
 GET /api/auth/csrf 200 in 27ms (next.js: 23ms, application-code: 4ms)
 POST /api/auth/callback/credentials 302 in 75ms (next.js: 0.9ms, application-code: 74ms)
 GET /login 200 in 65ms (next.js: 1.1ms, proxy.ts: 1.7ms, application-code: 62ms)
 GET /login 200 in 37ms (next.js: 1.0ms, proxy.ts: 1.4ms, application-code: 35ms)
 POST /api/packages/13c57ab2-82c7-41e6-8ca4-0e275b979f33/request-delivery 201 in 1867ms (next.js: 862ms, application-code: 1005ms)
 GET /login 200 in 39ms (next.js: 1.1ms, proxy.ts: 1.5ms, application-code: 37ms)
 GET /login 200 in 52ms (next.js: 1.2ms, proxy.ts: 1.6ms, application-code: 49ms)
 GET /login 200 in 36ms (next.js: 1.0ms, proxy.ts: 1.8ms, application-code: 33ms)
 GET /login 200 in 37ms (next.js: 1.3ms, proxy.ts: 1.7ms, application-code: 34ms)
 GET /login 200 in 71ms (next.js: 4ms, proxy.ts: 5ms, application-code: 63ms)
 GET /login 200 in 45ms (next.js: 1.6ms, proxy.ts: 2ms, application-code: 41ms)
 GET /login 200 in 39ms (next.js: 1.2ms, proxy.ts: 2ms, application-code: 35ms)
 GET /login 200 in 46ms (next.js: 1.2ms, proxy.ts: 2ms, application-code: 43ms)
 GET /login 200 in 42ms (next.js: 1.5ms, proxy.ts: 2ms, application-code: 38ms)
 GET /login 200 in 58ms (next.js: 1.5ms, proxy.ts: 1.7ms, application-code: 55ms)
 GET /login 200 in 37ms (next.js: 1.2ms, proxy.ts: 1.9ms, application-code: 34ms)
 GET /login 200 in 37ms (next.js: 1.2ms, proxy.ts: 1.5ms, application-code: 34ms)
 GET /login 200 in 40ms (next.js: 1.1ms, proxy.ts: 1.5ms, application-code: 37ms)
 GET /login 200 in 37ms (next.js: 1.2ms, proxy.ts: 1.6ms, application-code: 34ms)
 GET /login 200 in 36ms (next.js: 1.1ms, proxy.ts: 1.6ms, application-code: 33ms)
 GET /login 200 in 44ms (next.js: 1.6ms, proxy.ts: 1.6ms, application-code: 41ms)
 GET /login 200 in 37ms (next.js: 1.1ms, proxy.ts: 1.4ms, application-code: 34ms)
 GET /login 200 in 60ms (next.js: 1.6ms, proxy.ts: 2ms, application-code: 57ms)
 GET /login 200 in 57ms (next.js: 1.2ms, proxy.ts: 1.9ms, application-code: 54ms)
 GET /login 200 in 35ms (next.js: 1.2ms, proxy.ts: 1.8ms, application-code: 32ms)
 GET /login 200 in 43ms (next.js: 1.2ms, proxy.ts: 1.7ms, application-code: 40ms)
 GET /login 200 in 66ms (next.js: 3ms, proxy.ts: 4ms, application-code: 60ms)
 GET /login 200 in 37ms (next.js: 1.2ms, proxy.ts: 1.7ms, application-code: 34ms)
 GET /login 200 in 45ms (next.js: 1.2ms, proxy.ts: 2ms, application-code: 41ms)
 GET /login 200 in 40ms (next.js: 1.4ms, proxy.ts: 1.9ms, application-code: 36ms)
 GET /login 200 in 43ms (next.js: 1.2ms, proxy.ts: 1.6ms, application-code: 40ms)
 GET /login 200 in 40ms (next.js: 1.3ms, proxy.ts: 1.6ms, application-code: 38ms)
 GET /login 200 in 51ms (next.js: 1.0ms, proxy.ts: 1.7ms, application-code: 48ms)
 GET /login 200 in 37ms (next.js: 1.1ms, proxy.ts: 1.8ms, application-code: 35ms)
 GET /login 200 in 51ms (next.js: 1.6ms, proxy.ts: 2ms, application-code: 47ms)
 GET /login 200 in 42ms (next.js: 3ms, proxy.ts: 1.6ms, application-code: 37ms)
 GET /login 200 in 40ms (next.js: 1.1ms, proxy.ts: 1.5ms, application-code: 37ms)
 GET /login 200 in 39ms (next.js: 1.3ms, proxy.ts: 2ms, application-code: 36ms)
 GET /login 200 in 51ms (next.js: 3ms, proxy.ts: 4ms, application-code: 44ms)
 GET /login 200 in 61ms (next.js: 1.4ms, proxy.ts: 1.8ms, application-code: 58ms)
 GET /login 200 in 43ms (next.js: 1.4ms, proxy.ts: 1.7ms, application-code: 40ms)
 GET /login 200 in 36ms (next.js: 1.1ms, proxy.ts: 1.8ms, application-code: 33ms)
 GET /login 200 in 40ms (next.js: 1.2ms, proxy.ts: 2ms, application-code: 37ms)
 GET /login 200 in 77ms (next.js: 3ms, proxy.ts: 4ms, application-code: 70ms)
 GET /login 200 in 35ms (next.js: 1.0ms, proxy.ts: 2ms, application-code: 32ms)
 GET /login 200 in 39ms (next.js: 1.1ms, proxy.ts: 1.7ms, application-code: 36ms)
 GET /login 200 in 36ms (next.js: 1.2ms, proxy.ts: 1.5ms, application-code: 33ms)
 GET /login 200 in 59ms (next.js: 1.1ms, proxy.ts: 1.6ms, application-code: 56ms)
 GET /login 200 in 38ms (next.js: 1.1ms, proxy.ts: 1.8ms, application-code: 35ms)
 GET /login 200 in 38ms (next.js: 1.2ms, proxy.ts: 1.8ms, application-code: 35ms)
 GET /login 200 in 37ms (next.js: 1.1ms, proxy.ts: 1.6ms, application-code: 34ms)
 GET /login 200 in 44ms (next.js: 1.3ms, proxy.ts: 2.0ms, application-code: 41ms)
 GET /login 200 in 39ms (next.js: 1.1ms, proxy.ts: 1.7ms, application-code: 37ms)
 GET /login 200 in 39ms (next.js: 1.2ms, proxy.ts: 1.6ms, application-code: 36ms)
 GET /login 200 in 45ms (next.js: 1.3ms, proxy.ts: 1.8ms, application-code: 42ms)
 GET /login 200 in 57ms (next.js: 3ms, proxy.ts: 6ms, application-code: 48ms)
 GET /login 200 in 36ms (next.js: 1.1ms, proxy.ts: 1.7ms, application-code: 34ms)
 GET /login 200 in 37ms (next.js: 1.2ms, proxy.ts: 1.7ms, application-code: 34ms)
 GET /login 200 in 45ms (next.js: 1.1ms, proxy.ts: 1.6ms, application-code: 42ms)
 GET /login 200 in 35ms (next.js: 1.1ms, proxy.ts: 1.6ms, application-code: 33ms)
 GET /login 200 in 40ms (next.js: 1.5ms, proxy.ts: 2ms, application-code: 37ms)
 GET /login 200 in 46ms (next.js: 1.0ms, proxy.ts: 1.9ms, application-code: 43ms)
 GET /login 200 in 37ms (next.js: 1.4ms, proxy.ts: 1.9ms, application-code: 34ms)
 GET /login 200 in 57ms (next.js: 1.0ms, proxy.ts: 1.8ms, application-code: 54ms)
 GET /login 200 in 37ms (next.js: 1.2ms, proxy.ts: 1.7ms, application-code: 34ms)
 GET /login 200 in 38ms (next.js: 1.1ms, proxy.ts: 1.4ms, application-code: 35ms)
 GET /login 200 in 47ms (next.js: 1.2ms, proxy.ts: 1.9ms, application-code: 44ms)
 GET /login 200 in 40ms (next.js: 3ms, proxy.ts: 3ms, application-code: 35ms)
 GET /login 200 in 49ms (next.js: 1.2ms, proxy.ts: 1.4ms, application-code: 46ms)
 GET /login 200 in 38ms (next.js: 1.3ms, proxy.ts: 2ms, application-code: 34ms)
 GET /login 200 in 48ms (next.js: 1.2ms, proxy.ts: 1.9ms, application-code: 45ms)
 GET /login 200 in 50ms (next.js: 1.0ms, proxy.ts: 1.5ms, application-code: 48ms)
 GET /login 200 in 36ms (next.js: 1.2ms, proxy.ts: 1.6ms, application-code: 33ms)
 GET /login 200 in 37ms (next.js: 1.2ms, proxy.ts: 1.5ms, application-code: 34ms)
 GET /login 200 in 67ms (next.js: 4ms, proxy.ts: 5ms, application-code: 58ms)
 GET /login 200 in 44ms (next.js: 1.6ms, proxy.ts: 6ms, application-code: 37ms)
 GET /login 200 in 37ms (next.js: 1.1ms, proxy.ts: 1.5ms, application-code: 35ms)
 GET /login 200 in 37ms (next.js: 1.1ms, proxy.ts: 1.5ms, application-code: 34ms)
 GET /login 200 in 45ms (next.js: 1.3ms, proxy.ts: 1.8ms, application-code: 42ms)
 GET /login 200 in 57ms (next.js: 1.3ms, proxy.ts: 1.8ms, application-code: 54ms)
 GET /login 200 in 37ms (next.js: 1.3ms, proxy.ts: 1.8ms, application-code: 34ms)
 GET /login 200 in 37ms (next.js: 1.2ms, proxy.ts: 1.7ms, application-code: 34ms)
 GET /login 200 in 44ms (next.js: 1.1ms, proxy.ts: 1.5ms, application-code: 41ms)
 GET /login 200 in 37ms (next.js: 1.1ms, proxy.ts: 1.6ms, application-code: 34ms)
 GET /login 200 in 35ms (next.js: 1.1ms, proxy.ts: 1.4ms, application-code: 33ms)
 GET /login 200 in 37ms (next.js: 1.1ms, proxy.ts: 1.7ms, application-code: 34ms)
 GET /login 200 in 41ms (next.js: 1.1ms, proxy.ts: 1.6ms, application-code: 38ms)
 GET /login 200 in 42ms (next.js: 1.1ms, proxy.ts: 1.7ms, application-code: 40ms)
 GET /login 200 in 36ms (next.js: 2ms, proxy.ts: 1.5ms, application-code: 33ms)
 GET /login 200 in 40ms (next.js: 1.1ms, proxy.ts: 1.6ms, application-code: 37ms)
 GET /login 200 in 36ms (next.js: 1.1ms, proxy.ts: 1.9ms, application-code: 33ms)
 GET /login 200 in 44ms (next.js: 1.1ms, proxy.ts: 1.6ms, application-code: 41ms)
 GET /login 200 in 51ms (next.js: 1.1ms, proxy.ts: 1.5ms, application-code: 48ms)
 GET /login 200 in 43ms (next.js: 1.3ms, proxy.ts: 1.9ms, application-code: 40ms)
 GET /login 200 in 52ms (next.js: 1.2ms, proxy.ts: 1.9ms, application-code: 49ms)
 GET /login 200 in 35ms (next.js: 1.1ms, proxy.ts: 1.8ms, application-code: 32ms)
 GET /login 200 in 58ms (next.js: 1.2ms, proxy.ts: 1.5ms, application-code: 55ms)
 GET /login 200 in 38ms (next.js: 1.2ms, proxy.ts: 1.7ms, application-code: 35ms)
 GET /login 200 in 40ms (next.js: 1.1ms, proxy.ts: 1.6ms, application-code: 38ms)
 GET /login 200 in 45ms (next.js: 1.4ms, proxy.ts: 2.0ms, application-code: 42ms)
 GET /login 200 in 37ms (next.js: 1.0ms, proxy.ts: 1.5ms, application-code: 35ms)
 GET /login 200 in 42ms (next.js: 1.7ms, proxy.ts: 1.8ms, application-code: 39ms)
 GET /login 200 in 40ms (next.js: 1.1ms, proxy.ts: 1.8ms, application-code: 37ms)
 GET /login 200 in 41ms (next.js: 1.3ms, proxy.ts: 1.7ms, application-code: 38ms)
 GET /login 200 in 79ms (next.js: 3ms, proxy.ts: 3ms, application-code: 73ms)
 GET /login 200 in 43ms (next.js: 1.0ms, proxy.ts: 1.9ms, application-code: 40ms)
 GET /login 200 in 39ms (next.js: 1.0ms, proxy.ts: 1.5ms, application-code: 36ms)
 GET /login 200 in 39ms (next.js: 1.0ms, proxy.ts: 1.6ms, application-code: 37ms)
 GET /login 200 in 37ms (next.js: 1.5ms, proxy.ts: 2ms, application-code: 33ms)
 GET /login 200 in 62ms (next.js: 3ms, proxy.ts: 4ms, application-code: 56ms)
 GET /login 200 in 46ms (next.js: 1.7ms, proxy.ts: 9ms, application-code: 35ms)
 GET /login 200 in 47ms (next.js: 1.6ms, proxy.ts: 2ms, application-code: 43ms)
 GET /login 200 in 42ms (next.js: 1.5ms, proxy.ts: 1.9ms, application-code: 38ms)
 GET /login 200 in 43ms (next.js: 1.1ms, proxy.ts: 1.9ms, application-code: 40ms)
 GET /login 200 in 60ms (next.js: 2ms, proxy.ts: 4ms, application-code: 54ms)
 GET /login 200 in 58ms (next.js: 1.8ms, proxy.ts: 2.0ms, application-code: 55ms)
 GET /login 200 in 39ms (next.js: 1.2ms, proxy.ts: 2ms, application-code: 35ms)
 GET /login 200 in 40ms (next.js: 1.2ms, proxy.ts: 1.7ms, application-code: 37ms)
 GET /login 200 in 43ms (next.js: 1.2ms, proxy.ts: 2.0ms, application-code: 39ms)
 GET /login 200 in 53ms (next.js: 1.8ms, proxy.ts: 1.8ms, application-code: 50ms)
 GET /login 200 in 38ms (next.js: 1.2ms, proxy.ts: 1.6ms, application-code: 36ms)
 GET /login 200 in 35ms (next.js: 1.1ms, proxy.ts: 1.6ms, application-code: 32ms)
 GET /login 200 in 50ms (next.js: 1.3ms, proxy.ts: 1.7ms, application-code: 47ms)
 GET /login 200 in 38ms (next.js: 1.2ms, proxy.ts: 1.7ms, application-code: 35ms)
 GET /login 200 in 98ms (next.js: 1.2ms, proxy.ts: 3ms, application-code: 93ms)
 GET /login 200 in 67ms (next.js: 1.1ms, proxy.ts: 1.8ms, application-code: 64ms)
 GET /login 200 in 50ms (next.js: 1.7ms, proxy.ts: 3ms, application-code: 46ms)
 GET /login 200 in 38ms (next.js: 1.5ms, proxy.ts: 1.4ms, application-code: 35ms)
 GET /login 200 in 39ms (next.js: 1.5ms, proxy.ts: 2ms, application-code: 36ms)
 GET /login 200 in 35ms (next.js: 1.0ms, proxy.ts: 1.7ms, application-code: 32ms)
 GET /login 200 in 36ms (next.js: 1.0ms, proxy.ts: 1.7ms, application-code: 33ms)
 GET /login 200 in 55ms (next.js: 3ms, proxy.ts: 2ms, application-code: 50ms)
 GET /login 200 in 42ms (next.js: 1.2ms, proxy.ts: 1.9ms, application-code: 39ms)
 GET /login 200 in 36ms (next.js: 1.0ms, proxy.ts: 1.4ms, application-code: 33ms)
 GET /login 200 in 111ms (next.js: 7ms, proxy.ts: 6ms, application-code: 97ms)
 GET /login 200 in 33ms (next.js: 1.1ms, proxy.ts: 1.6ms, application-code: 30ms)
 GET /login 200 in 49ms (next.js: 1.6ms, proxy.ts: 5ms, application-code: 43ms)
 GET /login 200 in 36ms (next.js: 1.5ms, proxy.ts: 2ms, application-code: 32ms)
 GET /login 200 in 42ms (next.js: 1.1ms, proxy.ts: 1.7ms, application-code: 39ms)
 GET /login 200 in 39ms (next.js: 1.2ms, proxy.ts: 1.5ms, application-code: 36ms)
 GET /login 200 in 61ms (next.js: 3ms, proxy.ts: 4ms, application-code: 54ms)
 GET /login 200 in 49ms (next.js: 1.2ms, proxy.ts: 2.0ms, application-code: 46ms)
 GET /login 200 in 45ms (next.js: 3ms, proxy.ts: 3ms, application-code: 40ms)
 GET /login 200 in 62ms (next.js: 1.7ms, proxy.ts: 2ms, application-code: 58ms)
 GET /login 200 in 40ms (next.js: 1.0ms, proxy.ts: 2.0ms, application-code: 37ms)
 GET /login 200 in 78ms (next.js: 18ms, proxy.ts: 12ms, application-code: 48ms)
 GET /login 200 in 39ms (next.js: 1.1ms, proxy.ts: 2ms, application-code: 36ms)
 GET /login 200 in 42ms (next.js: 1.3ms, proxy.ts: 1.9ms, application-code: 39ms)
 GET /login 200 in 39ms (next.js: 1.4ms, proxy.ts: 2ms, application-code: 35ms)
 GET /login 200 in 50ms (next.js: 1.4ms, proxy.ts: 2ms, application-code: 47ms)
 GET /login 200 in 53ms (next.js: 3ms, proxy.ts: 3ms, application-code: 47ms)
 GET /login 200 in 42ms (next.js: 1.4ms, proxy.ts: 2ms, application-code: 38ms)
 GET /login 200 in 48ms (next.js: 1.2ms, proxy.ts: 1.7ms, application-code: 45ms)
 GET /login 200 in 39ms (next.js: 1.1ms, proxy.ts: 1.8ms, application-code: 36ms)
 GET /login 200 in 42ms (next.js: 1.1ms, proxy.ts: 1.5ms, application-code: 39ms)
 GET /login 200 in 65ms (next.js: 1.4ms, proxy.ts: 3ms, application-code: 60ms)
 GET /login 200 in 97ms (next.js: 6ms, proxy.ts: 8ms, application-code: 82ms)
 GET /login 200 in 37ms (next.js: 2.0ms, proxy.ts: 2ms, application-code: 32ms)
 GET /login 200 in 50ms (next.js: 1.4ms, proxy.ts: 2ms, application-code: 47ms)
 GET /login 200 in 97ms (next.js: 12ms, proxy.ts: 12ms, application-code: 73ms)
 GET /login 200 in 53ms (next.js: 1.9ms, proxy.ts: 3ms, application-code: 48ms)
 GET /api/auth/providers 200 in 11ms (next.js: 6ms, application-code: 6ms)
 GET /api/auth/csrf 200 in 6ms (next.js: 1.8ms, application-code: 4ms)
 POST /api/auth/callback/credentials? 200 in 122ms (next.js: 1.5ms, application-code: 121ms)
 GET /api/auth/session 200 in 4ms (next.js: 0.7ms, application-code: 3ms)
 GET /api/auth/session 200 in 3ms (next.js: 0.5ms, application-code: 2ms)
 GET /api/auth/session 200 in 5ms (next.js: 0.8ms, application-code: 4ms)
 GET /packages 200 in 771ms (next.js: 579ms, proxy.ts: 8ms, application-code: 184ms)
 GET /packages 200 in 190ms (next.js: 4ms, proxy.ts: 35ms, application-code: 151ms)
 GET /api/branding/logo 200 in 44ms (next.js: 4ms, application-code: 40ms)
 GET /login 200 in 134ms (next.js: 3ms, proxy.ts: 5ms, application-code: 126ms)
 GET /packages 200 in 51ms (next.js: 4ms, proxy.ts: 5ms, application-code: 43ms)
 GET /login 200 in 36ms (next.js: 1.1ms, proxy.ts: 1.5ms, application-code: 33ms)
 GET /login 200 in 55ms (next.js: 2ms, proxy.ts: 3ms, application-code: 51ms)
 GET /login 200 in 41ms (next.js: 1.1ms, proxy.ts: 1.8ms, application-code: 38ms)
 GET /login 200 in 72ms (next.js: 4ms, proxy.ts: 7ms, application-code: 62ms)
 GET /api/shipping-rates 200 in 218ms (next.js: 136ms, application-code: 82ms)
 GET /api/shipping-rates 200 in 21ms (next.js: 0.9ms, application-code: 20ms)
 GET /api/customers 200 in 335ms (next.js: 205ms, application-code: 130ms)
 GET /api/customers 200 in 10ms (next.js: 0.6ms, application-code: 9ms)
 GET /login 200 in 42ms (next.js: 1.7ms, proxy.ts: 2ms, application-code: 38ms)
 GET /login 200 in 80ms (next.js: 7ms, proxy.ts: 4ms, application-code: 69ms)
 GET /login 200 in 111ms (next.js: 1.7ms, proxy.ts: 2.0ms, application-code: 107ms)
 GET /login 200 in 60ms (next.js: 4ms, proxy.ts: 6ms, application-code: 50ms)
 GET /login 200 in 49ms (next.js: 1.6ms, proxy.ts: 3ms, application-code: 44ms)
[browser] It was not possible to play the video. AbortError: The play() request was interrupted by a new load request. https://goo.gl/LdLk22
[browser] Trying to play video that is already playing. (<anonymous>)
 GET /login 200 in 97ms (next.js: 1.6ms, proxy.ts: 3ms, application-code: 92ms)
[browser] MultiFormatReader: non-ReaderException from reader: NotFoundException
[browser] MultiFormatReader: non-ReaderException from reader: NotFoundException
[browser] MultiFormatReader: non-ReaderException from reader: FormatException
[browser] MultiFormatReader: non-ReaderException from reader: NotFoundException
[browser] MultiFormatReader: non-ReaderException from reader: NotFoundException
[browser] MultiFormatReader: non-ReaderException from reader: NotFoundException
[browser] MultiFormatReader: non-ReaderException from reader: ChecksumException
[browser] MultiFormatReader: non-ReaderException from reader: NotFoundException
[browser] MultiFormatReader: non-ReaderException from reader: NotFoundException
[browser] MultiFormatReader: non-ReaderException from reader: FormatException
[browser] MultiFormatReader: non-ReaderException from reader: NotFoundException
[browser] MultiFormatReader: non-ReaderException from reader: NotFoundException
[browser] MultiFormatReader: non-ReaderException from reader: NotFoundException
[browser] MultiFormatReader: non-ReaderException from reader: ChecksumException
[browser] MultiFormatReader: non-ReaderException from reader: NotFoundException
[browser] MultiFormatReader: non-ReaderException from reader: NotFoundException
[browser] MultiFormatReader: non-ReaderException from reader: NotFoundException: No Micro QR finder pattern found.
[browser] MultiFormatReader: non-ReaderException from reader: NotFoundException
[browser] MultiFormatReader: non-ReaderException from reader: NotFoundException
[browser] MultiFormatReader: non-ReaderException from reader: NotFoundException
[browser] MultiFormatReader: non-ReaderException from reader: ChecksumException
[browser] MultiFormatReader: non-ReaderException from reader: NotFoundException
[browser] MultiFormatReader: non-ReaderException from reader: NotFoundException
[browser] MultiFormatReader: non-ReaderException from reader: NotFoundException: Cannot determine Micro QR symbol dimension.
[browser] MultiFormatReader: non-ReaderException from reader: NotFoundException
[browser] MultiFormatReader: non-ReaderException from reader: NotFoundException
[browser] MultiFormatReader: non-ReaderException from reader: NotFoundException
[browser] MultiFormatReader: non-ReaderException from reader: ChecksumException
[browser] MultiFormatReader: non-ReaderException from reader: NotFoundException
[browser] MultiFormatReader: non-ReaderException from reader: NotFoundException
[browser] MultiFormatReader: non-ReaderException from reader: NotFoundException: Cannot determine Micro QR symbol dimension.
[browser] MultiFormatReader: non-ReaderException from reader: NotFoundException
[browser] MultiFormatReader: non-ReaderException from reader: NotFoundException
[browser] MultiFormatReader: non-ReaderException from reader: NotFoundException
[browser] MultiFormatReader: non-ReaderException from reader: ChecksumException
[browser] MultiFormatReader: non-ReaderException from reader: NotFoundException
[browser] MultiFormatReader: non-ReaderException from reader: NotFoundException
 GET /api/packages?q=486288 200 in 165ms (next.js: 120ms, application-code: 45ms)
 GET /login 200 in 49ms (next.js: 1.2ms, proxy.ts: 1.5ms, application-code: 47ms)
[browser] MultiFormatReader: non-ReaderException from reader: NotFoundException
[browser] MultiFormatReader: non-ReaderException from reader: NotFoundException
[browser] MultiFormatReader: non-ReaderException from reader: NotFoundException: Cannot determine Micro QR symbol dimension.
[browser] MultiFormatReader: non-ReaderException from reader: NotFoundException
[browser] MultiFormatReader: non-ReaderException from reader: NotFoundException
[browser] MultiFormatReader: non-ReaderException from reader: NotFoundException
[browser] MultiFormatReader: non-ReaderException from reader: ChecksumException
[browser] MultiFormatReader: non-ReaderException from reader: NotFoundException
[browser] MultiFormatReader: non-ReaderException from reader: NotFoundException
[browser] MultiFormatReader: non-ReaderException from reader: NotFoundException: Cannot determine Micro QR symbol dimension.
[browser] MultiFormatReader: non-ReaderException from reader: NotFoundException
[browser] MultiFormatReader: non-ReaderException from reader: NotFoundException
[browser] MultiFormatReader: non-ReaderException from reader: NotFoundException
[browser] MultiFormatReader: non-ReaderException from reader: ChecksumException
 GET /login 200 in 48ms (next.js: 1.9ms, proxy.ts: 2ms, application-code: 44ms)
[browser] MultiFormatReader: non-ReaderException from reader: NotFoundException
[browser] MultiFormatReader: non-ReaderException from reader: NotFoundException
[browser] MultiFormatReader: non-ReaderException from reader: NotFoundException: Cannot determine Micro QR symbol dimension.
[browser] MultiFormatReader: non-ReaderException from reader: NotFoundException
[browser] MultiFormatReader: non-ReaderException from reader: NotFoundException
[browser] MultiFormatReader: non-ReaderException from reader: NotFoundException
[browser] MultiFormatReader: non-ReaderException from reader: ChecksumException
[browser] MultiFormatReader: non-ReaderException from reader: NotFoundException
[browser] MultiFormatReader: non-ReaderException from reader: NotFoundException
[browser] MultiFormatReader: non-ReaderException from reader: NotFoundException: Cannot determine Micro QR symbol dimension.
[browser] MultiFormatReader: non-ReaderException from reader: NotFoundException
[browser] MultiFormatReader: non-ReaderException from reader: NotFoundException
[browser] MultiFormatReader: non-ReaderException from reader: NotFoundException
[browser] MultiFormatReader: non-ReaderException from reader: ChecksumException
[browser] MultiFormatReader: non-ReaderException from reader: NotFoundException
[browser] MultiFormatReader: non-ReaderException from reader: NotFoundException
[browser] MultiFormatReader: non-ReaderException from reader: NotFoundException: Cannot determine Micro QR symbol dimension.
[browser] MultiFormatReader: non-ReaderException from reader: NotFoundException
[browser] MultiFormatReader: non-ReaderException from reader: NotFoundException
[browser] MultiFormatReader: non-ReaderException from reader: NotFoundException
[browser] MultiFormatReader: non-ReaderException from reader: ChecksumException
 GET /login 200 in 50ms (next.js: 1.1ms, proxy.ts: 1.7ms, application-code: 48ms)
[browser] MultiFormatReader: non-ReaderException from reader: NotFoundException
[browser] MultiFormatReader: non-ReaderException from reader: NotFoundException
[browser] MultiFormatReader: non-ReaderException from reader: NotFoundException: Cannot determine Micro QR symbol dimension.
[browser] MultiFormatReader: non-ReaderException from reader: NotFoundException
[browser] MultiFormatReader: non-ReaderException from reader: NotFoundException
[browser] MultiFormatReader: non-ReaderException from reader: NotFoundException
[browser] MultiFormatReader: non-ReaderException from reader: ChecksumException
[browser] MultiFormatReader: non-ReaderException from reader: NotFoundException
[browser] MultiFormatReader: non-ReaderException from reader: NotFoundException
[browser] MultiFormatReader: non-ReaderException from reader: NotFoundException: Cannot determine Micro QR symbol dimension.
[browser] MultiFormatReader: non-ReaderException from reader: NotFoundException
[browser] MultiFormatReader: non-ReaderException from reader: NotFoundException
[browser] MultiFormatReader: non-ReaderException from reader: NotFoundException
[browser] MultiFormatReader: non-ReaderException from reader: ChecksumException
 GET /login 200 in 41ms (next.js: 1.1ms, proxy.ts: 1.8ms, application-code: 38ms)
[browser] MultiFormatReader: non-ReaderException from reader: NotFoundException
[browser] MultiFormatReader: non-ReaderException from reader: NotFoundException
[browser] MultiFormatReader: non-ReaderException from reader: NotFoundException: Cannot determine Micro QR symbol dimension.
[browser] MultiFormatReader: non-ReaderException from reader: NotFoundException
[browser] MultiFormatReader: non-ReaderException from reader: NotFoundException
[browser] MultiFormatReader: non-ReaderException from reader: NotFoundException
[browser] MultiFormatReader: non-ReaderException from reader: ChecksumException
[browser] MultiFormatReader: non-ReaderException from reader: NotFoundException
[browser] MultiFormatReader: non-ReaderException from reader: NotFoundException
[browser] MultiFormatReader: non-ReaderException from reader: NotFoundException: Cannot determine Micro QR symbol dimension.
[browser] MultiFormatReader: non-ReaderException from reader: NotFoundException
[browser] MultiFormatReader: non-ReaderException from reader: NotFoundException
[browser] MultiFormatReader: non-ReaderException from reader: NotFoundException
[browser] MultiFormatReader: non-ReaderException from reader: ChecksumException
 GET /login 200 in 38ms (next.js: 1.1ms, proxy.ts: 1.6ms, application-code: 35ms)
[browser] MultiFormatReader: non-ReaderException from reader: NotFoundException
[browser] MultiFormatReader: non-ReaderException from reader: NotFoundException
[browser] MultiFormatReader: non-ReaderException from reader: NotFoundException: Cannot determine Micro QR symbol dimension.
[browser] MultiFormatReader: non-ReaderException from reader: NotFoundException
[browser] MultiFormatReader: non-ReaderException from reader: NotFoundException
[browser] MultiFormatReader: non-ReaderException from reader: NotFoundException
[browser] MultiFormatReader: non-ReaderException from reader: ChecksumException
[browser] MultiFormatReader: non-ReaderException from reader: NotFoundException
[browser] MultiFormatReader: non-ReaderException from reader: NotFoundException
[browser] MultiFormatReader: non-ReaderException from reader: NotFoundException: Cannot determine Micro QR symbol dimension.
[browser] MultiFormatReader: non-ReaderException from reader: NotFoundException
[browser] MultiFormatReader: non-ReaderException from reader: NotFoundException
[browser] MultiFormatReader: non-ReaderException from reader: NotFoundException
[browser] MultiFormatReader: non-ReaderException from reader: ChecksumException
[browser] MultiFormatReader: non-ReaderException from reader: NotFoundException
[browser] MultiFormatReader: non-ReaderException from reader: NotFoundException
[browser] MultiFormatReader: non-ReaderException from reader: NotFoundException: Cannot determine Micro QR symbol dimension.
[browser] MultiFormatReader: non-ReaderException from reader: NotFoundException
[browser] MultiFormatReader: non-ReaderException from reader: NotFoundException
[browser] MultiFormatReader: non-ReaderException from reader: NotFoundException
[browser] MultiFormatReader: non-ReaderException from reader: ChecksumException
 GET /login 200 in 38ms (next.js: 1.2ms, proxy.ts: 1.6ms, application-code: 35ms)
[browser] MultiFormatReader: non-ReaderException from reader: NotFoundException
[browser] MultiFormatReader: non-ReaderException from reader: NotFoundException
[browser] MultiFormatReader: non-ReaderException from reader: NotFoundException: Cannot determine Micro QR symbol dimension.
[browser] MultiFormatReader: non-ReaderException from reader: NotFoundException
[browser] MultiFormatReader: non-ReaderException from reader: NotFoundException
[browser] MultiFormatReader: non-ReaderException from reader: NotFoundException
[browser] MultiFormatReader: non-ReaderException from reader: ChecksumException
[browser] MultiFormatReader: non-ReaderException from reader: NotFoundException
[browser] MultiFormatReader: non-ReaderException from reader: NotFoundException
[browser] MultiFormatReader: non-ReaderException from reader: NotFoundException: Cannot determine Micro QR symbol dimension.
[browser] MultiFormatReader: non-ReaderException from reader: NotFoundException
[browser] MultiFormatReader: non-ReaderException from reader: NotFoundException
[browser] MultiFormatReader: non-ReaderException from reader: NotFoundException
[browser] MultiFormatReader: non-ReaderException from reader: ChecksumException
 GET /login 200 in 42ms (next.js: 1.1ms, proxy.ts: 1.6ms, application-code: 39ms)
[browser] MultiFormatReader: non-ReaderException from reader: NotFoundException
[browser] MultiFormatReader: non-ReaderException from reader: NotFoundException
[browser] MultiFormatReader: non-ReaderException from reader: NotFoundException: Cannot determine Micro QR symbol dimension.
[browser] MultiFormatReader: non-ReaderException from reader: NotFoundException
[browser] MultiFormatReader: non-ReaderException from reader: NotFoundException
[browser] MultiFormatReader: non-ReaderException from reader: NotFoundException
[browser] MultiFormatReader: non-ReaderException from reader: ChecksumException
[browser] MultiFormatReader: non-ReaderException from reader: NotFoundException
[browser] MultiFormatReader: non-ReaderException from reader: NotFoundException
[browser] MultiFormatReader: non-ReaderException from reader: NotFoundException: Cannot determine Micro QR symbol dimension.
[browser] MultiFormatReader: non-ReaderException from reader: NotFoundException
[browser] MultiFormatReader: non-ReaderException from reader: NotFoundException
[browser] MultiFormatReader: non-ReaderException from reader: NotFoundException
[browser] MultiFormatReader: non-ReaderException from reader: ChecksumException
 GET /login 200 in 41ms (next.js: 1.8ms, proxy.ts: 3ms, application-code: 37ms)
[browser] MultiFormatReader: non-ReaderException from reader: NotFoundException
[browser] MultiFormatReader: non-ReaderException from reader: NotFoundException
[browser] MultiFormatReader: non-ReaderException from reader: NotFoundException: Cannot determine Micro QR symbol dimension.
[browser] MultiFormatReader: non-ReaderException from reader: NotFoundException
[browser] MultiFormatReader: non-ReaderException from reader: NotFoundException
[browser] MultiFormatReader: non-ReaderException from reader: NotFoundException
[browser] MultiFormatReader: non-ReaderException from reader: ChecksumException
[browser] It was not possible to play the video. AbortError: The play() request was interrupted by a new load request. https://goo.gl/LdLk22
[browser] Trying to play video that is already playing. (<anonymous>)
[browser] MultiFormatReader: non-ReaderException from reader: NotFoundException
[browser] MultiFormatReader: non-ReaderException from reader: NotFoundException
[browser] MultiFormatReader: non-ReaderException from reader: NotFoundException: No Micro QR finder pattern found.
[browser] MultiFormatReader: non-ReaderException from reader: NotFoundException
[browser] MultiFormatReader: non-ReaderException from reader: NotFoundException
[browser] MultiFormatReader: non-ReaderException from reader: NotFoundException
[browser] MultiFormatReader: non-ReaderException from reader: ChecksumException
[browser] MultiFormatReader: non-ReaderException from reader: NotFoundException
[browser] MultiFormatReader: non-ReaderException from reader: NotFoundException
[browser] MultiFormatReader: non-ReaderException from reader: NotFoundException: No Micro QR finder pattern found.
[browser] MultiFormatReader: non-ReaderException from reader: NotFoundException
[browser] MultiFormatReader: non-ReaderException from reader: NotFoundException
[browser] MultiFormatReader: non-ReaderException from reader: NotFoundException
[browser] MultiFormatReader: non-ReaderException from reader: ChecksumException
[browser] MultiFormatReader: non-ReaderException from reader: NotFoundException
[browser] MultiFormatReader: non-ReaderException from reader: NotFoundException
[browser] MultiFormatReader: non-ReaderException from reader: NotFoundException: Cannot determine Micro QR symbol dimension.
[browser] MultiFormatReader: non-ReaderException from reader: NotFoundException
[browser] MultiFormatReader: non-ReaderException from reader: NotFoundException
[browser] MultiFormatReader: non-ReaderException from reader: NotFoundException
[browser] MultiFormatReader: non-ReaderException from reader: ChecksumException
[browser] MultiFormatReader: non-ReaderException from reader: NotFoundException
[browser] MultiFormatReader: non-ReaderException from reader: NotFoundException
[browser] MultiFormatReader: non-ReaderException from reader: NotFoundException: No Micro QR finder pattern found.
[browser] MultiFormatReader: non-ReaderException from reader: NotFoundException
[browser] MultiFormatReader: non-ReaderException from reader: NotFoundException
[browser] MultiFormatReader: non-ReaderException from reader: NotFoundException
[browser] MultiFormatReader: non-ReaderException from reader: ChecksumException
[browser] MultiFormatReader: non-ReaderException from reader: NotFoundException
[browser] MultiFormatReader: non-ReaderException from reader: NotFoundException
[browser] MultiFormatReader: non-ReaderException from reader: NotFoundException: No Micro QR finder pattern found.
[browser] MultiFormatReader: non-ReaderException from reader: NotFoundException
[browser] MultiFormatReader: non-ReaderException from reader: NotFoundException
[browser] MultiFormatReader: non-ReaderException from reader: NotFoundException
[browser] MultiFormatReader: non-ReaderException from reader: ChecksumException
[browser] MultiFormatReader: non-ReaderException from reader: NotFoundException
[browser] MultiFormatReader: non-ReaderException from reader: NotFoundException
[browser] MultiFormatReader: non-ReaderException from reader: NotFoundException: Cannot determine Micro QR symbol dimension.
[browser] MultiFormatReader: non-ReaderException from reader: NotFoundException
[browser] MultiFormatReader: non-ReaderException from reader: NotFoundException
[browser] MultiFormatReader: non-ReaderException from reader: NotFoundException
[browser] MultiFormatReader: non-ReaderException from reader: ChecksumException
[browser] MultiFormatReader: non-ReaderException from reader: NotFoundException
[browser] MultiFormatReader: non-ReaderException from reader: NotFoundException
[browser] MultiFormatReader: non-ReaderException from reader: NotFoundException: No Micro QR finder pattern found.
[browser] MultiFormatReader: non-ReaderException from reader: NotFoundException
[browser] MultiFormatReader: non-ReaderException from reader: NotFoundException
[browser] MultiFormatReader: non-ReaderException from reader: NotFoundException
[browser] MultiFormatReader: non-ReaderException from reader: ChecksumException
[browser] MultiFormatReader: non-ReaderException from reader: NotFoundException
[browser] MultiFormatReader: non-ReaderException from reader: NotFoundException
[browser] MultiFormatReader: non-ReaderException from reader: NotFoundException: No Micro QR finder pattern found.
[browser] MultiFormatReader: non-ReaderException from reader: NotFoundException
[browser] MultiFormatReader: non-ReaderException from reader: NotFoundException
[browser] MultiFormatReader: non-ReaderException from reader: NotFoundException
[browser] MultiFormatReader: non-ReaderException from reader: ChecksumException
 GET /login 200 in 36ms (next.js: 1.1ms, proxy.ts: 1.3ms, application-code: 33ms)
[browser] MultiFormatReader: non-ReaderException from reader: NotFoundException
[browser] MultiFormatReader: non-ReaderException from reader: NotFoundException
[browser] MultiFormatReader: non-ReaderException from reader: NotFoundException: Cannot determine Micro QR symbol dimension.
[browser] MultiFormatReader: non-ReaderException from reader: NotFoundException
[browser] MultiFormatReader: non-ReaderException from reader: NotFoundException
[browser] MultiFormatReader: non-ReaderException from reader: NotFoundException
[browser] MultiFormatReader: non-ReaderException from reader: ChecksumException
[browser] MultiFormatReader: non-ReaderException from reader: NotFoundException
[browser] MultiFormatReader: non-ReaderException from reader: NotFoundException
[browser] MultiFormatReader: non-ReaderException from reader: NotFoundException: No Micro QR finder pattern found.
[browser] MultiFormatReader: non-ReaderException from reader: NotFoundException
[browser] MultiFormatReader: non-ReaderException from reader: NotFoundException
[browser] MultiFormatReader: non-ReaderException from reader: NotFoundException
[browser] MultiFormatReader: non-ReaderException from reader: ChecksumException
[browser] MultiFormatReader: non-ReaderException from reader: NotFoundException
[browser] MultiFormatReader: non-ReaderException from reader: NotFoundException
[browser] MultiFormatReader: non-ReaderException from reader: NotFoundException: No Micro QR finder pattern found.
[browser] MultiFormatReader: non-ReaderException from reader: NotFoundException
[browser] MultiFormatReader: non-ReaderException from reader: NotFoundException
[browser] MultiFormatReader: non-ReaderException from reader: NotFoundException
[browser] MultiFormatReader: non-ReaderException from reader: ChecksumException
[browser] MultiFormatReader: non-ReaderException from reader: NotFoundException
[browser] MultiFormatReader: non-ReaderException from reader: NotFoundException
[browser] MultiFormatReader: non-ReaderException from reader: NotFoundException: Cannot determine Micro QR symbol dimension.
[browser] MultiFormatReader: non-ReaderException from reader: NotFoundException
[browser] MultiFormatReader: non-ReaderException from reader: NotFoundException
[browser] MultiFormatReader: non-ReaderException from reader: NotFoundException
[browser] MultiFormatReader: non-ReaderException from reader: ChecksumException
[browser] MultiFormatReader: non-ReaderException from reader: NotFoundException
[browser] MultiFormatReader: non-ReaderException from reader: NotFoundException
[browser] MultiFormatReader: non-ReaderException from reader: NotFoundException: No Micro QR finder pattern found.
[browser] MultiFormatReader: non-ReaderException from reader: NotFoundException
[browser] MultiFormatReader: non-ReaderException from reader: NotFoundException
[browser] MultiFormatReader: non-ReaderException from reader: NotFoundException
[browser] MultiFormatReader: non-ReaderException from reader: ChecksumException
[browser] MultiFormatReader: non-ReaderException from reader: NotFoundException
[browser] MultiFormatReader: non-ReaderException from reader: NotFoundException
[browser] MultiFormatReader: non-ReaderException from reader: NotFoundException: No Micro QR finder pattern found.
[browser] MultiFormatReader: non-ReaderException from reader: NotFoundException
[browser] MultiFormatReader: non-ReaderException from reader: NotFoundException
[browser] MultiFormatReader: non-ReaderException from reader: NotFoundException
[browser] MultiFormatReader: non-ReaderException from reader: ChecksumException
 GET /login 200 in 38ms (next.js: 1.1ms, proxy.ts: 1.9ms, application-code: 35ms)
[browser] MultiFormatReader: non-ReaderException from reader: NotFoundException
[browser] MultiFormatReader: non-ReaderException from reader: NotFoundException
[browser] MultiFormatReader: non-ReaderException from reader: NotFoundException: Cannot determine Micro QR symbol dimension.
[browser] MultiFormatReader: non-ReaderException from reader: NotFoundException
[browser] MultiFormatReader: non-ReaderException from reader: NotFoundException
[browser] MultiFormatReader: non-ReaderException from reader: NotFoundException
[browser] MultiFormatReader: non-ReaderException from reader: ChecksumException
[browser] MultiFormatReader: non-ReaderException from reader: NotFoundException
[browser] MultiFormatReader: non-ReaderException from reader: NotFoundException
[browser] MultiFormatReader: non-ReaderException from reader: NotFoundException: No Micro QR finder pattern found.
[browser] MultiFormatReader: non-ReaderException from reader: NotFoundException
[browser] MultiFormatReader: non-ReaderException from reader: NotFoundException
[browser] MultiFormatReader: non-ReaderException from reader: NotFoundException
[browser] MultiFormatReader: non-ReaderException from reader: ChecksumException
[browser] MultiFormatReader: non-ReaderException from reader: NotFoundException
[browser] MultiFormatReader: non-ReaderException from reader: NotFoundException
[browser] MultiFormatReader: non-ReaderException from reader: NotFoundException: No Micro QR finder pattern found.
[browser] MultiFormatReader: non-ReaderException from reader: NotFoundException
[browser] MultiFormatReader: non-ReaderException from reader: NotFoundException
[browser] MultiFormatReader: non-ReaderException from reader: NotFoundException
[browser] MultiFormatReader: non-ReaderException from reader: ChecksumException
[browser] MultiFormatReader: non-ReaderException from reader: NotFoundException
[browser] MultiFormatReader: non-ReaderException from reader: NotFoundException
[browser] MultiFormatReader: non-ReaderException from reader: NotFoundException: Cannot determine Micro QR symbol dimension.
[browser] MultiFormatReader: non-ReaderException from reader: NotFoundException
[browser] MultiFormatReader: non-ReaderException from reader: NotFoundException
[browser] MultiFormatReader: non-ReaderException from reader: NotFoundException
[browser] MultiFormatReader: non-ReaderException from reader: ChecksumException
[browser] MultiFormatReader: non-ReaderException from reader: NotFoundException
[browser] MultiFormatReader: non-ReaderException from reader: NotFoundException
[browser] MultiFormatReader: non-ReaderException from reader: NotFoundException: No Micro QR finder pattern found.
[browser] MultiFormatReader: non-ReaderException from reader: NotFoundException
[browser] MultiFormatReader: non-ReaderException from reader: NotFoundException
[browser] MultiFormatReader: non-ReaderException from reader: NotFoundException
[browser] MultiFormatReader: non-ReaderException from reader: ChecksumException
[browser] MultiFormatReader: non-ReaderException from reader: NotFoundException
[browser] MultiFormatReader: non-ReaderException from reader: NotFoundException
[browser] MultiFormatReader: non-ReaderException from reader: NotFoundException: No Micro QR finder pattern found.
[browser] MultiFormatReader: non-ReaderException from reader: NotFoundException
[browser] MultiFormatReader: non-ReaderException from reader: NotFoundException
[browser] MultiFormatReader: non-ReaderException from reader: NotFoundException
[browser] MultiFormatReader: non-ReaderException from reader: ChecksumException
 GET /login 200 in 40ms (next.js: 1.5ms, proxy.ts: 1.6ms, application-code: 37ms)
[browser] MultiFormatReader: non-ReaderException from reader: NotFoundException
[browser] MultiFormatReader: non-ReaderException from reader: NotFoundException
[browser] MultiFormatReader: non-ReaderException from reader: NotFoundException: Cannot determine Micro QR symbol dimension.
[browser] MultiFormatReader: non-ReaderException from reader: NotFoundException
[browser] MultiFormatReader: non-ReaderException from reader: NotFoundException
[browser] MultiFormatReader: non-ReaderException from reader: NotFoundException
[browser] MultiFormatReader: non-ReaderException from reader: ChecksumException
[browser] MultiFormatReader: non-ReaderException from reader: NotFoundException
[browser] MultiFormatReader: non-ReaderException from reader: NotFoundException
[browser] MultiFormatReader: non-ReaderException from reader: NotFoundException: No Micro QR finder pattern found.
[browser] MultiFormatReader: non-ReaderException from reader: NotFoundException
[browser] MultiFormatReader: non-ReaderException from reader: NotFoundException
[browser] MultiFormatReader: non-ReaderException from reader: NotFoundException
[browser] MultiFormatReader: non-ReaderException from reader: ChecksumException
[browser] MultiFormatReader: non-ReaderException from reader: NotFoundException
[browser] MultiFormatReader: non-ReaderException from reader: NotFoundException
[browser] MultiFormatReader: non-ReaderException from reader: NotFoundException: No Micro QR finder pattern found.
[browser] MultiFormatReader: non-ReaderException from reader: NotFoundException
[browser] MultiFormatReader: non-ReaderException from reader: NotFoundException
[browser] MultiFormatReader: non-ReaderException from reader: NotFoundException
[browser] MultiFormatReader: non-ReaderException from reader: ChecksumException
[browser] MultiFormatReader: non-ReaderException from reader: NotFoundException
[browser] MultiFormatReader: non-ReaderException from reader: NotFoundException
[browser] MultiFormatReader: non-ReaderException from reader: NotFoundException: Cannot determine Micro QR symbol dimension.
[browser] MultiFormatReader: non-ReaderException from reader: NotFoundException
[browser] MultiFormatReader: non-ReaderException from reader: NotFoundException
[browser] MultiFormatReader: non-ReaderException from reader: NotFoundException
[browser] MultiFormatReader: non-ReaderException from reader: ChecksumException
[browser] MultiFormatReader: non-ReaderException from reader: NotFoundException
[browser] MultiFormatReader: non-ReaderException from reader: NotFoundException
[browser] MultiFormatReader: non-ReaderException from reader: NotFoundException: No Micro QR finder pattern found.
[browser] MultiFormatReader: non-ReaderException from reader: NotFoundException
[browser] MultiFormatReader: non-ReaderException from reader: NotFoundException
[browser] MultiFormatReader: non-ReaderException from reader: NotFoundException
[browser] MultiFormatReader: non-ReaderException from reader: ChecksumException
[browser] MultiFormatReader: non-ReaderException from reader: NotFoundException
[browser] MultiFormatReader: non-ReaderException from reader: NotFoundException
[browser] MultiFormatReader: non-ReaderException from reader: NotFoundException: No Micro QR finder pattern found.
[browser] MultiFormatReader: non-ReaderException from reader: NotFoundException
[browser] MultiFormatReader: non-ReaderException from reader: NotFoundException
[browser] MultiFormatReader: non-ReaderException from reader: NotFoundException
[browser] MultiFormatReader: non-ReaderException from reader: ChecksumException
[browser] MultiFormatReader: non-ReaderException from reader: NotFoundException
[browser] MultiFormatReader: non-ReaderException from reader: NotFoundException
[browser] MultiFormatReader: non-ReaderException from reader: NotFoundException
[browser] MultiFormatReader: non-ReaderException from reader: NotFoundException
[browser] MultiFormatReader: non-ReaderException from reader: NotFoundException: Cannot determine Micro QR symbol dimension.
[browser] MultiFormatReader: non-ReaderException from reader: NotFoundException: No Micro QR finder pattern found.
[browser] MultiFormatReader: non-ReaderException from reader: NotFoundException
[browser] MultiFormatReader: non-ReaderException from reader: NotFoundException
[browser] MultiFormatReader: non-ReaderException from reader: NotFoundException
[browser] MultiFormatReader: non-ReaderException from reader: NotFoundException
[browser] MultiFormatReader: non-ReaderException from reader: NotFoundException
[browser] MultiFormatReader: non-ReaderException from reader: NotFoundException
[browser] MultiFormatReader: non-ReaderException from reader: ChecksumException
[browser] MultiFormatReader: non-ReaderException from reader: ChecksumException
[browser] MultiFormatReader: non-ReaderException from reader: NotFoundException
[browser] MultiFormatReader: non-ReaderException from reader: NotFoundException
[browser] MultiFormatReader: non-ReaderException from reader: NotFoundException: No Micro QR finder pattern found.
[browser] MultiFormatReader: non-ReaderException from reader: NotFoundException
[browser] MultiFormatReader: non-ReaderException from reader: NotFoundException
[browser] MultiFormatReader: non-ReaderException from reader: NotFoundException
[browser] MultiFormatReader: non-ReaderException from reader: ChecksumException
 GET /login 200 in 54ms (next.js: 1.1ms, proxy.ts: 1.6ms, application-code: 52ms)
[browser] MultiFormatReader: non-ReaderException from reader: NotFoundException
[browser] MultiFormatReader: non-ReaderException from reader: NotFoundException
[browser] MultiFormatReader: non-ReaderException from reader: NotFoundException: Cannot determine Micro QR symbol dimension.
[browser] MultiFormatReader: non-ReaderException from reader: NotFoundException
[browser] MultiFormatReader: non-ReaderException from reader: NotFoundException
[browser] MultiFormatReader: non-ReaderException from reader: NotFoundException
[browser] MultiFormatReader: non-ReaderException from reader: ChecksumException
[browser] MultiFormatReader: non-ReaderException from reader: NotFoundException
[browser] MultiFormatReader: non-ReaderException from reader: NotFoundException
[browser] MultiFormatReader: non-ReaderException from reader: NotFoundException: No Micro QR finder pattern found.
[browser] MultiFormatReader: non-ReaderException from reader: FormatException
[browser] MultiFormatReader: non-ReaderException from reader: NotFoundException
[browser] MultiFormatReader: non-ReaderException from reader: NotFoundException
[browser] MultiFormatReader: non-ReaderException from reader: ChecksumException
[browser] MultiFormatReader: non-ReaderException from reader: NotFoundException
[browser] MultiFormatReader: non-ReaderException from reader: NotFoundException
[browser] MultiFormatReader: non-ReaderException from reader: NotFoundException: No Micro QR finder pattern found.
[browser] MultiFormatReader: non-ReaderException from reader: FormatException
[browser] MultiFormatReader: non-ReaderException from reader: NotFoundException
[browser] MultiFormatReader: non-ReaderException from reader: NotFoundException
[browser] MultiFormatReader: non-ReaderException from reader: ChecksumException
[browser] MultiFormatReader: non-ReaderException from reader: NotFoundException
[browser] MultiFormatReader: non-ReaderException from reader: NotFoundException
[browser] MultiFormatReader: non-ReaderException from reader: NotFoundException: Cannot determine Micro QR symbol dimension.
[browser] MultiFormatReader: non-ReaderException from reader: NotFoundException
[browser] MultiFormatReader: non-ReaderException from reader: NotFoundException
[browser] MultiFormatReader: non-ReaderException from reader: NotFoundException
[browser] MultiFormatReader: non-ReaderException from reader: ChecksumException
[browser] MultiFormatReader: non-ReaderException from reader: NotFoundException
[browser] MultiFormatReader: non-ReaderException from reader: NotFoundException
[browser] MultiFormatReader: non-ReaderException from reader: NotFoundException: No Micro QR finder pattern found.
[browser] MultiFormatReader: non-ReaderException from reader: FormatException
[browser] MultiFormatReader: non-ReaderException from reader: NotFoundException
[browser] MultiFormatReader: non-ReaderException from reader: NotFoundException
[browser] MultiFormatReader: non-ReaderException from reader: ChecksumException
[browser] MultiFormatReader: non-ReaderException from reader: NotFoundException
[browser] MultiFormatReader: non-ReaderException from reader: NotFoundException
[browser] MultiFormatReader: non-ReaderException from reader: NotFoundException: No Micro QR finder pattern found.
[browser] MultiFormatReader: non-ReaderException from reader: FormatException
[browser] MultiFormatReader: non-ReaderException from reader: NotFoundException
[browser] MultiFormatReader: non-ReaderException from reader: NotFoundException
[browser] MultiFormatReader: non-ReaderException from reader: ChecksumException
 GET /login 200 in 36ms (next.js: 1.0ms, proxy.ts: 1.6ms, application-code: 33ms)
[browser] MultiFormatReader: non-ReaderException from reader: NotFoundException
[browser] MultiFormatReader: non-ReaderException from reader: NotFoundException
[browser] MultiFormatReader: non-ReaderException from reader: NotFoundException: Cannot determine Micro QR symbol dimension.
[browser] MultiFormatReader: non-ReaderException from reader: NotFoundException
[browser] MultiFormatReader: non-ReaderException from reader: NotFoundException
[browser] MultiFormatReader: non-ReaderException from reader: NotFoundException
[browser] MultiFormatReader: non-ReaderException from reader: ChecksumException
[browser] MultiFormatReader: non-ReaderException from reader: NotFoundException
[browser] MultiFormatReader: non-ReaderException from reader: NotFoundException
[browser] MultiFormatReader: non-ReaderException from reader: NotFoundException: No Micro QR finder pattern found.
[browser] MultiFormatReader: non-ReaderException from reader: FormatException
[browser] MultiFormatReader: non-ReaderException from reader: NotFoundException
[browser] MultiFormatReader: non-ReaderException from reader: NotFoundException
[browser] MultiFormatReader: non-ReaderException from reader: ChecksumException
[browser] MultiFormatReader: non-ReaderException from reader: NotFoundException
[browser] MultiFormatReader: non-ReaderException from reader: NotFoundException
[browser] MultiFormatReader: non-ReaderException from reader: NotFoundException: No Micro QR finder pattern found.
[browser] MultiFormatReader: non-ReaderException from reader: FormatException
[browser] MultiFormatReader: non-ReaderException from reader: NotFoundException
[browser] MultiFormatReader: non-ReaderException from reader: NotFoundException
[browser] MultiFormatReader: non-ReaderException from reader: ChecksumException
[browser] MultiFormatReader: non-ReaderException from reader: NotFoundException
[browser] MultiFormatReader: non-ReaderException from reader: NotFoundException
[browser] MultiFormatReader: non-ReaderException from reader: NotFoundException: Cannot determine Micro QR symbol dimension.
[browser] MultiFormatReader: non-ReaderException from reader: NotFoundException
[browser] MultiFormatReader: non-ReaderException from reader: NotFoundException
[browser] MultiFormatReader: non-ReaderException from reader: NotFoundException
[browser] MultiFormatReader: non-ReaderException from reader: ChecksumException
[browser] MultiFormatReader: non-ReaderException from reader: NotFoundException
[browser] MultiFormatReader: non-ReaderException from reader: NotFoundException
[browser] MultiFormatReader: non-ReaderException from reader: NotFoundException: No Micro QR finder pattern found.
[browser] MultiFormatReader: non-ReaderException from reader: NotFoundException
[browser] MultiFormatReader: non-ReaderException from reader: NotFoundException
[browser] MultiFormatReader: non-ReaderException from reader: NotFoundException
[browser] MultiFormatReader: non-ReaderException from reader: ChecksumException
[browser] MultiFormatReader: non-ReaderException from reader: NotFoundException
[browser] MultiFormatReader: non-ReaderException from reader: NotFoundException
[browser] MultiFormatReader: non-ReaderException from reader: NotFoundException: No Micro QR finder pattern found.
[browser] MultiFormatReader: non-ReaderException from reader: NotFoundException
[browser] MultiFormatReader: non-ReaderException from reader: NotFoundException
[browser] MultiFormatReader: non-ReaderException from reader: NotFoundException
[browser] MultiFormatReader: non-ReaderException from reader: ChecksumException
 GET /login 200 in 67ms (next.js: 1.0ms, proxy.ts: 1.6ms, application-code: 65ms)
[browser] MultiFormatReader: non-ReaderException from reader: NotFoundException
[browser] MultiFormatReader: non-ReaderException from reader: NotFoundException
[browser] MultiFormatReader: non-ReaderException from reader: NotFoundException: Cannot determine Micro QR symbol dimension.
[browser] MultiFormatReader: non-ReaderException from reader: NotFoundException
[browser] MultiFormatReader: non-ReaderException from reader: NotFoundException
[browser] MultiFormatReader: non-ReaderException from reader: NotFoundException
[browser] MultiFormatReader: non-ReaderException from reader: ChecksumException
[browser] MultiFormatReader: non-ReaderException from reader: NotFoundException
[browser] MultiFormatReader: non-ReaderException from reader: NotFoundException
[browser] MultiFormatReader: non-ReaderException from reader: FormatException
[browser] MultiFormatReader: non-ReaderException from reader: FormatException
[browser] MultiFormatReader: non-ReaderException from reader: NotFoundException
[browser] MultiFormatReader: non-ReaderException from reader: NotFoundException
[browser] MultiFormatReader: non-ReaderException from reader: ChecksumException
[browser] MultiFormatReader: non-ReaderException from reader: NotFoundException
[browser] MultiFormatReader: non-ReaderException from reader: NotFoundException
[browser] MultiFormatReader: non-ReaderException from reader: FormatException
[browser] MultiFormatReader: non-ReaderException from reader: FormatException
[browser] MultiFormatReader: non-ReaderException from reader: NotFoundException
[browser] MultiFormatReader: non-ReaderException from reader: NotFoundException
[browser] MultiFormatReader: non-ReaderException from reader: ChecksumException
[browser] MultiFormatReader: non-ReaderException from reader: NotFoundException
[browser] MultiFormatReader: non-ReaderException from reader: NotFoundException
[browser] MultiFormatReader: non-ReaderException from reader: NotFoundException: Cannot determine Micro QR symbol dimension.
[browser] MultiFormatReader: non-ReaderException from reader: NotFoundException
[browser] MultiFormatReader: non-ReaderException from reader: NotFoundException
[browser] MultiFormatReader: non-ReaderException from reader: NotFoundException
[browser] MultiFormatReader: non-ReaderException from reader: ChecksumException
[browser] MultiFormatReader: non-ReaderException from reader: NotFoundException
[browser] MultiFormatReader: non-ReaderException from reader: NotFoundException
[browser] MultiFormatReader: non-ReaderException from reader: NotFoundException: No Micro QR finder pattern found.
[browser] MultiFormatReader: non-ReaderException from reader: NotFoundException
[browser] MultiFormatReader: non-ReaderException from reader: NotFoundException
[browser] MultiFormatReader: non-ReaderException from reader: NotFoundException
[browser] MultiFormatReader: non-ReaderException from reader: ChecksumException
[browser] MultiFormatReader: non-ReaderException from reader: NotFoundException
[browser] MultiFormatReader: non-ReaderException from reader: NotFoundException
 GET /api/packages?q=65152 200 in 30ms (next.js: 4ms, application-code: 26ms)
[browser] MultiFormatReader: non-ReaderException from reader: NotFoundException
[browser] MultiFormatReader: non-ReaderException from reader: NotFoundException
[browser] MultiFormatReader: non-ReaderException from reader: NotFoundException: Cannot determine Micro QR symbol dimension.
[browser] MultiFormatReader: non-ReaderException from reader: NotFoundException
[browser] MultiFormatReader: non-ReaderException from reader: NotFoundException
[browser] MultiFormatReader: non-ReaderException from reader: NotFoundException
[browser] MultiFormatReader: non-ReaderException from reader: ChecksumException
[browser] MultiFormatReader: non-ReaderException from reader: NotFoundException
[browser] MultiFormatReader: non-ReaderException from reader: NotFoundException
[browser] MultiFormatReader: non-ReaderException from reader: NotFoundException: No Micro QR finder pattern found.
[browser] MultiFormatReader: non-ReaderException from reader: NotFoundException
[browser] MultiFormatReader: non-ReaderException from reader: NotFoundException
[browser] MultiFormatReader: non-ReaderException from reader: NotFoundException
[browser] MultiFormatReader: non-ReaderException from reader: ChecksumException
 GET /login 200 in 38ms (next.js: 1.2ms, proxy.ts: 1.7ms, application-code: 35ms)
[browser] MultiFormatReader: non-ReaderException from reader: NotFoundException
[browser] MultiFormatReader: non-ReaderException from reader: NotFoundException
[browser] MultiFormatReader: non-ReaderException from reader: NotFoundException: Cannot determine Micro QR symbol dimension.
[browser] MultiFormatReader: non-ReaderException from reader: NotFoundException
[browser] MultiFormatReader: non-ReaderException from reader: NotFoundException
[browser] MultiFormatReader: non-ReaderException from reader: NotFoundException
[browser] MultiFormatReader: non-ReaderException from reader: ChecksumException
[browser] MultiFormatReader: non-ReaderException from reader: NotFoundException
[browser] MultiFormatReader: non-ReaderException from reader: NotFoundException
[browser] MultiFormatReader: non-ReaderException from reader: NotFoundException: No Micro QR finder pattern found.
[browser] MultiFormatReader: non-ReaderException from reader: NotFoundException
[browser] MultiFormatReader: non-ReaderException from reader: NotFoundException
[browser] MultiFormatReader: non-ReaderException from reader: NotFoundException
[browser] MultiFormatReader: non-ReaderException from reader: ChecksumException
[browser] MultiFormatReader: non-ReaderException from reader: NotFoundException
[browser] MultiFormatReader: non-ReaderException from reader: NotFoundException
[browser] MultiFormatReader: non-ReaderException from reader: NotFoundException: Cannot determine Micro QR symbol dimension.
[browser] MultiFormatReader: non-ReaderException from reader: NotFoundException
[browser] MultiFormatReader: non-ReaderException from reader: NotFoundException
[browser] MultiFormatReader: non-ReaderException from reader: NotFoundException
[browser] MultiFormatReader: non-ReaderException from reader: ChecksumException
[browser] MultiFormatReader: non-ReaderException from reader: NotFoundException
[browser] MultiFormatReader: non-ReaderException from reader: NotFoundException
[browser] MultiFormatReader: non-ReaderException from reader: NotFoundException: No Micro QR finder pattern found.
[browser] MultiFormatReader: non-ReaderException from reader: NotFoundException
[browser] MultiFormatReader: non-ReaderException from reader: NotFoundException
[browser] MultiFormatReader: non-ReaderException from reader: NotFoundException
[browser] MultiFormatReader: non-ReaderException from reader: ChecksumException
 GET /login 200 in 36ms (next.js: 1.1ms, proxy.ts: 1.7ms, application-code: 34ms)
[browser] MultiFormatReader: non-ReaderException from reader: NotFoundException
[browser] MultiFormatReader: non-ReaderException from reader: NotFoundException
[browser] MultiFormatReader: non-ReaderException from reader: NotFoundException: Cannot determine Micro QR symbol dimension.
[browser] MultiFormatReader: non-ReaderException from reader: NotFoundException
[browser] MultiFormatReader: non-ReaderException from reader: NotFoundException
[browser] MultiFormatReader: non-ReaderException from reader: NotFoundException
[browser] MultiFormatReader: non-ReaderException from reader: ChecksumException
[browser] MultiFormatReader: non-ReaderException from reader: NotFoundException
[browser] MultiFormatReader: non-ReaderException from reader: NotFoundException
[browser] MultiFormatReader: non-ReaderException from reader: NotFoundException: No Micro QR finder pattern found.
[browser] MultiFormatReader: non-ReaderException from reader: NotFoundException
[browser] MultiFormatReader: non-ReaderException from reader: NotFoundException
[browser] MultiFormatReader: non-ReaderException from reader: NotFoundException
[browser] MultiFormatReader: non-ReaderException from reader: ChecksumException
[browser] MultiFormatReader: non-ReaderException from reader: NotFoundException
[browser] MultiFormatReader: non-ReaderException from reader: NotFoundException
[browser] MultiFormatReader: non-ReaderException from reader: NotFoundException: No Micro QR finder pattern found.
[browser] MultiFormatReader: non-ReaderException from reader: NotFoundException
[browser] MultiFormatReader: non-ReaderException from reader: NotFoundException
[browser] MultiFormatReader: non-ReaderException from reader: NotFoundException
[browser] MultiFormatReader: non-ReaderException from reader: ChecksumException
[browser] MultiFormatReader: non-ReaderException from reader: NotFoundException
[browser] MultiFormatReader: non-ReaderException from reader: NotFoundException
[browser] MultiFormatReader: non-ReaderException from reader: NotFoundException: No Micro QR finder pattern found.
[browser] MultiFormatReader: non-ReaderException from reader: NotFoundException
[browser] MultiFormatReader: non-ReaderException from reader: NotFoundException
[browser] MultiFormatReader: non-ReaderException from reader: NotFoundException
[browser] MultiFormatReader: non-ReaderException from reader: ChecksumException
[browser] MultiFormatReader: non-ReaderException from reader: NotFoundException
[browser] MultiFormatReader: non-ReaderException from reader: NotFoundException
[browser] MultiFormatReader: non-ReaderException from reader: NotFoundException: Cannot determine Micro QR symbol dimension.
[browser] MultiFormatReader: non-ReaderException from reader: NotFoundException
[browser] MultiFormatReader: non-ReaderException from reader: NotFoundException
[browser] MultiFormatReader: non-ReaderException from reader: NotFoundException
[browser] MultiFormatReader: non-ReaderException from reader: ChecksumException
[browser] MultiFormatReader: non-ReaderException from reader: NotFoundException
[browser] MultiFormatReader: non-ReaderException from reader: NotFoundException
[browser] MultiFormatReader: non-ReaderException from reader: NotFoundException: No Micro QR finder pattern found.
[browser] MultiFormatReader: non-ReaderException from reader: NotFoundException
[browser] MultiFormatReader: non-ReaderException from reader: NotFoundException
[browser] MultiFormatReader: non-ReaderException from reader: NotFoundException
[browser] MultiFormatReader: non-ReaderException from reader: ChecksumException
[browser] MultiFormatReader: non-ReaderException from reader: NotFoundException
[browser] MultiFormatReader: non-ReaderException from reader: NotFoundException
[browser] MultiFormatReader: non-ReaderException from reader: NotFoundException: Cannot determine Micro QR symbol dimension.
[browser] MultiFormatReader: non-ReaderException from reader: FormatException
[browser] MultiFormatReader: non-ReaderException from reader: NotFoundException
[browser] MultiFormatReader: non-ReaderException from reader: NotFoundException
[browser] MultiFormatReader: non-ReaderException from reader: ChecksumException
[browser] MultiFormatReader: non-ReaderException from reader: NotFoundException
[browser] MultiFormatReader: non-ReaderException from reader: NotFoundException
[browser] MultiFormatReader: non-ReaderException from reader: NotFoundException: Cannot determine Micro QR symbol dimension.
[browser] MultiFormatReader: non-ReaderException from reader: FormatException
[browser] MultiFormatReader: non-ReaderException from reader: NotFoundException
[browser] MultiFormatReader: non-ReaderException from reader: NotFoundException
[browser] MultiFormatReader: non-ReaderException from reader: ChecksumException
 GET /login 200 in 40ms (next.js: 1.1ms, proxy.ts: 1.7ms, application-code: 37ms)
[browser] MultiFormatReader: non-ReaderException from reader: NotFoundException
[browser] MultiFormatReader: non-ReaderException from reader: NotFoundException
[browser] MultiFormatReader: non-ReaderException from reader: NotFoundException: Cannot determine Micro QR symbol dimension.
[browser] MultiFormatReader: non-ReaderException from reader: NotFoundException
[browser] MultiFormatReader: non-ReaderException from reader: NotFoundException
[browser] MultiFormatReader: non-ReaderException from reader: NotFoundException
[browser] MultiFormatReader: non-ReaderException from reader: ChecksumException
[browser] MultiFormatReader: non-ReaderException from reader: NotFoundException
[browser] MultiFormatReader: non-ReaderException from reader: NotFoundException
[browser] MultiFormatReader: non-ReaderException from reader: NotFoundException: No Micro QR finder pattern found.
[browser] MultiFormatReader: non-ReaderException from reader: NotFoundException
[browser] MultiFormatReader: non-ReaderException from reader: NotFoundException
[browser] MultiFormatReader: non-ReaderException from reader: NotFoundException
[browser] MultiFormatReader: non-ReaderException from reader: ChecksumException
[browser] MultiFormatReader: non-ReaderException from reader: NotFoundException
[browser] MultiFormatReader: non-ReaderException from reader: NotFoundException
[browser] MultiFormatReader: non-ReaderException from reader: NotFoundException: No Micro QR finder pattern found.
[browser] MultiFormatReader: non-ReaderException from reader: FormatException
[browser] MultiFormatReader: non-ReaderException from reader: NotFoundException
[browser] MultiFormatReader: non-ReaderException from reader: NotFoundException
[browser] MultiFormatReader: non-ReaderException from reader: ChecksumException
[browser] MultiFormatReader: non-ReaderException from reader: NotFoundException
[browser] MultiFormatReader: non-ReaderException from reader: NotFoundException
[browser] MultiFormatReader: non-ReaderException from reader: NotFoundException: Cannot determine Micro QR symbol dimension.
[browser] MultiFormatReader: non-ReaderException from reader: FormatException
[browser] MultiFormatReader: non-ReaderException from reader: NotFoundException
[browser] MultiFormatReader: non-ReaderException from reader: NotFoundException
[browser] MultiFormatReader: non-ReaderException from reader: ChecksumException
[browser] MultiFormatReader: non-ReaderException from reader: NotFoundException
[browser] MultiFormatReader: non-ReaderException from reader: NotFoundException
[browser] MultiFormatReader: non-ReaderException from reader: NotFoundException: Cannot determine Micro QR symbol dimension.
[browser] MultiFormatReader: non-ReaderException from reader: NotFoundException
[browser] MultiFormatReader: non-ReaderException from reader: NotFoundException
[browser] MultiFormatReader: non-ReaderException from reader: NotFoundException
[browser] MultiFormatReader: non-ReaderException from reader: ChecksumException
[browser] MultiFormatReader: non-ReaderException from reader: NotFoundException
[browser] MultiFormatReader: non-ReaderException from reader: NotFoundException
[browser] MultiFormatReader: non-ReaderException from reader: NotFoundException: No Micro QR finder pattern found.
[browser] MultiFormatReader: non-ReaderException from reader: NotFoundException
[browser] MultiFormatReader: non-ReaderException from reader: NotFoundException
[browser] MultiFormatReader: non-ReaderException from reader: NotFoundException
[browser] MultiFormatReader: non-ReaderException from reader: ChecksumException
[browser] MultiFormatReader: non-ReaderException from reader: NotFoundException
[browser] MultiFormatReader: non-ReaderException from reader: NotFoundException
[browser] MultiFormatReader: non-ReaderException from reader: NotFoundException: Cannot determine Micro QR symbol dimension.
[browser] MultiFormatReader: non-ReaderException from reader: FormatException
[browser] MultiFormatReader: non-ReaderException from reader: NotFoundException
[browser] MultiFormatReader: non-ReaderException from reader: NotFoundException
[browser] MultiFormatReader: non-ReaderException from reader: ChecksumException
[browser] MultiFormatReader: non-ReaderException from reader: NotFoundException
[browser] MultiFormatReader: non-ReaderException from reader: NotFoundException
[browser] MultiFormatReader: non-ReaderException from reader: NotFoundException: Cannot determine Micro QR symbol dimension.
[browser] MultiFormatReader: non-ReaderException from reader: FormatException
[browser] MultiFormatReader: non-ReaderException from reader: NotFoundException
[browser] MultiFormatReader: non-ReaderException from reader: NotFoundException
[browser] MultiFormatReader: non-ReaderException from reader: ChecksumException
[browser] MultiFormatReader: non-ReaderException from reader: NotFoundException
[browser] MultiFormatReader: non-ReaderException from reader: NotFoundException
[browser] MultiFormatReader: non-ReaderException from reader: NotFoundException: Cannot determine Micro QR symbol dimension.
[browser] MultiFormatReader: non-ReaderException from reader: NotFoundException
[browser] MultiFormatReader: non-ReaderException from reader: NotFoundException
[browser] MultiFormatReader: non-ReaderException from reader: NotFoundException
[browser] MultiFormatReader: non-ReaderException from reader: ChecksumException
[browser] MultiFormatReader: non-ReaderException from reader: NotFoundException
[browser] MultiFormatReader: non-ReaderException from reader: NotFoundException
[browser] MultiFormatReader: non-ReaderException from reader: NotFoundException: No Micro QR finder pattern found.
[browser] MultiFormatReader: non-ReaderException from reader: NotFoundException
[browser] MultiFormatReader: non-ReaderException from reader: NotFoundException
[browser] MultiFormatReader: non-ReaderException from reader: NotFoundException
[browser] MultiFormatReader: non-ReaderException from reader: ChecksumException
 GET /login 200 in 43ms (next.js: 1.1ms, proxy.ts: 1.8ms, application-code: 40ms)
[browser] MultiFormatReader: non-ReaderException from reader: NotFoundException
[browser] MultiFormatReader: non-ReaderException from reader: NotFoundException
[browser] MultiFormatReader: non-ReaderException from reader: FormatException
[browser] MultiFormatReader: non-ReaderException from reader: FormatException
[browser] MultiFormatReader: non-ReaderException from reader: NotFoundException
[browser] MultiFormatReader: non-ReaderException from reader: NotFoundException
[browser] MultiFormatReader: non-ReaderException from reader: ChecksumException
[browser] MultiFormatReader: non-ReaderException from reader: NotFoundException
[browser] MultiFormatReader: non-ReaderException from reader: NotFoundException
[browser] MultiFormatReader: non-ReaderException from reader: FormatException
[browser] MultiFormatReader: non-ReaderException from reader: FormatException
[browser] MultiFormatReader: non-ReaderException from reader: NotFoundException
[browser] MultiFormatReader: non-ReaderException from reader: NotFoundException
[browser] MultiFormatReader: non-ReaderException from reader: ChecksumException
[browser] MultiFormatReader: non-ReaderException from reader: NotFoundException
[browser] MultiFormatReader: non-ReaderException from reader: NotFoundException
[browser] MultiFormatReader: non-ReaderException from reader: NotFoundException: Cannot determine Micro QR symbol dimension.
[browser] MultiFormatReader: non-ReaderException from reader: NotFoundException
[browser] MultiFormatReader: non-ReaderException from reader: NotFoundException
[browser] MultiFormatReader: non-ReaderException from reader: NotFoundException
[browser] MultiFormatReader: non-ReaderException from reader: ChecksumException
[browser] MultiFormatReader: non-ReaderException from reader: NotFoundException
[browser] MultiFormatReader: non-ReaderException from reader: NotFoundException
[browser] MultiFormatReader: non-ReaderException from reader: NotFoundException: No Micro QR finder pattern found.
[browser] MultiFormatReader: non-ReaderException from reader: NotFoundException
[browser] MultiFormatReader: non-ReaderException from reader: NotFoundException
[browser] MultiFormatReader: non-ReaderException from reader: NotFoundException
[browser] MultiFormatReader: non-ReaderException from reader: ChecksumException
[browser] MultiFormatReader: non-ReaderException from reader: NotFoundException
[browser] MultiFormatReader: non-ReaderException from reader: NotFoundException
[browser] MultiFormatReader: non-ReaderException from reader: NotFoundException: No Micro QR finder pattern found.
[browser] MultiFormatReader: non-ReaderException from reader: FormatException
[browser] MultiFormatReader: non-ReaderException from reader: NotFoundException
[browser] MultiFormatReader: non-ReaderException from reader: NotFoundException
[browser] MultiFormatReader: non-ReaderException from reader: ChecksumException
[browser] MultiFormatReader: non-ReaderException from reader: NotFoundException
[browser] MultiFormatReader: non-ReaderException from reader: NotFoundException
[browser] MultiFormatReader: non-ReaderException from reader: NotFoundException: Cannot determine Micro QR symbol dimension.
[browser] MultiFormatReader: non-ReaderException from reader: FormatException
[browser] MultiFormatReader: non-ReaderException from reader: NotFoundException
[browser] MultiFormatReader: non-ReaderException from reader: NotFoundException
[browser] MultiFormatReader: non-ReaderException from reader: ChecksumException
[browser] MultiFormatReader: non-ReaderException from reader: NotFoundException
[browser] MultiFormatReader: non-ReaderException from reader: NotFoundException
[browser] MultiFormatReader: non-ReaderException from reader: NotFoundException: Cannot determine Micro QR symbol dimension.
[browser] MultiFormatReader: non-ReaderException from reader: NotFoundException
[browser] MultiFormatReader: non-ReaderException from reader: NotFoundException
[browser] MultiFormatReader: non-ReaderException from reader: NotFoundException
[browser] MultiFormatReader: non-ReaderException from reader: ChecksumException
[browser] MultiFormatReader: non-ReaderException from reader: NotFoundException
[browser] MultiFormatReader: non-ReaderException from reader: NotFoundException
[browser] MultiFormatReader: non-ReaderException from reader: NotFoundException: No Micro QR finder pattern found.
[browser] MultiFormatReader: non-ReaderException from reader: NotFoundException
[browser] MultiFormatReader: non-ReaderException from reader: NotFoundException
[browser] MultiFormatReader: non-ReaderException from reader: NotFoundException
[browser] MultiFormatReader: non-ReaderException from reader: ChecksumException
 GET /login 200 in 37ms (next.js: 1.1ms, proxy.ts: 1.7ms, application-code: 34ms)
[browser] MultiFormatReader: non-ReaderException from reader: NotFoundException
[browser] MultiFormatReader: non-ReaderException from reader: NotFoundException
[browser] MultiFormatReader: non-ReaderException from reader: NotFoundException: No Micro QR finder pattern found.
[browser] MultiFormatReader: non-ReaderException from reader: FormatException
[browser] MultiFormatReader: non-ReaderException from reader: NotFoundException
[browser] MultiFormatReader: non-ReaderException from reader: NotFoundException
[browser] MultiFormatReader: non-ReaderException from reader: ChecksumException
[browser] MultiFormatReader: non-ReaderException from reader: NotFoundException
[browser] MultiFormatReader: non-ReaderException from reader: NotFoundException
[browser] MultiFormatReader: non-ReaderException from reader: NotFoundException: No Micro QR finder pattern found.
[browser] MultiFormatReader: non-ReaderException from reader: FormatException
[browser] MultiFormatReader: non-ReaderException from reader: NotFoundException
[browser] MultiFormatReader: non-ReaderException from reader: NotFoundException
[browser] MultiFormatReader: non-ReaderException from reader: ChecksumException
[browser] MultiFormatReader: non-ReaderException from reader: NotFoundException
[browser] MultiFormatReader: non-ReaderException from reader: NotFoundException
[browser] MultiFormatReader: non-ReaderException from reader: NotFoundException: Cannot determine Micro QR symbol dimension.
[browser] MultiFormatReader: non-ReaderException from reader: NotFoundException
[browser] MultiFormatReader: non-ReaderException from reader: NotFoundException
[browser] MultiFormatReader: non-ReaderException from reader: NotFoundException
[browser] MultiFormatReader: non-ReaderException from reader: ChecksumException
[browser] MultiFormatReader: non-ReaderException from reader: NotFoundException
[browser] MultiFormatReader: non-ReaderException from reader: NotFoundException
[browser] MultiFormatReader: non-ReaderException from reader: NotFoundException: No Micro QR finder pattern found.
[browser] MultiFormatReader: non-ReaderException from reader: NotFoundException
[browser] MultiFormatReader: non-ReaderException from reader: NotFoundException
[browser] MultiFormatReader: non-ReaderException from reader: NotFoundException
[browser] MultiFormatReader: non-ReaderException from reader: ChecksumException
[browser] MultiFormatReader: non-ReaderException from reader: NotFoundException
[browser] MultiFormatReader: non-ReaderException from reader: NotFoundException
[browser] MultiFormatReader: non-ReaderException from reader: NotFoundException: No Micro QR finder pattern found.
[browser] MultiFormatReader: non-ReaderException from reader: NotFoundException
[browser] MultiFormatReader: non-ReaderException from reader: NotFoundException
[browser] MultiFormatReader: non-ReaderException from reader: NotFoundException
[browser] MultiFormatReader: non-ReaderException from reader: ChecksumException
[browser] MultiFormatReader: non-ReaderException from reader: NotFoundException
[browser] MultiFormatReader: non-ReaderException from reader: NotFoundException
[browser] MultiFormatReader: non-ReaderException from reader: NotFoundException: Cannot determine Micro QR symbol dimension.
[browser] MultiFormatReader: non-ReaderException from reader: NotFoundException
[browser] MultiFormatReader: non-ReaderException from reader: NotFoundException
[browser] MultiFormatReader: non-ReaderException from reader: NotFoundException
[browser] MultiFormatReader: non-ReaderException from reader: ChecksumException
[browser] MultiFormatReader: non-ReaderException from reader: NotFoundException
[browser] MultiFormatReader: non-ReaderException from reader: NotFoundException
[browser] MultiFormatReader: non-ReaderException from reader: NotFoundException: Cannot determine Micro QR symbol dimension.
[browser] MultiFormatReader: non-ReaderException from reader: NotFoundException
[browser] MultiFormatReader: non-ReaderException from reader: NotFoundException
[browser] MultiFormatReader: non-ReaderException from reader: NotFoundException
[browser] MultiFormatReader: non-ReaderException from reader: ChecksumException
[browser] MultiFormatReader: non-ReaderException from reader: NotFoundException
[browser] MultiFormatReader: non-ReaderException from reader: NotFoundException
[browser] MultiFormatReader: non-ReaderException from reader: NotFoundException: No Micro QR finder pattern found.
[browser] MultiFormatReader: non-ReaderException from reader: NotFoundException
[browser] MultiFormatReader: non-ReaderException from reader: NotFoundException
[browser] MultiFormatReader: non-ReaderException from reader: NotFoundException
[browser] MultiFormatReader: non-ReaderException from reader: ChecksumException
 GET /login 200 in 79ms (next.js: 3ms, proxy.ts: 5ms, application-code: 72ms)
[browser] MultiFormatReader: non-ReaderException from reader: NotFoundException
[browser] MultiFormatReader: non-ReaderException from reader: NotFoundException
[browser] MultiFormatReader: non-ReaderException from reader: NotFoundException: No Micro QR finder pattern found.
[browser] MultiFormatReader: non-ReaderException from reader: NotFoundException
[browser] MultiFormatReader: non-ReaderException from reader: NotFoundException
[browser] MultiFormatReader: non-ReaderException from reader: NotFoundException
[browser] MultiFormatReader: non-ReaderException from reader: ChecksumException
[browser] MultiFormatReader: non-ReaderException from reader: NotFoundException
[browser] MultiFormatReader: non-ReaderException from reader: NotFoundException
[browser] MultiFormatReader: non-ReaderException from reader: NotFoundException: No Micro QR finder pattern found.
[browser] MultiFormatReader: non-ReaderException from reader: NotFoundException
[browser] MultiFormatReader: non-ReaderException from reader: NotFoundException
[browser] MultiFormatReader: non-ReaderException from reader: NotFoundException
[browser] MultiFormatReader: non-ReaderException from reader: ChecksumException
[browser] MultiFormatReader: non-ReaderException from reader: NotFoundException
[browser] MultiFormatReader: non-ReaderException from reader: NotFoundException
[browser] MultiFormatReader: non-ReaderException from reader: NotFoundException: Cannot determine Micro QR symbol dimension.
[browser] MultiFormatReader: non-ReaderException from reader: NotFoundException
[browser] MultiFormatReader: non-ReaderException from reader: NotFoundException
[browser] MultiFormatReader: non-ReaderException from reader: NotFoundException
[browser] MultiFormatReader: non-ReaderException from reader: ChecksumException
[browser] MultiFormatReader: non-ReaderException from reader: NotFoundException
[browser] MultiFormatReader: non-ReaderException from reader: NotFoundException
[browser] MultiFormatReader: non-ReaderException from reader: NotFoundException: No Micro QR finder pattern found.
[browser] MultiFormatReader: non-ReaderException from reader: NotFoundException
[browser] MultiFormatReader: non-ReaderException from reader: NotFoundException
[browser] MultiFormatReader: non-ReaderException from reader: NotFoundException
[browser] MultiFormatReader: non-ReaderException from reader: ChecksumException
[browser] MultiFormatReader: non-ReaderException from reader: NotFoundException
[browser] MultiFormatReader: non-ReaderException from reader: NotFoundException
[browser] MultiFormatReader: non-ReaderException from reader: NotFoundException: No Micro QR finder pattern found.
[browser] MultiFormatReader: non-ReaderException from reader: NotFoundException
[browser] MultiFormatReader: non-ReaderException from reader: NotFoundException
[browser] MultiFormatReader: non-ReaderException from reader: NotFoundException
[browser] MultiFormatReader: non-ReaderException from reader: ChecksumException
[browser] MultiFormatReader: non-ReaderException from reader: NotFoundException
[browser] MultiFormatReader: non-ReaderException from reader: NotFoundException
[browser] MultiFormatReader: non-ReaderException from reader: NotFoundException: No Micro QR finder pattern found.
[browser] MultiFormatReader: non-ReaderException from reader: NotFoundException
[browser] MultiFormatReader: non-ReaderException from reader: NotFoundException
[browser] MultiFormatReader: non-ReaderException from reader: NotFoundException
[browser] MultiFormatReader: non-ReaderException from reader: ChecksumException
[browser] MultiFormatReader: non-ReaderException from reader: NotFoundException
[browser] MultiFormatReader: non-ReaderException from reader: NotFoundException
[browser] MultiFormatReader: non-ReaderException from reader: NotFoundException: Cannot determine Micro QR symbol dimension.
[browser] MultiFormatReader: non-ReaderException from reader: NotFoundException
[browser] MultiFormatReader: non-ReaderException from reader: NotFoundException
[browser] MultiFormatReader: non-ReaderException from reader: NotFoundException
[browser] MultiFormatReader: non-ReaderException from reader: ChecksumException
[browser] MultiFormatReader: non-ReaderException from reader: NotFoundException
[browser] MultiFormatReader: non-ReaderException from reader: NotFoundException
[browser] MultiFormatReader: non-ReaderException from reader: NotFoundException: No Micro QR finder pattern found.
[browser] MultiFormatReader: non-ReaderException from reader: NotFoundException
[browser] MultiFormatReader: non-ReaderException from reader: NotFoundException
[browser] MultiFormatReader: non-ReaderException from reader: NotFoundException
[browser] MultiFormatReader: non-ReaderException from reader: ChecksumException
[browser] MultiFormatReader: non-ReaderException from reader: NotFoundException
[browser] MultiFormatReader: non-ReaderException from reader: NotFoundException
[browser] MultiFormatReader: non-ReaderException from reader: FormatException
[browser] MultiFormatReader: non-ReaderException from reader: NotFoundException
[browser] MultiFormatReader: non-ReaderException from reader: NotFoundException
[browser] MultiFormatReader: non-ReaderException from reader: NotFoundException
[browser] MultiFormatReader: non-ReaderException from reader: ChecksumException
[browser] MultiFormatReader: non-ReaderException from reader: NotFoundException
[browser] MultiFormatReader: non-ReaderException from reader: NotFoundException
[browser] MultiFormatReader: non-ReaderException from reader: NotFoundException: Cannot determine Micro QR symbol dimension.
[browser] MultiFormatReader: non-ReaderException from reader: NotFoundException
[browser] MultiFormatReader: non-ReaderException from reader: NotFoundException
[browser] MultiFormatReader: non-ReaderException from reader: NotFoundException
[browser] MultiFormatReader: non-ReaderException from reader: ChecksumException
[browser] MultiFormatReader: non-ReaderException from reader: NotFoundException
[browser] MultiFormatReader: non-ReaderException from reader: NotFoundException
[browser] MultiFormatReader: non-ReaderException from reader: NotFoundException: No Micro QR finder pattern found.
[browser] MultiFormatReader: non-ReaderException from reader: NotFoundException
[browser] MultiFormatReader: non-ReaderException from reader: NotFoundException
[browser] MultiFormatReader: non-ReaderException from reader: NotFoundException
[browser] MultiFormatReader: non-ReaderException from reader: ChecksumException
 GET /login 200 in 57ms (next.js: 2ms, proxy.ts: 1.8ms, application-code: 53ms)
[browser] MultiFormatReader: non-ReaderException from reader: NotFoundException
[browser] MultiFormatReader: non-ReaderException from reader: NotFoundException
[browser] MultiFormatReader: non-ReaderException from reader: FormatException
[browser] MultiFormatReader: non-ReaderException from reader: NotFoundException
[browser] MultiFormatReader: non-ReaderException from reader: NotFoundException
[browser] MultiFormatReader: non-ReaderException from reader: NotFoundException
[browser] MultiFormatReader: non-ReaderException from reader: ChecksumException
 GET /api/packages?q=B01N01OCYS 200 in 21ms (next.js: 1.8ms, application-code: 20ms)
 GET /api/customers 200 in 19ms (next.js: 1.7ms, application-code: 17ms)
 GET /api/shipping-rates 200 in 20ms (next.js: 0.6ms, application-code: 19ms)
 GET /api/customers 200 in 18ms (next.js: 0.8ms, application-code: 17ms)
 GET /api/shipping-rates 200 in 15ms (next.js: 1.0ms, application-code: 14ms)
[browser] MultiFormatReader: non-ReaderException from reader: NotFoundException
[browser] MultiFormatReader: non-ReaderException from reader: NotFoundException
[browser] MultiFormatReader: non-ReaderException from reader: NotFoundException: Cannot determine Micro QR symbol dimension.
[browser] MultiFormatReader: non-ReaderException from reader: NotFoundException
[browser] MultiFormatReader: non-ReaderException from reader: NotFoundException
[browser] MultiFormatReader: non-ReaderException from reader: NotFoundException
[browser] MultiFormatReader: non-ReaderException from reader: ChecksumException
[browser] MultiFormatReader: non-ReaderException from reader: NotFoundException
[browser] MultiFormatReader: non-ReaderException from reader: NotFoundException
[browser] MultiFormatReader: non-ReaderException from reader: NotFoundException: No Micro QR finder pattern found.
[browser] MultiFormatReader: non-ReaderException from reader: NotFoundException
[browser] MultiFormatReader: non-ReaderException from reader: NotFoundException
[browser] MultiFormatReader: non-ReaderException from reader: NotFoundException
[browser] MultiFormatReader: non-ReaderException from reader: ChecksumException
[browser] MultiFormatReader: non-ReaderException from reader: NotFoundException
[browser] MultiFormatReader: non-ReaderException from reader: NotFoundException
[browser] MultiFormatReader: non-ReaderException from reader: FormatException
[browser] MultiFormatReader: non-ReaderException from reader: NotFoundException
[browser] MultiFormatReader: non-ReaderException from reader: NotFoundException
[browser] MultiFormatReader: non-ReaderException from reader: NotFoundException
[browser] MultiFormatReader: non-ReaderException from reader: ChecksumException
[browser] MultiFormatReader: non-ReaderException from reader: NotFoundException
[browser] MultiFormatReader: non-ReaderException from reader: NotFoundException
[browser] MultiFormatReader: non-ReaderException from reader: NotFoundException: Cannot determine Micro QR symbol dimension.
[browser] MultiFormatReader: non-ReaderException from reader: NotFoundException
[browser] MultiFormatReader: non-ReaderException from reader: NotFoundException
[browser] MultiFormatReader: non-ReaderException from reader: NotFoundException
[browser] MultiFormatReader: non-ReaderException from reader: ChecksumException
[browser] MultiFormatReader: non-ReaderException from reader: NotFoundException
[browser] MultiFormatReader: non-ReaderException from reader: NotFoundException
[browser] MultiFormatReader: non-ReaderException from reader: NotFoundException: No Micro QR finder pattern found.
[browser] MultiFormatReader: non-ReaderException from reader: NotFoundException
[browser] MultiFormatReader: non-ReaderException from reader: NotFoundException
[browser] MultiFormatReader: non-ReaderException from reader: NotFoundException
[browser] MultiFormatReader: non-ReaderException from reader: ChecksumException
 GET /login 200 in 40ms (next.js: 1.1ms, proxy.ts: 1.6ms, application-code: 38ms)
[browser] MultiFormatReader: non-ReaderException from reader: NotFoundException
[browser] MultiFormatReader: non-ReaderException from reader: NotFoundException
[browser] MultiFormatReader: non-ReaderException from reader: FormatException
[browser] MultiFormatReader: non-ReaderException from reader: NotFoundException
[browser] MultiFormatReader: non-ReaderException from reader: NotFoundException
[browser] MultiFormatReader: non-ReaderException from reader: NotFoundException
[browser] MultiFormatReader: non-ReaderException from reader: ChecksumException
[browser] MultiFormatReader: non-ReaderException from reader: NotFoundException
[browser] MultiFormatReader: non-ReaderException from reader: NotFoundException
[browser] MultiFormatReader: non-ReaderException from reader: NotFoundException: Cannot determine Micro QR symbol dimension.
[browser] MultiFormatReader: non-ReaderException from reader: NotFoundException
[browser] MultiFormatReader: non-ReaderException from reader: NotFoundException
[browser] MultiFormatReader: non-ReaderException from reader: NotFoundException
[browser] MultiFormatReader: non-ReaderException from reader: ChecksumException
[browser] MultiFormatReader: non-ReaderException from reader: NotFoundException
[browser] MultiFormatReader: non-ReaderException from reader: NotFoundException
[browser] MultiFormatReader: non-ReaderException from reader: NotFoundException: No Micro QR finder pattern found.
[browser] MultiFormatReader: non-ReaderException from reader: NotFoundException
[browser] MultiFormatReader: non-ReaderException from reader: NotFoundException
[browser] MultiFormatReader: non-ReaderException from reader: NotFoundException
[browser] MultiFormatReader: non-ReaderException from reader: ChecksumException
[browser] MultiFormatReader: non-ReaderException from reader: NotFoundException
[browser] MultiFormatReader: non-ReaderException from reader: NotFoundException
[browser] MultiFormatReader: non-ReaderException from reader: FormatException
[browser] MultiFormatReader: non-ReaderException from reader: NotFoundException
[browser] MultiFormatReader: non-ReaderException from reader: NotFoundException
[browser] MultiFormatReader: non-ReaderException from reader: NotFoundException
[browser] MultiFormatReader: non-ReaderException from reader: ChecksumException
[browser] MultiFormatReader: non-ReaderException from reader: NotFoundException
[browser] MultiFormatReader: non-ReaderException from reader: NotFoundException
[browser] MultiFormatReader: non-ReaderException from reader: NotFoundException: Cannot determine Micro QR symbol dimension.
[browser] MultiFormatReader: non-ReaderException from reader: NotFoundException
[browser] MultiFormatReader: non-ReaderException from reader: NotFoundException
[browser] MultiFormatReader: non-ReaderException from reader: NotFoundException
[browser] MultiFormatReader: non-ReaderException from reader: ChecksumException
[browser] MultiFormatReader: non-ReaderException from reader: NotFoundException
[browser] MultiFormatReader: non-ReaderException from reader: NotFoundException
[browser] MultiFormatReader: non-ReaderException from reader: NotFoundException: No Micro QR finder pattern found.
[browser] MultiFormatReader: non-ReaderException from reader: NotFoundException
[browser] MultiFormatReader: non-ReaderException from reader: NotFoundException
[browser] MultiFormatReader: non-ReaderException from reader: NotFoundException
[browser] MultiFormatReader: non-ReaderException from reader: ChecksumException
 GET /login 200 in 38ms (next.js: 1.0ms, proxy.ts: 1.6ms, application-code: 35ms)
[browser] MultiFormatReader: non-ReaderException from reader: NotFoundException
[browser] MultiFormatReader: non-ReaderException from reader: NotFoundException
[browser] MultiFormatReader: non-ReaderException from reader: FormatException
[browser] MultiFormatReader: non-ReaderException from reader: NotFoundException
[browser] MultiFormatReader: non-ReaderException from reader: NotFoundException
[browser] MultiFormatReader: non-ReaderException from reader: NotFoundException
[browser] MultiFormatReader: non-ReaderException from reader: ChecksumException
[browser] MultiFormatReader: non-ReaderException from reader: NotFoundException
[browser] MultiFormatReader: non-ReaderException from reader: NotFoundException
[browser] MultiFormatReader: non-ReaderException from reader: NotFoundException: Cannot determine Micro QR symbol dimension.
[browser] MultiFormatReader: non-ReaderException from reader: NotFoundException
[browser] MultiFormatReader: non-ReaderException from reader: NotFoundException
[browser] MultiFormatReader: non-ReaderException from reader: NotFoundException
[browser] MultiFormatReader: non-ReaderException from reader: ChecksumException
[browser] MultiFormatReader: non-ReaderException from reader: NotFoundException
[browser] MultiFormatReader: non-ReaderException from reader: NotFoundException
[browser] MultiFormatReader: non-ReaderException from reader: NotFoundException: No Micro QR finder pattern found.
[browser] MultiFormatReader: non-ReaderException from reader: NotFoundException
[browser] MultiFormatReader: non-ReaderException from reader: NotFoundException
[browser] MultiFormatReader: non-ReaderException from reader: NotFoundException
[browser] MultiFormatReader: non-ReaderException from reader: ChecksumException
[browser] MultiFormatReader: non-ReaderException from reader: NotFoundException
[browser] MultiFormatReader: non-ReaderException from reader: NotFoundException
[browser] MultiFormatReader: non-ReaderException from reader: FormatException
[browser] MultiFormatReader: non-ReaderException from reader: NotFoundException
[browser] MultiFormatReader: non-ReaderException from reader: NotFoundException
[browser] MultiFormatReader: non-ReaderException from reader: NotFoundException
[browser] MultiFormatReader: non-ReaderException from reader: ChecksumException
[browser] MultiFormatReader: non-ReaderException from reader: NotFoundException
[browser] MultiFormatReader: non-ReaderException from reader: NotFoundException
[browser] MultiFormatReader: non-ReaderException from reader: NotFoundException: Cannot determine Micro QR symbol dimension.
[browser] MultiFormatReader: non-ReaderException from reader: NotFoundException
[browser] MultiFormatReader: non-ReaderException from reader: NotFoundException
[browser] MultiFormatReader: non-ReaderException from reader: NotFoundException
[browser] MultiFormatReader: non-ReaderException from reader: ChecksumException
[browser] MultiFormatReader: non-ReaderException from reader: NotFoundException
[browser] MultiFormatReader: non-ReaderException from reader: NotFoundException
[browser] MultiFormatReader: non-ReaderException from reader: NotFoundException: No Micro QR finder pattern found.
[browser] MultiFormatReader: non-ReaderException from reader: NotFoundException
[browser] MultiFormatReader: non-ReaderException from reader: NotFoundException
[browser] MultiFormatReader: non-ReaderException from reader: NotFoundException
[browser] MultiFormatReader: non-ReaderException from reader: ChecksumException
[browser] MultiFormatReader: non-ReaderException from reader: NotFoundException
[browser] MultiFormatReader: non-ReaderException from reader: NotFoundException
[browser] MultiFormatReader: non-ReaderException from reader: FormatException
[browser] MultiFormatReader: non-ReaderException from reader: NotFoundException
[browser] MultiFormatReader: non-ReaderException from reader: NotFoundException
[browser] MultiFormatReader: non-ReaderException from reader: NotFoundException
[browser] MultiFormatReader: non-ReaderException from reader: ChecksumException
 GET /login 200 in 43ms (next.js: 1.2ms, proxy.ts: 1.6ms, application-code: 41ms)
[browser] MultiFormatReader: non-ReaderException from reader: NotFoundException
[browser] MultiFormatReader: non-ReaderException from reader: NotFoundException
[browser] MultiFormatReader: non-ReaderException from reader: NotFoundException: Cannot determine Micro QR symbol dimension.
[browser] MultiFormatReader: non-ReaderException from reader: NotFoundException
[browser] MultiFormatReader: non-ReaderException from reader: NotFoundException
[browser] MultiFormatReader: non-ReaderException from reader: NotFoundException
[browser] MultiFormatReader: non-ReaderException from reader: ChecksumException
[browser] MultiFormatReader: non-ReaderException from reader: NotFoundException
[browser] MultiFormatReader: non-ReaderException from reader: NotFoundException
[browser] MultiFormatReader: non-ReaderException from reader: NotFoundException: No Micro QR finder pattern found.
[browser] MultiFormatReader: non-ReaderException from reader: NotFoundException
[browser] MultiFormatReader: non-ReaderException from reader: NotFoundException
[browser] MultiFormatReader: non-ReaderException from reader: NotFoundException
[browser] MultiFormatReader: non-ReaderException from reader: ChecksumException
[browser] MultiFormatReader: non-ReaderException from reader: NotFoundException
[browser] MultiFormatReader: non-ReaderException from reader: NotFoundException
[browser] MultiFormatReader: non-ReaderException from reader: FormatException
[browser] MultiFormatReader: non-ReaderException from reader: NotFoundException
[browser] MultiFormatReader: non-ReaderException from reader: NotFoundException
[browser] MultiFormatReader: non-ReaderException from reader: NotFoundException
[browser] MultiFormatReader: non-ReaderException from reader: ChecksumException
[browser] MultiFormatReader: non-ReaderException from reader: NotFoundException
[browser] MultiFormatReader: non-ReaderException from reader: NotFoundException
[browser] MultiFormatReader: non-ReaderException from reader: NotFoundException: Cannot determine Micro QR symbol dimension.
[browser] MultiFormatReader: non-ReaderException from reader: NotFoundException
[browser] MultiFormatReader: non-ReaderException from reader: NotFoundException
[browser] MultiFormatReader: non-ReaderException from reader: NotFoundException
[browser] MultiFormatReader: non-ReaderException from reader: ChecksumException
[browser] MultiFormatReader: non-ReaderException from reader: NotFoundException
[browser] MultiFormatReader: non-ReaderException from reader: NotFoundException
[browser] MultiFormatReader: non-ReaderException from reader: NotFoundException: No Micro QR finder pattern found.
[browser] MultiFormatReader: non-ReaderException from reader: NotFoundException
[browser] MultiFormatReader: non-ReaderException from reader: NotFoundException
[browser] MultiFormatReader: non-ReaderException from reader: NotFoundException
[browser] MultiFormatReader: non-ReaderException from reader: ChecksumException
[browser] MultiFormatReader: non-ReaderException from reader: NotFoundException
[browser] MultiFormatReader: non-ReaderException from reader: NotFoundException
[browser] MultiFormatReader: non-ReaderException from reader: FormatException
[browser] MultiFormatReader: non-ReaderException from reader: NotFoundException
[browser] MultiFormatReader: non-ReaderException from reader: NotFoundException
[browser] MultiFormatReader: non-ReaderException from reader: NotFoundException
[browser] MultiFormatReader: non-ReaderException from reader: ChecksumException
[browser] MultiFormatReader: non-ReaderException from reader: NotFoundException
[browser] MultiFormatReader: non-ReaderException from reader: NotFoundException
[browser] MultiFormatReader: non-ReaderException from reader: NotFoundException: Cannot determine Micro QR symbol dimension.
[browser] MultiFormatReader: non-ReaderException from reader: NotFoundException
[browser] MultiFormatReader: non-ReaderException from reader: NotFoundException
[browser] MultiFormatReader: non-ReaderException from reader: NotFoundException
[browser] MultiFormatReader: non-ReaderException from reader: ChecksumException
[browser] MultiFormatReader: non-ReaderException from reader: NotFoundException
[browser] MultiFormatReader: non-ReaderException from reader: NotFoundException
[browser] MultiFormatReader: non-ReaderException from reader: NotFoundException: No Micro QR finder pattern found.
[browser] MultiFormatReader: non-ReaderException from reader: NotFoundException
[browser] MultiFormatReader: non-ReaderException from reader: NotFoundException
[browser] MultiFormatReader: non-ReaderException from reader: NotFoundException
[browser] MultiFormatReader: non-ReaderException from reader: ChecksumException
 GET /login 200 in 45ms (next.js: 1.3ms, proxy.ts: 2ms, application-code: 41ms)
[browser] MultiFormatReader: non-ReaderException from reader: NotFoundException
[browser] MultiFormatReader: non-ReaderException from reader: NotFoundException
[browser] MultiFormatReader: non-ReaderException from reader: FormatException
[browser] MultiFormatReader: non-ReaderException from reader: NotFoundException
[browser] MultiFormatReader: non-ReaderException from reader: NotFoundException
[browser] MultiFormatReader: non-ReaderException from reader: NotFoundException
[browser] MultiFormatReader: non-ReaderException from reader: ChecksumException
[browser] MultiFormatReader: non-ReaderException from reader: NotFoundException
[browser] MultiFormatReader: non-ReaderException from reader: NotFoundException
[browser] MultiFormatReader: non-ReaderException from reader: NotFoundException: Cannot determine Micro QR symbol dimension.
[browser] MultiFormatReader: non-ReaderException from reader: NotFoundException
[browser] MultiFormatReader: non-ReaderException from reader: NotFoundException
[browser] MultiFormatReader: non-ReaderException from reader: NotFoundException
[browser] MultiFormatReader: non-ReaderException from reader: ChecksumException
[browser] MultiFormatReader: non-ReaderException from reader: NotFoundException
[browser] MultiFormatReader: non-ReaderException from reader: NotFoundException
[browser] MultiFormatReader: non-ReaderException from reader: NotFoundException: No Micro QR finder pattern found.
[browser] MultiFormatReader: non-ReaderException from reader: NotFoundException
[browser] MultiFormatReader: non-ReaderException from reader: NotFoundException
[browser] MultiFormatReader: non-ReaderException from reader: NotFoundException
[browser] MultiFormatReader: non-ReaderException from reader: ChecksumException
[browser] MultiFormatReader: non-ReaderException from reader: NotFoundException
[browser] MultiFormatReader: non-ReaderException from reader: NotFoundException
[browser] MultiFormatReader: non-ReaderException from reader: FormatException
[browser] MultiFormatReader: non-ReaderException from reader: NotFoundException
[browser] MultiFormatReader: non-ReaderException from reader: NotFoundException
[browser] MultiFormatReader: non-ReaderException from reader: NotFoundException
[browser] MultiFormatReader: non-ReaderException from reader: ChecksumException
[browser] MultiFormatReader: non-ReaderException from reader: NotFoundException
[browser] MultiFormatReader: non-ReaderException from reader: NotFoundException
[browser] MultiFormatReader: non-ReaderException from reader: NotFoundException: Cannot determine Micro QR symbol dimension.
[browser] MultiFormatReader: non-ReaderException from reader: NotFoundException
[browser] MultiFormatReader: non-ReaderException from reader: NotFoundException
[browser] MultiFormatReader: non-ReaderException from reader: NotFoundException
[browser] MultiFormatReader: non-ReaderException from reader: ChecksumException
[browser] MultiFormatReader: non-ReaderException from reader: NotFoundException
[browser] MultiFormatReader: non-ReaderException from reader: NotFoundException
[browser] MultiFormatReader: non-ReaderException from reader: NotFoundException: No Micro QR finder pattern found.
[browser] MultiFormatReader: non-ReaderException from reader: NotFoundException
[browser] MultiFormatReader: non-ReaderException from reader: NotFoundException
[browser] MultiFormatReader: non-ReaderException from reader: NotFoundException
[browser] MultiFormatReader: non-ReaderException from reader: ChecksumException
 GET /login 200 in 38ms (next.js: 1.1ms, proxy.ts: 1.9ms, application-code: 35ms)
[browser] MultiFormatReader: non-ReaderException from reader: NotFoundException
[browser] MultiFormatReader: non-ReaderException from reader: NotFoundException
[browser] MultiFormatReader: non-ReaderException from reader: FormatException
[browser] MultiFormatReader: non-ReaderException from reader: NotFoundException
[browser] MultiFormatReader: non-ReaderException from reader: NotFoundException
[browser] MultiFormatReader: non-ReaderException from reader: NotFoundException
[browser] MultiFormatReader: non-ReaderException from reader: ChecksumException
[browser] MultiFormatReader: non-ReaderException from reader: NotFoundException
[browser] MultiFormatReader: non-ReaderException from reader: NotFoundException
[browser] MultiFormatReader: non-ReaderException from reader: NotFoundException: Cannot determine Micro QR symbol dimension.
[browser] MultiFormatReader: non-ReaderException from reader: NotFoundException
[browser] MultiFormatReader: non-ReaderException from reader: NotFoundException
[browser] MultiFormatReader: non-ReaderException from reader: NotFoundException
[browser] MultiFormatReader: non-ReaderException from reader: ChecksumException
[browser] MultiFormatReader: non-ReaderException from reader: NotFoundException
[browser] MultiFormatReader: non-ReaderException from reader: NotFoundException
[browser] MultiFormatReader: non-ReaderException from reader: NotFoundException: No Micro QR finder pattern found.
[browser] MultiFormatReader: non-ReaderException from reader: NotFoundException
[browser] MultiFormatReader: non-ReaderException from reader: NotFoundException
[browser] MultiFormatReader: non-ReaderException from reader: NotFoundException
[browser] MultiFormatReader: non-ReaderException from reader: ChecksumException
[browser] MultiFormatReader: non-ReaderException from reader: NotFoundException
[browser] MultiFormatReader: non-ReaderException from reader: NotFoundException
[browser] MultiFormatReader: non-ReaderException from reader: FormatException
[browser] MultiFormatReader: non-ReaderException from reader: NotFoundException
[browser] MultiFormatReader: non-ReaderException from reader: NotFoundException
[browser] MultiFormatReader: non-ReaderException from reader: NotFoundException
[browser] MultiFormatReader: non-ReaderException from reader: ChecksumException
[browser] MultiFormatReader: non-ReaderException from reader: NotFoundException
[browser] MultiFormatReader: non-ReaderException from reader: NotFoundException
[browser] MultiFormatReader: non-ReaderException from reader: NotFoundException: Cannot determine Micro QR symbol dimension.
[browser] MultiFormatReader: non-ReaderException from reader: NotFoundException
[browser] MultiFormatReader: non-ReaderException from reader: NotFoundException
[browser] MultiFormatReader: non-ReaderException from reader: NotFoundException
[browser] MultiFormatReader: non-ReaderException from reader: ChecksumException
[browser] MultiFormatReader: non-ReaderException from reader: NotFoundException
[browser] MultiFormatReader: non-ReaderException from reader: NotFoundException
[browser] MultiFormatReader: non-ReaderException from reader: NotFoundException: No Micro QR finder pattern found.
[browser] MultiFormatReader: non-ReaderException from reader: NotFoundException
[browser] MultiFormatReader: non-ReaderException from reader: NotFoundException
[browser] MultiFormatReader: non-ReaderException from reader: NotFoundException
[browser] MultiFormatReader: non-ReaderException from reader: ChecksumException
[browser] MultiFormatReader: non-ReaderException from reader: NotFoundException
[browser] MultiFormatReader: non-ReaderException from reader: NotFoundException
[browser] MultiFormatReader: non-ReaderException from reader: FormatException
[browser] MultiFormatReader: non-ReaderException from reader: NotFoundException
[browser] MultiFormatReader: non-ReaderException from reader: NotFoundException
[browser] MultiFormatReader: non-ReaderException from reader: NotFoundException
[browser] MultiFormatReader: non-ReaderException from reader: ChecksumException
 GET /login 200 in 46ms (next.js: 1.2ms, proxy.ts: 1.6ms, application-code: 43ms)
[browser] MultiFormatReader: non-ReaderException from reader: NotFoundException
[browser] MultiFormatReader: non-ReaderException from reader: NotFoundException
[browser] MultiFormatReader: non-ReaderException from reader: NotFoundException: Cannot determine Micro QR symbol dimension.
[browser] MultiFormatReader: non-ReaderException from reader: NotFoundException
[browser] MultiFormatReader: non-ReaderException from reader: NotFoundException
[browser] MultiFormatReader: non-ReaderException from reader: NotFoundException
[browser] MultiFormatReader: non-ReaderException from reader: ChecksumException
[browser] MultiFormatReader: non-ReaderException from reader: NotFoundException
[browser] MultiFormatReader: non-ReaderException from reader: NotFoundException
[browser] MultiFormatReader: non-ReaderException from reader: NotFoundException: No Micro QR finder pattern found.
[browser] MultiFormatReader: non-ReaderException from reader: NotFoundException
[browser] MultiFormatReader: non-ReaderException from reader: NotFoundException
[browser] MultiFormatReader: non-ReaderException from reader: NotFoundException
[browser] MultiFormatReader: non-ReaderException from reader: ChecksumException
[browser] MultiFormatReader: non-ReaderException from reader: NotFoundException
[browser] MultiFormatReader: non-ReaderException from reader: NotFoundException
[browser] MultiFormatReader: non-ReaderException from reader: FormatException
[browser] MultiFormatReader: non-ReaderException from reader: NotFoundException
[browser] MultiFormatReader: non-ReaderException from reader: NotFoundException
[browser] MultiFormatReader: non-ReaderException from reader: NotFoundException
[browser] MultiFormatReader: non-ReaderException from reader: ChecksumException
[browser] MultiFormatReader: non-ReaderException from reader: NotFoundException
[browser] MultiFormatReader: non-ReaderException from reader: NotFoundException
[browser] MultiFormatReader: non-ReaderException from reader: NotFoundException: Cannot determine Micro QR symbol dimension.
[browser] MultiFormatReader: non-ReaderException from reader: NotFoundException
[browser] MultiFormatReader: non-ReaderException from reader: NotFoundException
[browser] MultiFormatReader: non-ReaderException from reader: NotFoundException
[browser] MultiFormatReader: non-ReaderException from reader: ChecksumException
[browser] MultiFormatReader: non-ReaderException from reader: NotFoundException
[browser] MultiFormatReader: non-ReaderException from reader: NotFoundException
[browser] MultiFormatReader: non-ReaderException from reader: NotFoundException: No Micro QR finder pattern found.
[browser] MultiFormatReader: non-ReaderException from reader: NotFoundException
[browser] MultiFormatReader: non-ReaderException from reader: NotFoundException
[browser] MultiFormatReader: non-ReaderException from reader: NotFoundException
[browser] MultiFormatReader: non-ReaderException from reader: ChecksumException
[browser] MultiFormatReader: non-ReaderException from reader: NotFoundException
[browser] MultiFormatReader: non-ReaderException from reader: NotFoundException
[browser] MultiFormatReader: non-ReaderException from reader: FormatException
[browser] MultiFormatReader: non-ReaderException from reader: NotFoundException
[browser] MultiFormatReader: non-ReaderException from reader: NotFoundException
[browser] MultiFormatReader: non-ReaderException from reader: NotFoundException
[browser] MultiFormatReader: non-ReaderException from reader: ChecksumException
[browser] MultiFormatReader: non-ReaderException from reader: NotFoundException
[browser] MultiFormatReader: non-ReaderException from reader: NotFoundException
[browser] MultiFormatReader: non-ReaderException from reader: NotFoundException: Cannot determine Micro QR symbol dimension.
[browser] MultiFormatReader: non-ReaderException from reader: NotFoundException
[browser] MultiFormatReader: non-ReaderException from reader: NotFoundException
[browser] MultiFormatReader: non-ReaderException from reader: NotFoundException
[browser] MultiFormatReader: non-ReaderException from reader: ChecksumException
[browser] MultiFormatReader: non-ReaderException from reader: NotFoundException
[browser] MultiFormatReader: non-ReaderException from reader: NotFoundException
[browser] MultiFormatReader: non-ReaderException from reader: NotFoundException: No Micro QR finder pattern found.
[browser] MultiFormatReader: non-ReaderException from reader: NotFoundException
[browser] MultiFormatReader: non-ReaderException from reader: NotFoundException
[browser] MultiFormatReader: non-ReaderException from reader: NotFoundException
[browser] MultiFormatReader: non-ReaderException from reader: ChecksumException
 GET /login 200 in 50ms (next.js: 2ms, proxy.ts: 2ms, application-code: 46ms)
[browser] MultiFormatReader: non-ReaderException from reader: NotFoundException
[browser] MultiFormatReader: non-ReaderException from reader: NotFoundException
[browser] MultiFormatReader: non-ReaderException from reader: FormatException
[browser] MultiFormatReader: non-ReaderException from reader: NotFoundException
[browser] MultiFormatReader: non-ReaderException from reader: NotFoundException
[browser] MultiFormatReader: non-ReaderException from reader: NotFoundException
[browser] MultiFormatReader: non-ReaderException from reader: ChecksumException
[browser] MultiFormatReader: non-ReaderException from reader: NotFoundException
[browser] MultiFormatReader: non-ReaderException from reader: NotFoundException
[browser] MultiFormatReader: non-ReaderException from reader: NotFoundException: Cannot determine Micro QR symbol dimension.
[browser] MultiFormatReader: non-ReaderException from reader: NotFoundException
[browser] MultiFormatReader: non-ReaderException from reader: NotFoundException
[browser] MultiFormatReader: non-ReaderException from reader: NotFoundException
[browser] MultiFormatReader: non-ReaderException from reader: ChecksumException
[browser] MultiFormatReader: non-ReaderException from reader: NotFoundException
[browser] MultiFormatReader: non-ReaderException from reader: NotFoundException
[browser] MultiFormatReader: non-ReaderException from reader: NotFoundException: No Micro QR finder pattern found.
[browser] MultiFormatReader: non-ReaderException from reader: NotFoundException
[browser] MultiFormatReader: non-ReaderException from reader: NotFoundException
[browser] MultiFormatReader: non-ReaderException from reader: NotFoundException
[browser] MultiFormatReader: non-ReaderException from reader: ChecksumException
[browser] MultiFormatReader: non-ReaderException from reader: NotFoundException
[browser] MultiFormatReader: non-ReaderException from reader: NotFoundException
[browser] MultiFormatReader: non-ReaderException from reader: FormatException
[browser] MultiFormatReader: non-ReaderException from reader: NotFoundException
[browser] MultiFormatReader: non-ReaderException from reader: NotFoundException
[browser] MultiFormatReader: non-ReaderException from reader: NotFoundException
[browser] MultiFormatReader: non-ReaderException from reader: ChecksumException
[browser] MultiFormatReader: non-ReaderException from reader: NotFoundException
[browser] MultiFormatReader: non-ReaderException from reader: NotFoundException
[browser] MultiFormatReader: non-ReaderException from reader: NotFoundException: Cannot determine Micro QR symbol dimension.
[browser] MultiFormatReader: non-ReaderException from reader: NotFoundException
[browser] MultiFormatReader: non-ReaderException from reader: NotFoundException
[browser] MultiFormatReader: non-ReaderException from reader: NotFoundException
[browser] MultiFormatReader: non-ReaderException from reader: ChecksumException
[browser] MultiFormatReader: non-ReaderException from reader: NotFoundException
[browser] MultiFormatReader: non-ReaderException from reader: NotFoundException
[browser] MultiFormatReader: non-ReaderException from reader: NotFoundException: No Micro QR finder pattern found.
[browser] MultiFormatReader: non-ReaderException from reader: NotFoundException
[browser] MultiFormatReader: non-ReaderException from reader: NotFoundException
[browser] MultiFormatReader: non-ReaderException from reader: NotFoundException
[browser] MultiFormatReader: non-ReaderException from reader: ChecksumException
[browser] MultiFormatReader: non-ReaderException from reader: NotFoundException
[browser] MultiFormatReader: non-ReaderException from reader: NotFoundException
[browser] MultiFormatReader: non-ReaderException from reader: FormatException
[browser] MultiFormatReader: non-ReaderException from reader: NotFoundException
[browser] MultiFormatReader: non-ReaderException from reader: NotFoundException
[browser] MultiFormatReader: non-ReaderException from reader: NotFoundException
[browser] MultiFormatReader: non-ReaderException from reader: ChecksumException
 GET /login 200 in 62ms (next.js: 5ms, proxy.ts: 3ms, application-code: 54ms)
[browser] MultiFormatReader: non-ReaderException from reader: NotFoundException
[browser] MultiFormatReader: non-ReaderException from reader: NotFoundException
[browser] MultiFormatReader: non-ReaderException from reader: NotFoundException: Cannot determine Micro QR symbol dimension.
[browser] MultiFormatReader: non-ReaderException from reader: NotFoundException
[browser] MultiFormatReader: non-ReaderException from reader: NotFoundException
[browser] MultiFormatReader: non-ReaderException from reader: NotFoundException
[browser] MultiFormatReader: non-ReaderException from reader: ChecksumException
[browser] MultiFormatReader: non-ReaderException from reader: NotFoundException
[browser] MultiFormatReader: non-ReaderException from reader: NotFoundException
[browser] MultiFormatReader: non-ReaderException from reader: NotFoundException: No Micro QR finder pattern found.
[browser] MultiFormatReader: non-ReaderException from reader: NotFoundException
[browser] MultiFormatReader: non-ReaderException from reader: NotFoundException
[browser] MultiFormatReader: non-ReaderException from reader: NotFoundException
[browser] MultiFormatReader: non-ReaderException from reader: ChecksumException
[browser] MultiFormatReader: non-ReaderException from reader: NotFoundException
[browser] MultiFormatReader: non-ReaderException from reader: NotFoundException
[browser] MultiFormatReader: non-ReaderException from reader: FormatException
[browser] MultiFormatReader: non-ReaderException from reader: NotFoundException
[browser] MultiFormatReader: non-ReaderException from reader: NotFoundException
[browser] MultiFormatReader: non-ReaderException from reader: NotFoundException
[browser] MultiFormatReader: non-ReaderException from reader: ChecksumException
[browser] MultiFormatReader: non-ReaderException from reader: NotFoundException
[browser] MultiFormatReader: non-ReaderException from reader: NotFoundException
[browser] MultiFormatReader: non-ReaderException from reader: NotFoundException: Cannot determine Micro QR symbol dimension.
[browser] MultiFormatReader: non-ReaderException from reader: NotFoundException
[browser] MultiFormatReader: non-ReaderException from reader: NotFoundException
[browser] MultiFormatReader: non-ReaderException from reader: NotFoundException
[browser] MultiFormatReader: non-ReaderException from reader: ChecksumException
[browser] MultiFormatReader: non-ReaderException from reader: NotFoundException
[browser] MultiFormatReader: non-ReaderException from reader: NotFoundException
[browser] MultiFormatReader: non-ReaderException from reader: NotFoundException: No Micro QR finder pattern found.
[browser] MultiFormatReader: non-ReaderException from reader: NotFoundException
[browser] MultiFormatReader: non-ReaderException from reader: NotFoundException
[browser] MultiFormatReader: non-ReaderException from reader: NotFoundException
[browser] MultiFormatReader: non-ReaderException from reader: ChecksumException
[browser] MultiFormatReader: non-ReaderException from reader: NotFoundException
[browser] MultiFormatReader: non-ReaderException from reader: NotFoundException
[browser] MultiFormatReader: non-ReaderException from reader: FormatException
[browser] MultiFormatReader: non-ReaderException from reader: NotFoundException
[browser] MultiFormatReader: non-ReaderException from reader: NotFoundException
[browser] MultiFormatReader: non-ReaderException from reader: NotFoundException
[browser] MultiFormatReader: non-ReaderException from reader: ChecksumException
[browser] MultiFormatReader: non-ReaderException from reader: NotFoundException
[browser] MultiFormatReader: non-ReaderException from reader: NotFoundException
[browser] MultiFormatReader: non-ReaderException from reader: NotFoundException: Cannot determine Micro QR symbol dimension.
[browser] MultiFormatReader: non-ReaderException from reader: NotFoundException
[browser] MultiFormatReader: non-ReaderException from reader: NotFoundException
[browser] MultiFormatReader: non-ReaderException from reader: NotFoundException
[browser] MultiFormatReader: non-ReaderException from reader: ChecksumException
[browser] MultiFormatReader: non-ReaderException from reader: NotFoundException
[browser] MultiFormatReader: non-ReaderException from reader: NotFoundException
[browser] MultiFormatReader: non-ReaderException from reader: NotFoundException: No Micro QR finder pattern found.
[browser] MultiFormatReader: non-ReaderException from reader: NotFoundException
[browser] MultiFormatReader: non-ReaderException from reader: NotFoundException
[browser] MultiFormatReader: non-ReaderException from reader: NotFoundException
[browser] MultiFormatReader: non-ReaderException from reader: ChecksumException
 GET /login 200 in 39ms (next.js: 1.8ms, proxy.ts: 3ms, application-code: 34ms)
[browser] MultiFormatReader: non-ReaderException from reader: NotFoundException
[browser] MultiFormatReader: non-ReaderException from reader: NotFoundException
[browser] MultiFormatReader: non-ReaderException from reader: FormatException
[browser] MultiFormatReader: non-ReaderException from reader: NotFoundException
[browser] MultiFormatReader: non-ReaderException from reader: NotFoundException
[browser] MultiFormatReader: non-ReaderException from reader: NotFoundException
[browser] MultiFormatReader: non-ReaderException from reader: ChecksumException
[browser] MultiFormatReader: non-ReaderException from reader: NotFoundException
[browser] MultiFormatReader: non-ReaderException from reader: NotFoundException
[browser] MultiFormatReader: non-ReaderException from reader: NotFoundException: Cannot determine Micro QR symbol dimension.
[browser] MultiFormatReader: non-ReaderException from reader: NotFoundException
[browser] MultiFormatReader: non-ReaderException from reader: NotFoundException
[browser] MultiFormatReader: non-ReaderException from reader: NotFoundException
[browser] MultiFormatReader: non-ReaderException from reader: ChecksumException
[browser] MultiFormatReader: non-ReaderException from reader: NotFoundException
[browser] MultiFormatReader: non-ReaderException from reader: NotFoundException
[browser] MultiFormatReader: non-ReaderException from reader: NotFoundException: No Micro QR finder pattern found.
[browser] MultiFormatReader: non-ReaderException from reader: NotFoundException
[browser] MultiFormatReader: non-ReaderException from reader: NotFoundException
[browser] MultiFormatReader: non-ReaderException from reader: NotFoundException
[browser] MultiFormatReader: non-ReaderException from reader: ChecksumException
[browser] MultiFormatReader: non-ReaderException from reader: NotFoundException
[browser] MultiFormatReader: non-ReaderException from reader: NotFoundException
[browser] MultiFormatReader: non-ReaderException from reader: FormatException
[browser] MultiFormatReader: non-ReaderException from reader: NotFoundException
[browser] MultiFormatReader: non-ReaderException from reader: NotFoundException
[browser] MultiFormatReader: non-ReaderException from reader: NotFoundException
[browser] MultiFormatReader: non-ReaderException from reader: ChecksumException
[browser] MultiFormatReader: non-ReaderException from reader: NotFoundException
[browser] MultiFormatReader: non-ReaderException from reader: NotFoundException
[browser] MultiFormatReader: non-ReaderException from reader: NotFoundException: Cannot determine Micro QR symbol dimension.
[browser] MultiFormatReader: non-ReaderException from reader: NotFoundException
[browser] MultiFormatReader: non-ReaderException from reader: NotFoundException
[browser] MultiFormatReader: non-ReaderException from reader: NotFoundException
[browser] MultiFormatReader: non-ReaderException from reader: ChecksumException
[browser] MultiFormatReader: non-ReaderException from reader: NotFoundException
[browser] MultiFormatReader: non-ReaderException from reader: NotFoundException
[browser] MultiFormatReader: non-ReaderException from reader: NotFoundException: No Micro QR finder pattern found.
[browser] MultiFormatReader: non-ReaderException from reader: NotFoundException
[browser] MultiFormatReader: non-ReaderException from reader: NotFoundException
[browser] MultiFormatReader: non-ReaderException from reader: NotFoundException
[browser] MultiFormatReader: non-ReaderException from reader: ChecksumException
 GET /login 200 in 38ms (next.js: 1.1ms, proxy.ts: 1.6ms, application-code: 35ms)
[browser] MultiFormatReader: non-ReaderException from reader: NotFoundException
[browser] MultiFormatReader: non-ReaderException from reader: NotFoundException
[browser] MultiFormatReader: non-ReaderException from reader: FormatException
[browser] MultiFormatReader: non-ReaderException from reader: NotFoundException
[browser] MultiFormatReader: non-ReaderException from reader: NotFoundException
[browser] MultiFormatReader: non-ReaderException from reader: NotFoundException
[browser] MultiFormatReader: non-ReaderException from reader: ChecksumException
[browser] MultiFormatReader: non-ReaderException from reader: NotFoundException
[browser] MultiFormatReader: non-ReaderException from reader: NotFoundException
[browser] MultiFormatReader: non-ReaderException from reader: NotFoundException: Cannot determine Micro QR symbol dimension.
[browser] MultiFormatReader: non-ReaderException from reader: NotFoundException
[browser] MultiFormatReader: non-ReaderException from reader: NotFoundException
[browser] MultiFormatReader: non-ReaderException from reader: NotFoundException
[browser] MultiFormatReader: non-ReaderException from reader: ChecksumException
[browser] MultiFormatReader: non-ReaderException from reader: NotFoundException
[browser] MultiFormatReader: non-ReaderException from reader: NotFoundException
[browser] MultiFormatReader: non-ReaderException from reader: NotFoundException: No Micro QR finder pattern found.
[browser] MultiFormatReader: non-ReaderException from reader: NotFoundException
[browser] MultiFormatReader: non-ReaderException from reader: NotFoundException
[browser] MultiFormatReader: non-ReaderException from reader: NotFoundException
[browser] MultiFormatReader: non-ReaderException from reader: ChecksumException
[browser] MultiFormatReader: non-ReaderException from reader: NotFoundException
[browser] MultiFormatReader: non-ReaderException from reader: NotFoundException
[browser] MultiFormatReader: non-ReaderException from reader: FormatException
[browser] MultiFormatReader: non-ReaderException from reader: NotFoundException
[browser] MultiFormatReader: non-ReaderException from reader: NotFoundException
[browser] MultiFormatReader: non-ReaderException from reader: NotFoundException
[browser] MultiFormatReader: non-ReaderException from reader: ChecksumException
[browser] MultiFormatReader: non-ReaderException from reader: NotFoundException
[browser] MultiFormatReader: non-ReaderException from reader: NotFoundException
[browser] MultiFormatReader: non-ReaderException from reader: NotFoundException: Cannot determine Micro QR symbol dimension.
[browser] MultiFormatReader: non-ReaderException from reader: NotFoundException
[browser] MultiFormatReader: non-ReaderException from reader: NotFoundException
[browser] MultiFormatReader: non-ReaderException from reader: NotFoundException
[browser] MultiFormatReader: non-ReaderException from reader: ChecksumException
[browser] MultiFormatReader: non-ReaderException from reader: NotFoundException
[browser] MultiFormatReader: non-ReaderException from reader: NotFoundException
[browser] MultiFormatReader: non-ReaderException from reader: NotFoundException: No Micro QR finder pattern found.
[browser] MultiFormatReader: non-ReaderException from reader: NotFoundException
[browser] MultiFormatReader: non-ReaderException from reader: NotFoundException
[browser] MultiFormatReader: non-ReaderException from reader: NotFoundException
[browser] MultiFormatReader: non-ReaderException from reader: ChecksumException
 GET /login 200 in 41ms (next.js: 1.5ms, proxy.ts: 1.7ms, application-code: 38ms)
[browser] MultiFormatReader: non-ReaderException from reader: NotFoundException
[browser] MultiFormatReader: non-ReaderException from reader: NotFoundException
[browser] MultiFormatReader: non-ReaderException from reader: FormatException
[browser] MultiFormatReader: non-ReaderException from reader: NotFoundException
[browser] MultiFormatReader: non-ReaderException from reader: NotFoundException
[browser] MultiFormatReader: non-ReaderException from reader: NotFoundException
[browser] MultiFormatReader: non-ReaderException from reader: ChecksumException
[browser] MultiFormatReader: non-ReaderException from reader: NotFoundException
[browser] MultiFormatReader: non-ReaderException from reader: NotFoundException
[browser] MultiFormatReader: non-ReaderException from reader: NotFoundException: Cannot determine Micro QR symbol dimension.
[browser] MultiFormatReader: non-ReaderException from reader: NotFoundException
[browser] MultiFormatReader: non-ReaderException from reader: NotFoundException
[browser] MultiFormatReader: non-ReaderException from reader: NotFoundException
[browser] MultiFormatReader: non-ReaderException from reader: ChecksumException
[browser] MultiFormatReader: non-ReaderException from reader: NotFoundException
[browser] MultiFormatReader: non-ReaderException from reader: NotFoundException
[browser] MultiFormatReader: non-ReaderException from reader: NotFoundException: No Micro QR finder pattern found.
[browser] MultiFormatReader: non-ReaderException from reader: NotFoundException
[browser] MultiFormatReader: non-ReaderException from reader: NotFoundException
[browser] MultiFormatReader: non-ReaderException from reader: NotFoundException
[browser] MultiFormatReader: non-ReaderException from reader: ChecksumException
[browser] MultiFormatReader: non-ReaderException from reader: NotFoundException
[browser] MultiFormatReader: non-ReaderException from reader: NotFoundException
[browser] MultiFormatReader: non-ReaderException from reader: FormatException
[browser] MultiFormatReader: non-ReaderException from reader: NotFoundException
[browser] MultiFormatReader: non-ReaderException from reader: NotFoundException
[browser] MultiFormatReader: non-ReaderException from reader: NotFoundException
[browser] MultiFormatReader: non-ReaderException from reader: ChecksumException
[browser] MultiFormatReader: non-ReaderException from reader: NotFoundException
[browser] MultiFormatReader: non-ReaderException from reader: NotFoundException
[browser] MultiFormatReader: non-ReaderException from reader: NotFoundException: Cannot determine Micro QR symbol dimension.
[browser] MultiFormatReader: non-ReaderException from reader: NotFoundException
[browser] MultiFormatReader: non-ReaderException from reader: NotFoundException
[browser] MultiFormatReader: non-ReaderException from reader: NotFoundException
[browser] MultiFormatReader: non-ReaderException from reader: ChecksumException
[browser] MultiFormatReader: non-ReaderException from reader: NotFoundException
[browser] MultiFormatReader: non-ReaderException from reader: NotFoundException
[browser] MultiFormatReader: non-ReaderException from reader: NotFoundException: No Micro QR finder pattern found.
[browser] MultiFormatReader: non-ReaderException from reader: NotFoundException
[browser] MultiFormatReader: non-ReaderException from reader: NotFoundException
[browser] MultiFormatReader: non-ReaderException from reader: NotFoundException
[browser] MultiFormatReader: non-ReaderException from reader: ChecksumException
[browser] MultiFormatReader: non-ReaderException from reader: NotFoundException
[browser] MultiFormatReader: non-ReaderException from reader: NotFoundException
[browser] MultiFormatReader: non-ReaderException from reader: FormatException
[browser] MultiFormatReader: non-ReaderException from reader: NotFoundException
[browser] MultiFormatReader: non-ReaderException from reader: NotFoundException
[browser] MultiFormatReader: non-ReaderException from reader: NotFoundException
[browser] MultiFormatReader: non-ReaderException from reader: ChecksumException
 GET /login 200 in 42ms (next.js: 1.4ms, proxy.ts: 1.7ms, application-code: 39ms)
[browser] MultiFormatReader: non-ReaderException from reader: NotFoundException
[browser] MultiFormatReader: non-ReaderException from reader: NotFoundException
[browser] MultiFormatReader: non-ReaderException from reader: NotFoundException: Cannot determine Micro QR symbol dimension.
[browser] MultiFormatReader: non-ReaderException from reader: NotFoundException
[browser] MultiFormatReader: non-ReaderException from reader: NotFoundException
[browser] MultiFormatReader: non-ReaderException from reader: NotFoundException
[browser] MultiFormatReader: non-ReaderException from reader: ChecksumException
[browser] MultiFormatReader: non-ReaderException from reader: NotFoundException
[browser] MultiFormatReader: non-ReaderException from reader: NotFoundException
[browser] MultiFormatReader: non-ReaderException from reader: NotFoundException: No Micro QR finder pattern found.
[browser] MultiFormatReader: non-ReaderException from reader: NotFoundException
[browser] MultiFormatReader: non-ReaderException from reader: NotFoundException
[browser] MultiFormatReader: non-ReaderException from reader: NotFoundException
[browser] MultiFormatReader: non-ReaderException from reader: ChecksumException
[browser] MultiFormatReader: non-ReaderException from reader: NotFoundException
[browser] MultiFormatReader: non-ReaderException from reader: NotFoundException
[browser] MultiFormatReader: non-ReaderException from reader: FormatException
[browser] MultiFormatReader: non-ReaderException from reader: NotFoundException
[browser] MultiFormatReader: non-ReaderException from reader: NotFoundException
[browser] MultiFormatReader: non-ReaderException from reader: NotFoundException
[browser] MultiFormatReader: non-ReaderException from reader: ChecksumException
[browser] MultiFormatReader: non-ReaderException from reader: NotFoundException
[browser] MultiFormatReader: non-ReaderException from reader: NotFoundException
[browser] MultiFormatReader: non-ReaderException from reader: NotFoundException: Cannot determine Micro QR symbol dimension.
[browser] MultiFormatReader: non-ReaderException from reader: NotFoundException
[browser] MultiFormatReader: non-ReaderException from reader: NotFoundException
[browser] MultiFormatReader: non-ReaderException from reader: NotFoundException
[browser] MultiFormatReader: non-ReaderException from reader: ChecksumException
[browser] MultiFormatReader: non-ReaderException from reader: NotFoundException
[browser] MultiFormatReader: non-ReaderException from reader: NotFoundException
[browser] MultiFormatReader: non-ReaderException from reader: NotFoundException: No Micro QR finder pattern found.
[browser] MultiFormatReader: non-ReaderException from reader: NotFoundException
[browser] MultiFormatReader: non-ReaderException from reader: NotFoundException
[browser] MultiFormatReader: non-ReaderException from reader: NotFoundException
[browser] MultiFormatReader: non-ReaderException from reader: ChecksumException
[browser] MultiFormatReader: non-ReaderException from reader: NotFoundException
[browser] MultiFormatReader: non-ReaderException from reader: NotFoundException
[browser] MultiFormatReader: non-ReaderException from reader: FormatException
[browser] MultiFormatReader: non-ReaderException from reader: NotFoundException
[browser] MultiFormatReader: non-ReaderException from reader: NotFoundException
[browser] MultiFormatReader: non-ReaderException from reader: NotFoundException
[browser] MultiFormatReader: non-ReaderException from reader: ChecksumException
[browser] MultiFormatReader: non-ReaderException from reader: NotFoundException
[browser] MultiFormatReader: non-ReaderException from reader: NotFoundException
[browser] MultiFormatReader: non-ReaderException from reader: NotFoundException: Cannot determine Micro QR symbol dimension.
[browser] MultiFormatReader: non-ReaderException from reader: NotFoundException
[browser] MultiFormatReader: non-ReaderException from reader: NotFoundException
[browser] MultiFormatReader: non-ReaderException from reader: NotFoundException
[browser] MultiFormatReader: non-ReaderException from reader: ChecksumException
[browser] MultiFormatReader: non-ReaderException from reader: NotFoundException
[browser] MultiFormatReader: non-ReaderException from reader: NotFoundException
[browser] MultiFormatReader: non-ReaderException from reader: NotFoundException: No Micro QR finder pattern found.
[browser] MultiFormatReader: non-ReaderException from reader: NotFoundException
[browser] MultiFormatReader: non-ReaderException from reader: NotFoundException
[browser] MultiFormatReader: non-ReaderException from reader: NotFoundException
[browser] MultiFormatReader: non-ReaderException from reader: ChecksumException
 GET /login 200 in 35ms (next.js: 1.1ms, proxy.ts: 1.5ms, application-code: 32ms)
[browser] MultiFormatReader: non-ReaderException from reader: NotFoundException
[browser] MultiFormatReader: non-ReaderException from reader: NotFoundException
[browser] MultiFormatReader: non-ReaderException from reader: FormatException
[browser] MultiFormatReader: non-ReaderException from reader: NotFoundException
[browser] MultiFormatReader: non-ReaderException from reader: NotFoundException
[browser] MultiFormatReader: non-ReaderException from reader: NotFoundException
[browser] MultiFormatReader: non-ReaderException from reader: ChecksumException
[browser] MultiFormatReader: non-ReaderException from reader: NotFoundException
[browser] MultiFormatReader: non-ReaderException from reader: NotFoundException
[browser] MultiFormatReader: non-ReaderException from reader: NotFoundException: Cannot determine Micro QR symbol dimension.
[browser] MultiFormatReader: non-ReaderException from reader: NotFoundException
[browser] MultiFormatReader: non-ReaderException from reader: NotFoundException
[browser] MultiFormatReader: non-ReaderException from reader: NotFoundException
[browser] MultiFormatReader: non-ReaderException from reader: ChecksumException
[browser] MultiFormatReader: non-ReaderException from reader: NotFoundException
[browser] MultiFormatReader: non-ReaderException from reader: NotFoundException
[browser] MultiFormatReader: non-ReaderException from reader: NotFoundException: No Micro QR finder pattern found.
[browser] MultiFormatReader: non-ReaderException from reader: NotFoundException
[browser] MultiFormatReader: non-ReaderException from reader: NotFoundException
[browser] MultiFormatReader: non-ReaderException from reader: NotFoundException
[browser] MultiFormatReader: non-ReaderException from reader: ChecksumException
[browser] MultiFormatReader: non-ReaderException from reader: NotFoundException
[browser] MultiFormatReader: non-ReaderException from reader: NotFoundException
[browser] MultiFormatReader: non-ReaderException from reader: FormatException
[browser] MultiFormatReader: non-ReaderException from reader: NotFoundException
[browser] MultiFormatReader: non-ReaderException from reader: NotFoundException
[browser] MultiFormatReader: non-ReaderException from reader: NotFoundException
[browser] MultiFormatReader: non-ReaderException from reader: ChecksumException
[browser] MultiFormatReader: non-ReaderException from reader: NotFoundException
[browser] MultiFormatReader: non-ReaderException from reader: NotFoundException
[browser] MultiFormatReader: non-ReaderException from reader: NotFoundException: Cannot determine Micro QR symbol dimension.
[browser] MultiFormatReader: non-ReaderException from reader: NotFoundException
[browser] MultiFormatReader: non-ReaderException from reader: NotFoundException
[browser] MultiFormatReader: non-ReaderException from reader: NotFoundException
[browser] MultiFormatReader: non-ReaderException from reader: ChecksumException
[browser] MultiFormatReader: non-ReaderException from reader: NotFoundException
[browser] MultiFormatReader: non-ReaderException from reader: NotFoundException
[browser] MultiFormatReader: non-ReaderException from reader: NotFoundException: No Micro QR finder pattern found.
[browser] MultiFormatReader: non-ReaderException from reader: NotFoundException
[browser] MultiFormatReader: non-ReaderException from reader: NotFoundException
[browser] MultiFormatReader: non-ReaderException from reader: NotFoundException
[browser] MultiFormatReader: non-ReaderException from reader: ChecksumException
 GET /login 200 in 36ms (next.js: 1.1ms, proxy.ts: 1.8ms, application-code: 33ms)
[browser] MultiFormatReader: non-ReaderException from reader: NotFoundException
[browser] MultiFormatReader: non-ReaderException from reader: NotFoundException
[browser] MultiFormatReader: non-ReaderException from reader: FormatException
[browser] MultiFormatReader: non-ReaderException from reader: NotFoundException
[browser] MultiFormatReader: non-ReaderException from reader: NotFoundException
[browser] MultiFormatReader: non-ReaderException from reader: NotFoundException
[browser] MultiFormatReader: non-ReaderException from reader: ChecksumException
[browser] MultiFormatReader: non-ReaderException from reader: NotFoundException
[browser] MultiFormatReader: non-ReaderException from reader: NotFoundException
[browser] MultiFormatReader: non-ReaderException from reader: NotFoundException: Cannot determine Micro QR symbol dimension.
[browser] MultiFormatReader: non-ReaderException from reader: NotFoundException
[browser] MultiFormatReader: non-ReaderException from reader: NotFoundException
[browser] MultiFormatReader: non-ReaderException from reader: NotFoundException
[browser] MultiFormatReader: non-ReaderException from reader: ChecksumException
[browser] MultiFormatReader: non-ReaderException from reader: NotFoundException
[browser] MultiFormatReader: non-ReaderException from reader: NotFoundException
[browser] MultiFormatReader: non-ReaderException from reader: NotFoundException: No Micro QR finder pattern found.
[browser] MultiFormatReader: non-ReaderException from reader: NotFoundException
[browser] MultiFormatReader: non-ReaderException from reader: NotFoundException
[browser] MultiFormatReader: non-ReaderException from reader: NotFoundException
[browser] MultiFormatReader: non-ReaderException from reader: ChecksumException
[browser] MultiFormatReader: non-ReaderException from reader: NotFoundException
[browser] MultiFormatReader: non-ReaderException from reader: NotFoundException
[browser] MultiFormatReader: non-ReaderException from reader: FormatException
[browser] MultiFormatReader: non-ReaderException from reader: NotFoundException
[browser] MultiFormatReader: non-ReaderException from reader: NotFoundException
[browser] MultiFormatReader: non-ReaderException from reader: NotFoundException
[browser] MultiFormatReader: non-ReaderException from reader: ChecksumException
[browser] MultiFormatReader: non-ReaderException from reader: NotFoundException
[browser] MultiFormatReader: non-ReaderException from reader: NotFoundException
[browser] MultiFormatReader: non-ReaderException from reader: NotFoundException: Cannot determine Micro QR symbol dimension.
[browser] MultiFormatReader: non-ReaderException from reader: NotFoundException
[browser] MultiFormatReader: non-ReaderException from reader: NotFoundException
[browser] MultiFormatReader: non-ReaderException from reader: NotFoundException
[browser] MultiFormatReader: non-ReaderException from reader: ChecksumException
[browser] MultiFormatReader: non-ReaderException from reader: NotFoundException
[browser] MultiFormatReader: non-ReaderException from reader: NotFoundException
[browser] MultiFormatReader: non-ReaderException from reader: NotFoundException: No Micro QR finder pattern found.
[browser] MultiFormatReader: non-ReaderException from reader: NotFoundException
[browser] MultiFormatReader: non-ReaderException from reader: NotFoundException
[browser] MultiFormatReader: non-ReaderException from reader: NotFoundException
[browser] MultiFormatReader: non-ReaderException from reader: ChecksumException
[browser] MultiFormatReader: non-ReaderException from reader: NotFoundException
[browser] MultiFormatReader: non-ReaderException from reader: NotFoundException
[browser] MultiFormatReader: non-ReaderException from reader: FormatException
[browser] MultiFormatReader: non-ReaderException from reader: NotFoundException
[browser] MultiFormatReader: non-ReaderException from reader: NotFoundException
[browser] MultiFormatReader: non-ReaderException from reader: NotFoundException
[browser] MultiFormatReader: non-ReaderException from reader: ChecksumException
 GET /login 200 in 42ms (next.js: 1.4ms, proxy.ts: 1.8ms, application-code: 39ms)
[browser] MultiFormatReader: non-ReaderException from reader: NotFoundException
[browser] MultiFormatReader: non-ReaderException from reader: NotFoundException
[browser] MultiFormatReader: non-ReaderException from reader: NotFoundException: Cannot determine Micro QR symbol dimension.
[browser] MultiFormatReader: non-ReaderException from reader: NotFoundException
[browser] MultiFormatReader: non-ReaderException from reader: NotFoundException
[browser] MultiFormatReader: non-ReaderException from reader: NotFoundException
[browser] MultiFormatReader: non-ReaderException from reader: ChecksumException
[browser] MultiFormatReader: non-ReaderException from reader: NotFoundException
[browser] MultiFormatReader: non-ReaderException from reader: NotFoundException
[browser] MultiFormatReader: non-ReaderException from reader: NotFoundException: No Micro QR finder pattern found.
[browser] MultiFormatReader: non-ReaderException from reader: NotFoundException
[browser] MultiFormatReader: non-ReaderException from reader: NotFoundException
[browser] MultiFormatReader: non-ReaderException from reader: NotFoundException
[browser] MultiFormatReader: non-ReaderException from reader: ChecksumException
[browser] MultiFormatReader: non-ReaderException from reader: NotFoundException
[browser] MultiFormatReader: non-ReaderException from reader: NotFoundException
[browser] MultiFormatReader: non-ReaderException from reader: FormatException
[browser] MultiFormatReader: non-ReaderException from reader: NotFoundException
[browser] MultiFormatReader: non-ReaderException from reader: NotFoundException
[browser] MultiFormatReader: non-ReaderException from reader: NotFoundException
[browser] MultiFormatReader: non-ReaderException from reader: ChecksumException
[browser] MultiFormatReader: non-ReaderException from reader: NotFoundException
[browser] MultiFormatReader: non-ReaderException from reader: NotFoundException
[browser] MultiFormatReader: non-ReaderException from reader: NotFoundException: Cannot determine Micro QR symbol dimension.
[browser] MultiFormatReader: non-ReaderException from reader: NotFoundException
[browser] MultiFormatReader: non-ReaderException from reader: NotFoundException
[browser] MultiFormatReader: non-ReaderException from reader: NotFoundException
[browser] MultiFormatReader: non-ReaderException from reader: ChecksumException
[browser] MultiFormatReader: non-ReaderException from reader: NotFoundException
[browser] MultiFormatReader: non-ReaderException from reader: NotFoundException
[browser] MultiFormatReader: non-ReaderException from reader: NotFoundException: No Micro QR finder pattern found.
[browser] MultiFormatReader: non-ReaderException from reader: NotFoundException
[browser] MultiFormatReader: non-ReaderException from reader: NotFoundException
[browser] MultiFormatReader: non-ReaderException from reader: NotFoundException
[browser] MultiFormatReader: non-ReaderException from reader: ChecksumException
[browser] MultiFormatReader: non-ReaderException from reader: NotFoundException
[browser] MultiFormatReader: non-ReaderException from reader: NotFoundException
[browser] MultiFormatReader: non-ReaderException from reader: FormatException
[browser] MultiFormatReader: non-ReaderException from reader: NotFoundException
[browser] MultiFormatReader: non-ReaderException from reader: NotFoundException
[browser] MultiFormatReader: non-ReaderException from reader: NotFoundException
[browser] MultiFormatReader: non-ReaderException from reader: ChecksumException
[browser] MultiFormatReader: non-ReaderException from reader: NotFoundException
[browser] MultiFormatReader: non-ReaderException from reader: NotFoundException
[browser] MultiFormatReader: non-ReaderException from reader: NotFoundException: Cannot determine Micro QR symbol dimension.
[browser] MultiFormatReader: non-ReaderException from reader: NotFoundException
[browser] MultiFormatReader: non-ReaderException from reader: NotFoundException
[browser] MultiFormatReader: non-ReaderException from reader: NotFoundException
[browser] MultiFormatReader: non-ReaderException from reader: ChecksumException
[browser] MultiFormatReader: non-ReaderException from reader: NotFoundException
[browser] MultiFormatReader: non-ReaderException from reader: NotFoundException
[browser] MultiFormatReader: non-ReaderException from reader: NotFoundException: No Micro QR finder pattern found.
[browser] MultiFormatReader: non-ReaderException from reader: NotFoundException
[browser] MultiFormatReader: non-ReaderException from reader: NotFoundException
[browser] MultiFormatReader: non-ReaderException from reader: NotFoundException
[browser] MultiFormatReader: non-ReaderException from reader: ChecksumException
 GET /login 200 in 41ms (next.js: 1.7ms, proxy.ts: 1.8ms, application-code: 38ms)
[browser] MultiFormatReader: non-ReaderException from reader: NotFoundException
[browser] MultiFormatReader: non-ReaderException from reader: NotFoundException
[browser] MultiFormatReader: non-ReaderException from reader: FormatException
[browser] MultiFormatReader: non-ReaderException from reader: NotFoundException
[browser] MultiFormatReader: non-ReaderException from reader: NotFoundException
[browser] MultiFormatReader: non-ReaderException from reader: NotFoundException
[browser] MultiFormatReader: non-ReaderException from reader: ChecksumException
[browser] MultiFormatReader: non-ReaderException from reader: NotFoundException
[browser] MultiFormatReader: non-ReaderException from reader: NotFoundException
[browser] MultiFormatReader: non-ReaderException from reader: NotFoundException: Cannot determine Micro QR symbol dimension.
[browser] MultiFormatReader: non-ReaderException from reader: NotFoundException
[browser] MultiFormatReader: non-ReaderException from reader: NotFoundException
[browser] MultiFormatReader: non-ReaderException from reader: NotFoundException
[browser] MultiFormatReader: non-ReaderException from reader: ChecksumException
[browser] MultiFormatReader: non-ReaderException from reader: NotFoundException
[browser] MultiFormatReader: non-ReaderException from reader: NotFoundException
[browser] MultiFormatReader: non-ReaderException from reader: NotFoundException: No Micro QR finder pattern found.
[browser] MultiFormatReader: non-ReaderException from reader: NotFoundException
[browser] MultiFormatReader: non-ReaderException from reader: NotFoundException
[browser] MultiFormatReader: non-ReaderException from reader: NotFoundException
[browser] MultiFormatReader: non-ReaderException from reader: ChecksumException
[browser] MultiFormatReader: non-ReaderException from reader: NotFoundException
[browser] MultiFormatReader: non-ReaderException from reader: NotFoundException
[browser] MultiFormatReader: non-ReaderException from reader: FormatException
[browser] MultiFormatReader: non-ReaderException from reader: NotFoundException
[browser] MultiFormatReader: non-ReaderException from reader: NotFoundException
[browser] MultiFormatReader: non-ReaderException from reader: NotFoundException
[browser] MultiFormatReader: non-ReaderException from reader: ChecksumException
[browser] MultiFormatReader: non-ReaderException from reader: NotFoundException
[browser] MultiFormatReader: non-ReaderException from reader: NotFoundException
[browser] MultiFormatReader: non-ReaderException from reader: NotFoundException: Cannot determine Micro QR symbol dimension.
[browser] MultiFormatReader: non-ReaderException from reader: NotFoundException
[browser] MultiFormatReader: non-ReaderException from reader: NotFoundException
[browser] MultiFormatReader: non-ReaderException from reader: NotFoundException
[browser] MultiFormatReader: non-ReaderException from reader: ChecksumException
[browser] MultiFormatReader: non-ReaderException from reader: NotFoundException
[browser] MultiFormatReader: non-ReaderException from reader: NotFoundException
[browser] MultiFormatReader: non-ReaderException from reader: NotFoundException: No Micro QR finder pattern found.
[browser] MultiFormatReader: non-ReaderException from reader: NotFoundException
[browser] MultiFormatReader: non-ReaderException from reader: NotFoundException
[browser] MultiFormatReader: non-ReaderException from reader: NotFoundException
[browser] MultiFormatReader: non-ReaderException from reader: ChecksumException
 GET /login 200 in 42ms (next.js: 1.4ms, proxy.ts: 2ms, application-code: 38ms)
[browser] MultiFormatReader: non-ReaderException from reader: NotFoundException
[browser] MultiFormatReader: non-ReaderException from reader: NotFoundException
[browser] MultiFormatReader: non-ReaderException from reader: FormatException
[browser] MultiFormatReader: non-ReaderException from reader: NotFoundException
[browser] MultiFormatReader: non-ReaderException from reader: NotFoundException
[browser] MultiFormatReader: non-ReaderException from reader: NotFoundException
[browser] MultiFormatReader: non-ReaderException from reader: ChecksumException
[browser] MultiFormatReader: non-ReaderException from reader: NotFoundException
[browser] MultiFormatReader: non-ReaderException from reader: NotFoundException
[browser] MultiFormatReader: non-ReaderException from reader: NotFoundException: Cannot determine Micro QR symbol dimension.
[browser] MultiFormatReader: non-ReaderException from reader: NotFoundException
[browser] MultiFormatReader: non-ReaderException from reader: NotFoundException
[browser] MultiFormatReader: non-ReaderException from reader: NotFoundException
[browser] MultiFormatReader: non-ReaderException from reader: ChecksumException
[browser] MultiFormatReader: non-ReaderException from reader: NotFoundException
[browser] MultiFormatReader: non-ReaderException from reader: NotFoundException
[browser] MultiFormatReader: non-ReaderException from reader: NotFoundException: No Micro QR finder pattern found.
[browser] MultiFormatReader: non-ReaderException from reader: NotFoundException
[browser] MultiFormatReader: non-ReaderException from reader: NotFoundException
[browser] MultiFormatReader: non-ReaderException from reader: NotFoundException
[browser] MultiFormatReader: non-ReaderException from reader: ChecksumException
[browser] MultiFormatReader: non-ReaderException from reader: NotFoundException
[browser] MultiFormatReader: non-ReaderException from reader: NotFoundException
[browser] MultiFormatReader: non-ReaderException from reader: FormatException
[browser] MultiFormatReader: non-ReaderException from reader: NotFoundException
[browser] MultiFormatReader: non-ReaderException from reader: NotFoundException
[browser] MultiFormatReader: non-ReaderException from reader: NotFoundException
[browser] MultiFormatReader: non-ReaderException from reader: ChecksumException
[browser] MultiFormatReader: non-ReaderException from reader: NotFoundException
[browser] MultiFormatReader: non-ReaderException from reader: NotFoundException
[browser] MultiFormatReader: non-ReaderException from reader: NotFoundException: Cannot determine Micro QR symbol dimension.
[browser] MultiFormatReader: non-ReaderException from reader: NotFoundException
[browser] MultiFormatReader: non-ReaderException from reader: NotFoundException
[browser] MultiFormatReader: non-ReaderException from reader: NotFoundException
[browser] MultiFormatReader: non-ReaderException from reader: ChecksumException
[browser] MultiFormatReader: non-ReaderException from reader: NotFoundException
[browser] MultiFormatReader: non-ReaderException from reader: NotFoundException
[browser] MultiFormatReader: non-ReaderException from reader: NotFoundException: No Micro QR finder pattern found.
[browser] MultiFormatReader: non-ReaderException from reader: NotFoundException
[browser] MultiFormatReader: non-ReaderException from reader: NotFoundException
[browser] MultiFormatReader: non-ReaderException from reader: NotFoundException
[browser] MultiFormatReader: non-ReaderException from reader: ChecksumException
[browser] MultiFormatReader: non-ReaderException from reader: NotFoundException
[browser] MultiFormatReader: non-ReaderException from reader: NotFoundException
[browser] MultiFormatReader: non-ReaderException from reader: FormatException
[browser] MultiFormatReader: non-ReaderException from reader: NotFoundException
[browser] MultiFormatReader: non-ReaderException from reader: NotFoundException
[browser] MultiFormatReader: non-ReaderException from reader: NotFoundException
[browser] MultiFormatReader: non-ReaderException from reader: ChecksumException
[browser] MultiFormatReader: non-ReaderException from reader: NotFoundException
[browser] MultiFormatReader: non-ReaderException from reader: NotFoundException
[browser] MultiFormatReader: non-ReaderException from reader: NotFoundException: Cannot determine Micro QR symbol dimension.
[browser] MultiFormatReader: non-ReaderException from reader: NotFoundException
[browser] MultiFormatReader: non-ReaderException from reader: NotFoundException
[browser] MultiFormatReader: non-ReaderException from reader: NotFoundException
[browser] MultiFormatReader: non-ReaderException from reader: ChecksumException
[browser] MultiFormatReader: non-ReaderException from reader: NotFoundException
[browser] MultiFormatReader: non-ReaderException from reader: NotFoundException
[browser] MultiFormatReader: non-ReaderException from reader: NotFoundException: No Micro QR finder pattern found.
[browser] MultiFormatReader: non-ReaderException from reader: NotFoundException
[browser] MultiFormatReader: non-ReaderException from reader: NotFoundException
[browser] MultiFormatReader: non-ReaderException from reader: NotFoundException
[browser] MultiFormatReader: non-ReaderException from reader: ChecksumException
 GET /login 200 in 54ms (next.js: 1.7ms, proxy.ts: 1.7ms, application-code: 51ms)
[browser] MultiFormatReader: non-ReaderException from reader: NotFoundException
[browser] MultiFormatReader: non-ReaderException from reader: NotFoundException
[browser] MultiFormatReader: non-ReaderException from reader: FormatException
[browser] MultiFormatReader: non-ReaderException from reader: NotFoundException
[browser] MultiFormatReader: non-ReaderException from reader: NotFoundException
[browser] MultiFormatReader: non-ReaderException from reader: NotFoundException
[browser] MultiFormatReader: non-ReaderException from reader: ChecksumException
[browser] MultiFormatReader: non-ReaderException from reader: NotFoundException
[browser] MultiFormatReader: non-ReaderException from reader: NotFoundException
[browser] MultiFormatReader: non-ReaderException from reader: NotFoundException: Cannot determine Micro QR symbol dimension.
[browser] MultiFormatReader: non-ReaderException from reader: NotFoundException
[browser] MultiFormatReader: non-ReaderException from reader: NotFoundException
[browser] MultiFormatReader: non-ReaderException from reader: NotFoundException
[browser] MultiFormatReader: non-ReaderException from reader: ChecksumException
[browser] MultiFormatReader: non-ReaderException from reader: NotFoundException
[browser] MultiFormatReader: non-ReaderException from reader: NotFoundException
[browser] MultiFormatReader: non-ReaderException from reader: NotFoundException: No Micro QR finder pattern found.
[browser] MultiFormatReader: non-ReaderException from reader: NotFoundException
[browser] MultiFormatReader: non-ReaderException from reader: NotFoundException
[browser] MultiFormatReader: non-ReaderException from reader: NotFoundException
[browser] MultiFormatReader: non-ReaderException from reader: ChecksumException
[browser] MultiFormatReader: non-ReaderException from reader: NotFoundException
[browser] MultiFormatReader: non-ReaderException from reader: NotFoundException
[browser] MultiFormatReader: non-ReaderException from reader: FormatException
[browser] MultiFormatReader: non-ReaderException from reader: NotFoundException
[browser] MultiFormatReader: non-ReaderException from reader: NotFoundException
[browser] MultiFormatReader: non-ReaderException from reader: NotFoundException
[browser] MultiFormatReader: non-ReaderException from reader: ChecksumException
[browser] MultiFormatReader: non-ReaderException from reader: NotFoundException
[browser] MultiFormatReader: non-ReaderException from reader: NotFoundException
[browser] MultiFormatReader: non-ReaderException from reader: NotFoundException: Cannot determine Micro QR symbol dimension.
[browser] MultiFormatReader: non-ReaderException from reader: NotFoundException
[browser] MultiFormatReader: non-ReaderException from reader: NotFoundException
[browser] MultiFormatReader: non-ReaderException from reader: NotFoundException
[browser] MultiFormatReader: non-ReaderException from reader: ChecksumException
[browser] MultiFormatReader: non-ReaderException from reader: NotFoundException
[browser] MultiFormatReader: non-ReaderException from reader: NotFoundException
[browser] MultiFormatReader: non-ReaderException from reader: NotFoundException: No Micro QR finder pattern found.
[browser] MultiFormatReader: non-ReaderException from reader: NotFoundException
[browser] MultiFormatReader: non-ReaderException from reader: NotFoundException
[browser] MultiFormatReader: non-ReaderException from reader: NotFoundException
[browser] MultiFormatReader: non-ReaderException from reader: ChecksumException
 GET /login 200 in 40ms (next.js: 1.1ms, proxy.ts: 1.6ms, application-code: 37ms)
[browser] MultiFormatReader: non-ReaderException from reader: NotFoundException
[browser] MultiFormatReader: non-ReaderException from reader: NotFoundException
[browser] MultiFormatReader: non-ReaderException from reader: FormatException
[browser] MultiFormatReader: non-ReaderException from reader: NotFoundException
[browser] MultiFormatReader: non-ReaderException from reader: NotFoundException
[browser] MultiFormatReader: non-ReaderException from reader: NotFoundException
[browser] MultiFormatReader: non-ReaderException from reader: ChecksumException
[browser] MultiFormatReader: non-ReaderException from reader: NotFoundException
[browser] MultiFormatReader: non-ReaderException from reader: NotFoundException
[browser] MultiFormatReader: non-ReaderException from reader: NotFoundException: Cannot determine Micro QR symbol dimension.
[browser] MultiFormatReader: non-ReaderException from reader: NotFoundException
[browser] MultiFormatReader: non-ReaderException from reader: NotFoundException
[browser] MultiFormatReader: non-ReaderException from reader: NotFoundException
[browser] MultiFormatReader: non-ReaderException from reader: ChecksumException
[browser] MultiFormatReader: non-ReaderException from reader: NotFoundException
[browser] MultiFormatReader: non-ReaderException from reader: NotFoundException
[browser] MultiFormatReader: non-ReaderException from reader: NotFoundException: No Micro QR finder pattern found.
[browser] MultiFormatReader: non-ReaderException from reader: NotFoundException
[browser] MultiFormatReader: non-ReaderException from reader: NotFoundException
[browser] MultiFormatReader: non-ReaderException from reader: NotFoundException
[browser] MultiFormatReader: non-ReaderException from reader: ChecksumException
[browser] MultiFormatReader: non-ReaderException from reader: NotFoundException
[browser] MultiFormatReader: non-ReaderException from reader: NotFoundException
[browser] MultiFormatReader: non-ReaderException from reader: FormatException
[browser] MultiFormatReader: non-ReaderException from reader: NotFoundException
[browser] MultiFormatReader: non-ReaderException from reader: NotFoundException
[browser] MultiFormatReader: non-ReaderException from reader: NotFoundException
[browser] MultiFormatReader: non-ReaderException from reader: ChecksumException
[browser] MultiFormatReader: non-ReaderException from reader: NotFoundException
[browser] MultiFormatReader: non-ReaderException from reader: NotFoundException
[browser] MultiFormatReader: non-ReaderException from reader: NotFoundException: Cannot determine Micro QR symbol dimension.
[browser] MultiFormatReader: non-ReaderException from reader: NotFoundException
[browser] MultiFormatReader: non-ReaderException from reader: NotFoundException
[browser] MultiFormatReader: non-ReaderException from reader: NotFoundException
[browser] MultiFormatReader: non-ReaderException from reader: ChecksumException
[browser] MultiFormatReader: non-ReaderException from reader: NotFoundException
[browser] MultiFormatReader: non-ReaderException from reader: NotFoundException
[browser] MultiFormatReader: non-ReaderException from reader: NotFoundException: No Micro QR finder pattern found.
[browser] MultiFormatReader: non-ReaderException from reader: NotFoundException
[browser] MultiFormatReader: non-ReaderException from reader: NotFoundException
[browser] MultiFormatReader: non-ReaderException from reader: NotFoundException
[browser] MultiFormatReader: non-ReaderException from reader: ChecksumException
 GET /login 200 in 43ms (next.js: 1.7ms, proxy.ts: 1.7ms, application-code: 40ms)
[browser] MultiFormatReader: non-ReaderException from reader: NotFoundException
[browser] MultiFormatReader: non-ReaderException from reader: NotFoundException
[browser] MultiFormatReader: non-ReaderException from reader: FormatException
[browser] MultiFormatReader: non-ReaderException from reader: NotFoundException
[browser] MultiFormatReader: non-ReaderException from reader: NotFoundException
[browser] MultiFormatReader: non-ReaderException from reader: NotFoundException
[browser] MultiFormatReader: non-ReaderException from reader: ChecksumException
[browser] MultiFormatReader: non-ReaderException from reader: NotFoundException
[browser] MultiFormatReader: non-ReaderException from reader: NotFoundException
[browser] MultiFormatReader: non-ReaderException from reader: NotFoundException: Cannot determine Micro QR symbol dimension.
[browser] MultiFormatReader: non-ReaderException from reader: NotFoundException
[browser] MultiFormatReader: non-ReaderException from reader: NotFoundException
[browser] MultiFormatReader: non-ReaderException from reader: NotFoundException
[browser] MultiFormatReader: non-ReaderException from reader: ChecksumException
[browser] MultiFormatReader: non-ReaderException from reader: NotFoundException
[browser] MultiFormatReader: non-ReaderException from reader: NotFoundException
[browser] MultiFormatReader: non-ReaderException from reader: NotFoundException: No Micro QR finder pattern found.
[browser] MultiFormatReader: non-ReaderException from reader: NotFoundException
[browser] MultiFormatReader: non-ReaderException from reader: NotFoundException
[browser] MultiFormatReader: non-ReaderException from reader: NotFoundException
[browser] MultiFormatReader: non-ReaderException from reader: ChecksumException
[browser] MultiFormatReader: non-ReaderException from reader: NotFoundException
[browser] MultiFormatReader: non-ReaderException from reader: NotFoundException
[browser] MultiFormatReader: non-ReaderException from reader: FormatException
[browser] MultiFormatReader: non-ReaderException from reader: NotFoundException
[browser] MultiFormatReader: non-ReaderException from reader: NotFoundException
[browser] MultiFormatReader: non-ReaderException from reader: NotFoundException
[browser] MultiFormatReader: non-ReaderException from reader: ChecksumException
[browser] MultiFormatReader: non-ReaderException from reader: NotFoundException
[browser] MultiFormatReader: non-ReaderException from reader: NotFoundException
[browser] MultiFormatReader: non-ReaderException from reader: NotFoundException: Cannot determine Micro QR symbol dimension.
[browser] MultiFormatReader: non-ReaderException from reader: NotFoundException
[browser] MultiFormatReader: non-ReaderException from reader: NotFoundException
[browser] MultiFormatReader: non-ReaderException from reader: NotFoundException
[browser] MultiFormatReader: non-ReaderException from reader: ChecksumException
[browser] MultiFormatReader: non-ReaderException from reader: NotFoundException
[browser] MultiFormatReader: non-ReaderException from reader: NotFoundException
[browser] MultiFormatReader: non-ReaderException from reader: NotFoundException: No Micro QR finder pattern found.
[browser] MultiFormatReader: non-ReaderException from reader: NotFoundException
[browser] MultiFormatReader: non-ReaderException from reader: NotFoundException
[browser] MultiFormatReader: non-ReaderException from reader: NotFoundException
[browser] MultiFormatReader: non-ReaderException from reader: ChecksumException
[browser] MultiFormatReader: non-ReaderException from reader: NotFoundException
[browser] MultiFormatReader: non-ReaderException from reader: NotFoundException
[browser] MultiFormatReader: non-ReaderException from reader: FormatException
[browser] MultiFormatReader: non-ReaderException from reader: NotFoundException
[browser] MultiFormatReader: non-ReaderException from reader: NotFoundException
[browser] MultiFormatReader: non-ReaderException from reader: NotFoundException
[browser] MultiFormatReader: non-ReaderException from reader: ChecksumException
[browser] MultiFormatReader: non-ReaderException from reader: NotFoundException
[browser] MultiFormatReader: non-ReaderException from reader: NotFoundException
[browser] MultiFormatReader: non-ReaderException from reader: NotFoundException: Cannot determine Micro QR symbol dimension.
[browser] MultiFormatReader: non-ReaderException from reader: NotFoundException
[browser] MultiFormatReader: non-ReaderException from reader: NotFoundException
[browser] MultiFormatReader: non-ReaderException from reader: NotFoundException
[browser] MultiFormatReader: non-ReaderException from reader: ChecksumException
[browser] MultiFormatReader: non-ReaderException from reader: NotFoundException
[browser] MultiFormatReader: non-ReaderException from reader: NotFoundException
[browser] MultiFormatReader: non-ReaderException from reader: NotFoundException: No Micro QR finder pattern found.
[browser] MultiFormatReader: non-ReaderException from reader: NotFoundException
[browser] MultiFormatReader: non-ReaderException from reader: NotFoundException
[browser] MultiFormatReader: non-ReaderException from reader: NotFoundException
[browser] MultiFormatReader: non-ReaderException from reader: ChecksumException
 GET /login 200 in 39ms (next.js: 1.2ms, proxy.ts: 1.9ms, application-code: 36ms)
[browser] MultiFormatReader: non-ReaderException from reader: NotFoundException
[browser] MultiFormatReader: non-ReaderException from reader: NotFoundException
[browser] MultiFormatReader: non-ReaderException from reader: FormatException
[browser] MultiFormatReader: non-ReaderException from reader: NotFoundException
[browser] MultiFormatReader: non-ReaderException from reader: NotFoundException
[browser] MultiFormatReader: non-ReaderException from reader: NotFoundException
[browser] MultiFormatReader: non-ReaderException from reader: ChecksumException
[browser] MultiFormatReader: non-ReaderException from reader: NotFoundException
[browser] MultiFormatReader: non-ReaderException from reader: NotFoundException
[browser] MultiFormatReader: non-ReaderException from reader: NotFoundException: Cannot determine Micro QR symbol dimension.
[browser] MultiFormatReader: non-ReaderException from reader: NotFoundException
[browser] MultiFormatReader: non-ReaderException from reader: NotFoundException
[browser] MultiFormatReader: non-ReaderException from reader: NotFoundException
[browser] MultiFormatReader: non-ReaderException from reader: ChecksumException
[browser] MultiFormatReader: non-ReaderException from reader: NotFoundException
[browser] MultiFormatReader: non-ReaderException from reader: NotFoundException
[browser] MultiFormatReader: non-ReaderException from reader: NotFoundException: No Micro QR finder pattern found.
[browser] MultiFormatReader: non-ReaderException from reader: NotFoundException
[browser] MultiFormatReader: non-ReaderException from reader: NotFoundException
[browser] MultiFormatReader: non-ReaderException from reader: NotFoundException
[browser] MultiFormatReader: non-ReaderException from reader: ChecksumException
[browser] MultiFormatReader: non-ReaderException from reader: NotFoundException
[browser] MultiFormatReader: non-ReaderException from reader: NotFoundException
[browser] MultiFormatReader: non-ReaderException from reader: FormatException
[browser] MultiFormatReader: non-ReaderException from reader: NotFoundException
[browser] MultiFormatReader: non-ReaderException from reader: NotFoundException
[browser] MultiFormatReader: non-ReaderException from reader: NotFoundException
[browser] MultiFormatReader: non-ReaderException from reader: ChecksumException
[browser] MultiFormatReader: non-ReaderException from reader: NotFoundException
[browser] MultiFormatReader: non-ReaderException from reader: NotFoundException
[browser] MultiFormatReader: non-ReaderException from reader: NotFoundException: Cannot determine Micro QR symbol dimension.
[browser] MultiFormatReader: non-ReaderException from reader: NotFoundException
[browser] MultiFormatReader: non-ReaderException from reader: NotFoundException
[browser] MultiFormatReader: non-ReaderException from reader: NotFoundException
[browser] MultiFormatReader: non-ReaderException from reader: ChecksumException
[browser] MultiFormatReader: non-ReaderException from reader: NotFoundException
[browser] MultiFormatReader: non-ReaderException from reader: NotFoundException
[browser] MultiFormatReader: non-ReaderException from reader: NotFoundException: No Micro QR finder pattern found.
[browser] MultiFormatReader: non-ReaderException from reader: NotFoundException
[browser] MultiFormatReader: non-ReaderException from reader: NotFoundException
[browser] MultiFormatReader: non-ReaderException from reader: NotFoundException
[browser] MultiFormatReader: non-ReaderException from reader: ChecksumException
 GET /login 200 in 38ms (next.js: 1.2ms, proxy.ts: 2ms, application-code: 35ms)
[browser] MultiFormatReader: non-ReaderException from reader: NotFoundException
[browser] MultiFormatReader: non-ReaderException from reader: NotFoundException
[browser] MultiFormatReader: non-ReaderException from reader: FormatException
[browser] MultiFormatReader: non-ReaderException from reader: NotFoundException
[browser] MultiFormatReader: non-ReaderException from reader: NotFoundException
[browser] MultiFormatReader: non-ReaderException from reader: NotFoundException
[browser] MultiFormatReader: non-ReaderException from reader: ChecksumException
[browser] MultiFormatReader: non-ReaderException from reader: NotFoundException
[browser] MultiFormatReader: non-ReaderException from reader: NotFoundException
[browser] MultiFormatReader: non-ReaderException from reader: NotFoundException: Cannot determine Micro QR symbol dimension.
[browser] MultiFormatReader: non-ReaderException from reader: NotFoundException
[browser] MultiFormatReader: non-ReaderException from reader: NotFoundException
[browser] MultiFormatReader: non-ReaderException from reader: NotFoundException
[browser] MultiFormatReader: non-ReaderException from reader: ChecksumException
[browser] MultiFormatReader: non-ReaderException from reader: NotFoundException
[browser] MultiFormatReader: non-ReaderException from reader: NotFoundException
[browser] MultiFormatReader: non-ReaderException from reader: NotFoundException: No Micro QR finder pattern found.
[browser] MultiFormatReader: non-ReaderException from reader: NotFoundException
[browser] MultiFormatReader: non-ReaderException from reader: NotFoundException
[browser] MultiFormatReader: non-ReaderException from reader: NotFoundException
[browser] MultiFormatReader: non-ReaderException from reader: ChecksumException
[browser] MultiFormatReader: non-ReaderException from reader: NotFoundException
[browser] MultiFormatReader: non-ReaderException from reader: NotFoundException
[browser] MultiFormatReader: non-ReaderException from reader: FormatException
[browser] MultiFormatReader: non-ReaderException from reader: NotFoundException
[browser] MultiFormatReader: non-ReaderException from reader: NotFoundException
[browser] MultiFormatReader: non-ReaderException from reader: NotFoundException
[browser] MultiFormatReader: non-ReaderException from reader: ChecksumException
[browser] MultiFormatReader: non-ReaderException from reader: NotFoundException
[browser] MultiFormatReader: non-ReaderException from reader: NotFoundException
[browser] MultiFormatReader: non-ReaderException from reader: NotFoundException: Cannot determine Micro QR symbol dimension.
[browser] MultiFormatReader: non-ReaderException from reader: NotFoundException
[browser] MultiFormatReader: non-ReaderException from reader: NotFoundException
[browser] MultiFormatReader: non-ReaderException from reader: NotFoundException
[browser] MultiFormatReader: non-ReaderException from reader: ChecksumException
[browser] MultiFormatReader: non-ReaderException from reader: NotFoundException
[browser] MultiFormatReader: non-ReaderException from reader: NotFoundException
[browser] MultiFormatReader: non-ReaderException from reader: NotFoundException: No Micro QR finder pattern found.
[browser] MultiFormatReader: non-ReaderException from reader: NotFoundException
[browser] MultiFormatReader: non-ReaderException from reader: NotFoundException
[browser] MultiFormatReader: non-ReaderException from reader: NotFoundException
[browser] MultiFormatReader: non-ReaderException from reader: ChecksumException
 GET /login 200 in 43ms (next.js: 1.0ms, proxy.ts: 1.5ms, application-code: 40ms)
[browser] MultiFormatReader: non-ReaderException from reader: NotFoundException
[browser] MultiFormatReader: non-ReaderException from reader: NotFoundException
[browser] MultiFormatReader: non-ReaderException from reader: FormatException
[browser] MultiFormatReader: non-ReaderException from reader: NotFoundException
[browser] MultiFormatReader: non-ReaderException from reader: NotFoundException
[browser] MultiFormatReader: non-ReaderException from reader: NotFoundException
[browser] MultiFormatReader: non-ReaderException from reader: ChecksumException
[browser] MultiFormatReader: non-ReaderException from reader: NotFoundException
[browser] MultiFormatReader: non-ReaderException from reader: NotFoundException
[browser] MultiFormatReader: non-ReaderException from reader: NotFoundException: Cannot determine Micro QR symbol dimension.
[browser] MultiFormatReader: non-ReaderException from reader: NotFoundException
[browser] MultiFormatReader: non-ReaderException from reader: NotFoundException
[browser] MultiFormatReader: non-ReaderException from reader: NotFoundException
[browser] MultiFormatReader: non-ReaderException from reader: ChecksumException
[browser] MultiFormatReader: non-ReaderException from reader: NotFoundException
[browser] MultiFormatReader: non-ReaderException from reader: NotFoundException
[browser] MultiFormatReader: non-ReaderException from reader: NotFoundException: No Micro QR finder pattern found.
[browser] MultiFormatReader: non-ReaderException from reader: NotFoundException
[browser] MultiFormatReader: non-ReaderException from reader: NotFoundException
[browser] MultiFormatReader: non-ReaderException from reader: NotFoundException
[browser] MultiFormatReader: non-ReaderException from reader: ChecksumException
[browser] MultiFormatReader: non-ReaderException from reader: NotFoundException
[browser] MultiFormatReader: non-ReaderException from reader: NotFoundException
[browser] MultiFormatReader: non-ReaderException from reader: FormatException
[browser] MultiFormatReader: non-ReaderException from reader: NotFoundException
[browser] MultiFormatReader: non-ReaderException from reader: NotFoundException
[browser] MultiFormatReader: non-ReaderException from reader: NotFoundException
[browser] MultiFormatReader: non-ReaderException from reader: ChecksumException
[browser] MultiFormatReader: non-ReaderException from reader: NotFoundException
[browser] MultiFormatReader: non-ReaderException from reader: NotFoundException
[browser] MultiFormatReader: non-ReaderException from reader: NotFoundException: Cannot determine Micro QR symbol dimension.
[browser] MultiFormatReader: non-ReaderException from reader: NotFoundException
[browser] MultiFormatReader: non-ReaderException from reader: NotFoundException
[browser] MultiFormatReader: non-ReaderException from reader: NotFoundException
[browser] MultiFormatReader: non-ReaderException from reader: ChecksumException
[browser] MultiFormatReader: non-ReaderException from reader: NotFoundException
[browser] MultiFormatReader: non-ReaderException from reader: NotFoundException
[browser] MultiFormatReader: non-ReaderException from reader: NotFoundException: No Micro QR finder pattern found.
[browser] MultiFormatReader: non-ReaderException from reader: NotFoundException
[browser] MultiFormatReader: non-ReaderException from reader: NotFoundException
[browser] MultiFormatReader: non-ReaderException from reader: NotFoundException
[browser] MultiFormatReader: non-ReaderException from reader: ChecksumException
[browser] MultiFormatReader: non-ReaderException from reader: NotFoundException
[browser] MultiFormatReader: non-ReaderException from reader: NotFoundException
[browser] MultiFormatReader: non-ReaderException from reader: FormatException
[browser] MultiFormatReader: non-ReaderException from reader: NotFoundException
[browser] MultiFormatReader: non-ReaderException from reader: NotFoundException
[browser] MultiFormatReader: non-ReaderException from reader: NotFoundException
[browser] MultiFormatReader: non-ReaderException from reader: ChecksumException
 GET /login 200 in 42ms (next.js: 1.2ms, proxy.ts: 1.4ms, application-code: 39ms)
[browser] MultiFormatReader: non-ReaderException from reader: NotFoundException
[browser] MultiFormatReader: non-ReaderException from reader: NotFoundException
[browser] MultiFormatReader: non-ReaderException from reader: NotFoundException: Cannot determine Micro QR symbol dimension.
[browser] MultiFormatReader: non-ReaderException from reader: NotFoundException
[browser] MultiFormatReader: non-ReaderException from reader: NotFoundException
[browser] MultiFormatReader: non-ReaderException from reader: NotFoundException
[browser] MultiFormatReader: non-ReaderException from reader: ChecksumException
[browser] MultiFormatReader: non-ReaderException from reader: NotFoundException
[browser] MultiFormatReader: non-ReaderException from reader: NotFoundException
[browser] MultiFormatReader: non-ReaderException from reader: NotFoundException: No Micro QR finder pattern found.
[browser] MultiFormatReader: non-ReaderException from reader: NotFoundException
[browser] MultiFormatReader: non-ReaderException from reader: NotFoundException
[browser] MultiFormatReader: non-ReaderException from reader: NotFoundException
[browser] MultiFormatReader: non-ReaderException from reader: ChecksumException
[browser] MultiFormatReader: non-ReaderException from reader: NotFoundException
[browser] MultiFormatReader: non-ReaderException from reader: NotFoundException
[browser] MultiFormatReader: non-ReaderException from reader: FormatException
[browser] MultiFormatReader: non-ReaderException from reader: NotFoundException
[browser] MultiFormatReader: non-ReaderException from reader: NotFoundException
[browser] MultiFormatReader: non-ReaderException from reader: NotFoundException
[browser] MultiFormatReader: non-ReaderException from reader: ChecksumException
[browser] MultiFormatReader: non-ReaderException from reader: NotFoundException
[browser] MultiFormatReader: non-ReaderException from reader: NotFoundException
[browser] MultiFormatReader: non-ReaderException from reader: NotFoundException: Cannot determine Micro QR symbol dimension.
[browser] MultiFormatReader: non-ReaderException from reader: NotFoundException
[browser] MultiFormatReader: non-ReaderException from reader: NotFoundException
[browser] MultiFormatReader: non-ReaderException from reader: NotFoundException
[browser] MultiFormatReader: non-ReaderException from reader: ChecksumException
[browser] MultiFormatReader: non-ReaderException from reader: NotFoundException
[browser] MultiFormatReader: non-ReaderException from reader: NotFoundException
[browser] MultiFormatReader: non-ReaderException from reader: NotFoundException: No Micro QR finder pattern found.
[browser] MultiFormatReader: non-ReaderException from reader: NotFoundException
[browser] MultiFormatReader: non-ReaderException from reader: NotFoundException
[browser] MultiFormatReader: non-ReaderException from reader: NotFoundException
[browser] MultiFormatReader: non-ReaderException from reader: ChecksumException
[browser] MultiFormatReader: non-ReaderException from reader: NotFoundException
[browser] MultiFormatReader: non-ReaderException from reader: NotFoundException
[browser] MultiFormatReader: non-ReaderException from reader: FormatException
[browser] MultiFormatReader: non-ReaderException from reader: NotFoundException
[browser] MultiFormatReader: non-ReaderException from reader: NotFoundException
[browser] MultiFormatReader: non-ReaderException from reader: NotFoundException
[browser] MultiFormatReader: non-ReaderException from reader: ChecksumException
[browser] MultiFormatReader: non-ReaderException from reader: NotFoundException
[browser] MultiFormatReader: non-ReaderException from reader: NotFoundException
[browser] MultiFormatReader: non-ReaderException from reader: NotFoundException: Cannot determine Micro QR symbol dimension.
[browser] MultiFormatReader: non-ReaderException from reader: NotFoundException
[browser] MultiFormatReader: non-ReaderException from reader: NotFoundException
[browser] MultiFormatReader: non-ReaderException from reader: NotFoundException
[browser] MultiFormatReader: non-ReaderException from reader: ChecksumException
[browser] MultiFormatReader: non-ReaderException from reader: NotFoundException
[browser] MultiFormatReader: non-ReaderException from reader: NotFoundException
[browser] MultiFormatReader: non-ReaderException from reader: NotFoundException: No Micro QR finder pattern found.
[browser] MultiFormatReader: non-ReaderException from reader: NotFoundException
[browser] MultiFormatReader: non-ReaderException from reader: NotFoundException
[browser] MultiFormatReader: non-ReaderException from reader: NotFoundException
[browser] MultiFormatReader: non-ReaderException from reader: ChecksumException
 GET /login 200 in 37ms (next.js: 1.1ms, proxy.ts: 1.6ms, application-code: 34ms)
[browser] MultiFormatReader: non-ReaderException from reader: NotFoundException
[browser] MultiFormatReader: non-ReaderException from reader: NotFoundException
[browser] MultiFormatReader: non-ReaderException from reader: FormatException
[browser] MultiFormatReader: non-ReaderException from reader: NotFoundException
[browser] MultiFormatReader: non-ReaderException from reader: NotFoundException
[browser] MultiFormatReader: non-ReaderException from reader: NotFoundException
[browser] MultiFormatReader: non-ReaderException from reader: ChecksumException
[browser] MultiFormatReader: non-ReaderException from reader: NotFoundException
[browser] MultiFormatReader: non-ReaderException from reader: NotFoundException
[browser] MultiFormatReader: non-ReaderException from reader: NotFoundException: Cannot determine Micro QR symbol dimension.
[browser] MultiFormatReader: non-ReaderException from reader: NotFoundException
[browser] MultiFormatReader: non-ReaderException from reader: NotFoundException
[browser] MultiFormatReader: non-ReaderException from reader: NotFoundException
[browser] MultiFormatReader: non-ReaderException from reader: ChecksumException
[browser] MultiFormatReader: non-ReaderException from reader: NotFoundException
[browser] MultiFormatReader: non-ReaderException from reader: NotFoundException
[browser] MultiFormatReader: non-ReaderException from reader: NotFoundException: No Micro QR finder pattern found.
[browser] MultiFormatReader: non-ReaderException from reader: NotFoundException
[browser] MultiFormatReader: non-ReaderException from reader: NotFoundException
[browser] MultiFormatReader: non-ReaderException from reader: NotFoundException
[browser] MultiFormatReader: non-ReaderException from reader: ChecksumException
[browser] MultiFormatReader: non-ReaderException from reader: NotFoundException
[browser] MultiFormatReader: non-ReaderException from reader: NotFoundException
[browser] MultiFormatReader: non-ReaderException from reader: FormatException
[browser] MultiFormatReader: non-ReaderException from reader: NotFoundException
[browser] MultiFormatReader: non-ReaderException from reader: NotFoundException
[browser] MultiFormatReader: non-ReaderException from reader: NotFoundException
[browser] MultiFormatReader: non-ReaderException from reader: ChecksumException
[browser] MultiFormatReader: non-ReaderException from reader: NotFoundException
[browser] MultiFormatReader: non-ReaderException from reader: NotFoundException
[browser] MultiFormatReader: non-ReaderException from reader: NotFoundException: Cannot determine Micro QR symbol dimension.
[browser] MultiFormatReader: non-ReaderException from reader: NotFoundException
[browser] MultiFormatReader: non-ReaderException from reader: NotFoundException
[browser] MultiFormatReader: non-ReaderException from reader: NotFoundException
[browser] MultiFormatReader: non-ReaderException from reader: ChecksumException
[browser] MultiFormatReader: non-ReaderException from reader: NotFoundException
[browser] MultiFormatReader: non-ReaderException from reader: NotFoundException
[browser] MultiFormatReader: non-ReaderException from reader: NotFoundException: No Micro QR finder pattern found.
[browser] MultiFormatReader: non-ReaderException from reader: NotFoundException
[browser] MultiFormatReader: non-ReaderException from reader: NotFoundException
[browser] MultiFormatReader: non-ReaderException from reader: NotFoundException
[browser] MultiFormatReader: non-ReaderException from reader: ChecksumException
 GET /login 200 in 36ms (next.js: 1.2ms, proxy.ts: 1.8ms, application-code: 33ms)
[browser] MultiFormatReader: non-ReaderException from reader: NotFoundException
[browser] MultiFormatReader: non-ReaderException from reader: NotFoundException
[browser] MultiFormatReader: non-ReaderException from reader: FormatException
[browser] MultiFormatReader: non-ReaderException from reader: NotFoundException
[browser] MultiFormatReader: non-ReaderException from reader: NotFoundException
[browser] MultiFormatReader: non-ReaderException from reader: NotFoundException
[browser] MultiFormatReader: non-ReaderException from reader: ChecksumException
[browser] MultiFormatReader: non-ReaderException from reader: NotFoundException
[browser] MultiFormatReader: non-ReaderException from reader: NotFoundException
[browser] MultiFormatReader: non-ReaderException from reader: NotFoundException: Cannot determine Micro QR symbol dimension.
[browser] MultiFormatReader: non-ReaderException from reader: NotFoundException
[browser] MultiFormatReader: non-ReaderException from reader: NotFoundException
[browser] MultiFormatReader: non-ReaderException from reader: NotFoundException
[browser] MultiFormatReader: non-ReaderException from reader: ChecksumException
[browser] MultiFormatReader: non-ReaderException from reader: NotFoundException
[browser] MultiFormatReader: non-ReaderException from reader: NotFoundException
[browser] MultiFormatReader: non-ReaderException from reader: NotFoundException: No Micro QR finder pattern found.
[browser] MultiFormatReader: non-ReaderException from reader: NotFoundException
[browser] MultiFormatReader: non-ReaderException from reader: NotFoundException
[browser] MultiFormatReader: non-ReaderException from reader: NotFoundException
[browser] MultiFormatReader: non-ReaderException from reader: ChecksumException
[browser] MultiFormatReader: non-ReaderException from reader: NotFoundException
[browser] MultiFormatReader: non-ReaderException from reader: NotFoundException
[browser] MultiFormatReader: non-ReaderException from reader: FormatException
[browser] MultiFormatReader: non-ReaderException from reader: NotFoundException
[browser] MultiFormatReader: non-ReaderException from reader: NotFoundException
[browser] MultiFormatReader: non-ReaderException from reader: NotFoundException
[browser] MultiFormatReader: non-ReaderException from reader: ChecksumException
[browser] MultiFormatReader: non-ReaderException from reader: NotFoundException
[browser] MultiFormatReader: non-ReaderException from reader: NotFoundException
[browser] MultiFormatReader: non-ReaderException from reader: NotFoundException: Cannot determine Micro QR symbol dimension.
[browser] MultiFormatReader: non-ReaderException from reader: NotFoundException
[browser] MultiFormatReader: non-ReaderException from reader: NotFoundException
[browser] MultiFormatReader: non-ReaderException from reader: NotFoundException
[browser] MultiFormatReader: non-ReaderException from reader: ChecksumException
[browser] MultiFormatReader: non-ReaderException from reader: NotFoundException
[browser] MultiFormatReader: non-ReaderException from reader: NotFoundException
[browser] MultiFormatReader: non-ReaderException from reader: NotFoundException: No Micro QR finder pattern found.
[browser] MultiFormatReader: non-ReaderException from reader: NotFoundException
[browser] MultiFormatReader: non-ReaderException from reader: NotFoundException
[browser] MultiFormatReader: non-ReaderException from reader: NotFoundException
[browser] MultiFormatReader: non-ReaderException from reader: ChecksumException
 GET /login 200 in 39ms (next.js: 1.3ms, proxy.ts: 1.6ms, application-code: 36ms)
[browser] MultiFormatReader: non-ReaderException from reader: NotFoundException
[browser] MultiFormatReader: non-ReaderException from reader: NotFoundException
[browser] MultiFormatReader: non-ReaderException from reader: FormatException
[browser] MultiFormatReader: non-ReaderException from reader: NotFoundException
[browser] MultiFormatReader: non-ReaderException from reader: NotFoundException
[browser] MultiFormatReader: non-ReaderException from reader: NotFoundException
[browser] MultiFormatReader: non-ReaderException from reader: ChecksumException
[browser] MultiFormatReader: non-ReaderException from reader: NotFoundException
[browser] MultiFormatReader: non-ReaderException from reader: NotFoundException
[browser] MultiFormatReader: non-ReaderException from reader: NotFoundException: Cannot determine Micro QR symbol dimension.
[browser] MultiFormatReader: non-ReaderException from reader: NotFoundException
[browser] MultiFormatReader: non-ReaderException from reader: NotFoundException
[browser] MultiFormatReader: non-ReaderException from reader: NotFoundException
[browser] MultiFormatReader: non-ReaderException from reader: ChecksumException
[browser] MultiFormatReader: non-ReaderException from reader: NotFoundException
[browser] MultiFormatReader: non-ReaderException from reader: NotFoundException
[browser] MultiFormatReader: non-ReaderException from reader: NotFoundException: No Micro QR finder pattern found.
[browser] MultiFormatReader: non-ReaderException from reader: NotFoundException
[browser] MultiFormatReader: non-ReaderException from reader: NotFoundException
[browser] MultiFormatReader: non-ReaderException from reader: NotFoundException
[browser] MultiFormatReader: non-ReaderException from reader: ChecksumException
[browser] MultiFormatReader: non-ReaderException from reader: NotFoundException
[browser] MultiFormatReader: non-ReaderException from reader: NotFoundException
[browser] MultiFormatReader: non-ReaderException from reader: FormatException
[browser] MultiFormatReader: non-ReaderException from reader: NotFoundException
[browser] MultiFormatReader: non-ReaderException from reader: NotFoundException
[browser] MultiFormatReader: non-ReaderException from reader: NotFoundException
[browser] MultiFormatReader: non-ReaderException from reader: ChecksumException
[browser] MultiFormatReader: non-ReaderException from reader: NotFoundException
[browser] MultiFormatReader: non-ReaderException from reader: NotFoundException
[browser] MultiFormatReader: non-ReaderException from reader: NotFoundException: Cannot determine Micro QR symbol dimension.
[browser] MultiFormatReader: non-ReaderException from reader: NotFoundException
[browser] MultiFormatReader: non-ReaderException from reader: NotFoundException
[browser] MultiFormatReader: non-ReaderException from reader: NotFoundException
[browser] MultiFormatReader: non-ReaderException from reader: ChecksumException
[browser] MultiFormatReader: non-ReaderException from reader: NotFoundException
[browser] MultiFormatReader: non-ReaderException from reader: NotFoundException
[browser] MultiFormatReader: non-ReaderException from reader: NotFoundException: No Micro QR finder pattern found.
[browser] MultiFormatReader: non-ReaderException from reader: NotFoundException
[browser] MultiFormatReader: non-ReaderException from reader: NotFoundException
[browser] MultiFormatReader: non-ReaderException from reader: NotFoundException
[browser] MultiFormatReader: non-ReaderException from reader: ChecksumException
[browser] MultiFormatReader: non-ReaderException from reader: NotFoundException
[browser] MultiFormatReader: non-ReaderException from reader: NotFoundException
[browser] MultiFormatReader: non-ReaderException from reader: FormatException
[browser] MultiFormatReader: non-ReaderException from reader: NotFoundException
[browser] MultiFormatReader: non-ReaderException from reader: NotFoundException
[browser] MultiFormatReader: non-ReaderException from reader: NotFoundException
[browser] MultiFormatReader: non-ReaderException from reader: ChecksumException
[browser] MultiFormatReader: non-ReaderException from reader: NotFoundException
[browser] MultiFormatReader: non-ReaderException from reader: NotFoundException
[browser] MultiFormatReader: non-ReaderException from reader: NotFoundException: Cannot determine Micro QR symbol dimension.
[browser] MultiFormatReader: non-ReaderException from reader: NotFoundException
[browser] MultiFormatReader: non-ReaderException from reader: NotFoundException
[browser] MultiFormatReader: non-ReaderException from reader: NotFoundException
[browser] MultiFormatReader: non-ReaderException from reader: ChecksumException
[browser] MultiFormatReader: non-ReaderException from reader: NotFoundException
[browser] MultiFormatReader: non-ReaderException from reader: NotFoundException
[browser] MultiFormatReader: non-ReaderException from reader: NotFoundException: No Micro QR finder pattern found.
[browser] MultiFormatReader: non-ReaderException from reader: NotFoundException
[browser] MultiFormatReader: non-ReaderException from reader: NotFoundException
[browser] MultiFormatReader: non-ReaderException from reader: NotFoundException
[browser] MultiFormatReader: non-ReaderException from reader: ChecksumException
 GET /login 200 in 36ms (next.js: 1.1ms, proxy.ts: 1.5ms, application-code: 34ms)
[browser] MultiFormatReader: non-ReaderException from reader: NotFoundException
[browser] MultiFormatReader: non-ReaderException from reader: NotFoundException
[browser] MultiFormatReader: non-ReaderException from reader: FormatException
[browser] MultiFormatReader: non-ReaderException from reader: NotFoundException
[browser] MultiFormatReader: non-ReaderException from reader: NotFoundException
[browser] MultiFormatReader: non-ReaderException from reader: NotFoundException
[browser] MultiFormatReader: non-ReaderException from reader: ChecksumException
[browser] MultiFormatReader: non-ReaderException from reader: NotFoundException
[browser] MultiFormatReader: non-ReaderException from reader: NotFoundException
[browser] MultiFormatReader: non-ReaderException from reader: NotFoundException: Cannot determine Micro QR symbol dimension.
[browser] MultiFormatReader: non-ReaderException from reader: NotFoundException
[browser] MultiFormatReader: non-ReaderException from reader: NotFoundException
[browser] MultiFormatReader: non-ReaderException from reader: NotFoundException
[browser] MultiFormatReader: non-ReaderException from reader: ChecksumException
[browser] MultiFormatReader: non-ReaderException from reader: NotFoundException
[browser] MultiFormatReader: non-ReaderException from reader: NotFoundException
[browser] MultiFormatReader: non-ReaderException from reader: NotFoundException: No Micro QR finder pattern found.
[browser] MultiFormatReader: non-ReaderException from reader: NotFoundException
[browser] MultiFormatReader: non-ReaderException from reader: NotFoundException
[browser] MultiFormatReader: non-ReaderException from reader: NotFoundException
[browser] MultiFormatReader: non-ReaderException from reader: ChecksumException
[browser] MultiFormatReader: non-ReaderException from reader: NotFoundException
[browser] MultiFormatReader: non-ReaderException from reader: NotFoundException
[browser] MultiFormatReader: non-ReaderException from reader: FormatException
[browser] MultiFormatReader: non-ReaderException from reader: NotFoundException
[browser] MultiFormatReader: non-ReaderException from reader: NotFoundException
[browser] MultiFormatReader: non-ReaderException from reader: NotFoundException
[browser] MultiFormatReader: non-ReaderException from reader: ChecksumException
[browser] MultiFormatReader: non-ReaderException from reader: NotFoundException
[browser] MultiFormatReader: non-ReaderException from reader: NotFoundException
[browser] MultiFormatReader: non-ReaderException from reader: NotFoundException: Cannot determine Micro QR symbol dimension.
[browser] MultiFormatReader: non-ReaderException from reader: NotFoundException
[browser] MultiFormatReader: non-ReaderException from reader: NotFoundException
[browser] MultiFormatReader: non-ReaderException from reader: NotFoundException
[browser] MultiFormatReader: non-ReaderException from reader: ChecksumException
[browser] MultiFormatReader: non-ReaderException from reader: NotFoundException
[browser] MultiFormatReader: non-ReaderException from reader: NotFoundException
[browser] MultiFormatReader: non-ReaderException from reader: NotFoundException: No Micro QR finder pattern found.
[browser] MultiFormatReader: non-ReaderException from reader: NotFoundException
[browser] MultiFormatReader: non-ReaderException from reader: NotFoundException
[browser] MultiFormatReader: non-ReaderException from reader: NotFoundException
[browser] MultiFormatReader: non-ReaderException from reader: ChecksumException
 GET /login 200 in 38ms (next.js: 1.3ms, proxy.ts: 1.7ms, application-code: 35ms)
[browser] MultiFormatReader: non-ReaderException from reader: NotFoundException
[browser] MultiFormatReader: non-ReaderException from reader: NotFoundException
[browser] MultiFormatReader: non-ReaderException from reader: FormatException
[browser] MultiFormatReader: non-ReaderException from reader: NotFoundException
[browser] MultiFormatReader: non-ReaderException from reader: NotFoundException
[browser] MultiFormatReader: non-ReaderException from reader: NotFoundException
[browser] MultiFormatReader: non-ReaderException from reader: ChecksumException
[browser] MultiFormatReader: non-ReaderException from reader: NotFoundException
[browser] MultiFormatReader: non-ReaderException from reader: NotFoundException
[browser] MultiFormatReader: non-ReaderException from reader: NotFoundException: Cannot determine Micro QR symbol dimension.
[browser] MultiFormatReader: non-ReaderException from reader: NotFoundException
[browser] MultiFormatReader: non-ReaderException from reader: NotFoundException
[browser] MultiFormatReader: non-ReaderException from reader: NotFoundException
[browser] MultiFormatReader: non-ReaderException from reader: ChecksumException
[browser] MultiFormatReader: non-ReaderException from reader: NotFoundException
[browser] MultiFormatReader: non-ReaderException from reader: NotFoundException
[browser] MultiFormatReader: non-ReaderException from reader: NotFoundException: No Micro QR finder pattern found.
[browser] MultiFormatReader: non-ReaderException from reader: NotFoundException
[browser] MultiFormatReader: non-ReaderException from reader: NotFoundException
[browser] MultiFormatReader: non-ReaderException from reader: NotFoundException
[browser] MultiFormatReader: non-ReaderException from reader: ChecksumException
[browser] MultiFormatReader: non-ReaderException from reader: NotFoundException
[browser] MultiFormatReader: non-ReaderException from reader: NotFoundException
[browser] MultiFormatReader: non-ReaderException from reader: FormatException
[browser] MultiFormatReader: non-ReaderException from reader: NotFoundException
[browser] MultiFormatReader: non-ReaderException from reader: NotFoundException
[browser] MultiFormatReader: non-ReaderException from reader: NotFoundException
[browser] MultiFormatReader: non-ReaderException from reader: ChecksumException
[browser] MultiFormatReader: non-ReaderException from reader: NotFoundException
[browser] MultiFormatReader: non-ReaderException from reader: NotFoundException
[browser] MultiFormatReader: non-ReaderException from reader: NotFoundException: Cannot determine Micro QR symbol dimension.
[browser] MultiFormatReader: non-ReaderException from reader: NotFoundException
[browser] MultiFormatReader: non-ReaderException from reader: NotFoundException
[browser] MultiFormatReader: non-ReaderException from reader: NotFoundException
[browser] MultiFormatReader: non-ReaderException from reader: ChecksumException
[browser] MultiFormatReader: non-ReaderException from reader: NotFoundException
[browser] MultiFormatReader: non-ReaderException from reader: NotFoundException
[browser] MultiFormatReader: non-ReaderException from reader: NotFoundException: No Micro QR finder pattern found.
[browser] MultiFormatReader: non-ReaderException from reader: NotFoundException
[browser] MultiFormatReader: non-ReaderException from reader: NotFoundException
[browser] MultiFormatReader: non-ReaderException from reader: NotFoundException
[browser] MultiFormatReader: non-ReaderException from reader: ChecksumException
 GET /login 200 in 63ms (next.js: 5ms, proxy.ts: 6ms, application-code: 51ms)
[browser] MultiFormatReader: non-ReaderException from reader: NotFoundException
[browser] MultiFormatReader: non-ReaderException from reader: NotFoundException
[browser] MultiFormatReader: non-ReaderException from reader: FormatException
[browser] MultiFormatReader: non-ReaderException from reader: NotFoundException
[browser] MultiFormatReader: non-ReaderException from reader: NotFoundException
[browser] MultiFormatReader: non-ReaderException from reader: NotFoundException
[browser] MultiFormatReader: non-ReaderException from reader: ChecksumException
[browser] MultiFormatReader: non-ReaderException from reader: NotFoundException
[browser] MultiFormatReader: non-ReaderException from reader: NotFoundException
[browser] MultiFormatReader: non-ReaderException from reader: NotFoundException: Cannot determine Micro QR symbol dimension.
[browser] MultiFormatReader: non-ReaderException from reader: NotFoundException
[browser] MultiFormatReader: non-ReaderException from reader: NotFoundException
[browser] MultiFormatReader: non-ReaderException from reader: NotFoundException
[browser] MultiFormatReader: non-ReaderException from reader: ChecksumException
[browser] MultiFormatReader: non-ReaderException from reader: NotFoundException
[browser] MultiFormatReader: non-ReaderException from reader: NotFoundException
[browser] MultiFormatReader: non-ReaderException from reader: NotFoundException: No Micro QR finder pattern found.
[browser] MultiFormatReader: non-ReaderException from reader: NotFoundException
[browser] MultiFormatReader: non-ReaderException from reader: NotFoundException
[browser] MultiFormatReader: non-ReaderException from reader: NotFoundException
[browser] MultiFormatReader: non-ReaderException from reader: ChecksumException
[browser] MultiFormatReader: non-ReaderException from reader: NotFoundException
[browser] MultiFormatReader: non-ReaderException from reader: NotFoundException
[browser] MultiFormatReader: non-ReaderException from reader: FormatException
[browser] MultiFormatReader: non-ReaderException from reader: NotFoundException
[browser] MultiFormatReader: non-ReaderException from reader: NotFoundException
[browser] MultiFormatReader: non-ReaderException from reader: NotFoundException
[browser] MultiFormatReader: non-ReaderException from reader: ChecksumException
[browser] MultiFormatReader: non-ReaderException from reader: NotFoundException
[browser] MultiFormatReader: non-ReaderException from reader: NotFoundException
[browser] MultiFormatReader: non-ReaderException from reader: NotFoundException: Cannot determine Micro QR symbol dimension.
[browser] MultiFormatReader: non-ReaderException from reader: NotFoundException
[browser] MultiFormatReader: non-ReaderException from reader: NotFoundException
[browser] MultiFormatReader: non-ReaderException from reader: NotFoundException
[browser] MultiFormatReader: non-ReaderException from reader: ChecksumException
[browser] MultiFormatReader: non-ReaderException from reader: NotFoundException
[browser] MultiFormatReader: non-ReaderException from reader: NotFoundException
[browser] MultiFormatReader: non-ReaderException from reader: NotFoundException: No Micro QR finder pattern found.
[browser] MultiFormatReader: non-ReaderException from reader: NotFoundException
[browser] MultiFormatReader: non-ReaderException from reader: NotFoundException
[browser] MultiFormatReader: non-ReaderException from reader: NotFoundException
[browser] MultiFormatReader: non-ReaderException from reader: ChecksumException
[browser] MultiFormatReader: non-ReaderException from reader: NotFoundException
[browser] MultiFormatReader: non-ReaderException from reader: NotFoundException
[browser] MultiFormatReader: non-ReaderException from reader: FormatException
[browser] MultiFormatReader: non-ReaderException from reader: NotFoundException
[browser] MultiFormatReader: non-ReaderException from reader: NotFoundException
[browser] MultiFormatReader: non-ReaderException from reader: NotFoundException
[browser] MultiFormatReader: non-ReaderException from reader: ChecksumException
[browser] MultiFormatReader: non-ReaderException from reader: NotFoundException
[browser] MultiFormatReader: non-ReaderException from reader: NotFoundException
[browser] MultiFormatReader: non-ReaderException from reader: NotFoundException: Cannot determine Micro QR symbol dimension.
[browser] MultiFormatReader: non-ReaderException from reader: NotFoundException
[browser] MultiFormatReader: non-ReaderException from reader: NotFoundException
[browser] MultiFormatReader: non-ReaderException from reader: NotFoundException
[browser] MultiFormatReader: non-ReaderException from reader: ChecksumException
[browser] MultiFormatReader: non-ReaderException from reader: NotFoundException
[browser] MultiFormatReader: non-ReaderException from reader: NotFoundException
[browser] MultiFormatReader: non-ReaderException from reader: NotFoundException: No Micro QR finder pattern found.
[browser] MultiFormatReader: non-ReaderException from reader: NotFoundException
[browser] MultiFormatReader: non-ReaderException from reader: NotFoundException
[browser] MultiFormatReader: non-ReaderException from reader: NotFoundException
[browser] MultiFormatReader: non-ReaderException from reader: ChecksumException
 GET /login 200 in 42ms (next.js: 1.2ms, proxy.ts: 1.8ms, application-code: 39ms)
[browser] MultiFormatReader: non-ReaderException from reader: NotFoundException
[browser] MultiFormatReader: non-ReaderException from reader: NotFoundException
[browser] MultiFormatReader: non-ReaderException from reader: FormatException
[browser] MultiFormatReader: non-ReaderException from reader: NotFoundException
[browser] MultiFormatReader: non-ReaderException from reader: NotFoundException
[browser] MultiFormatReader: non-ReaderException from reader: NotFoundException
[browser] MultiFormatReader: non-ReaderException from reader: ChecksumException
[browser] MultiFormatReader: non-ReaderException from reader: NotFoundException
[browser] MultiFormatReader: non-ReaderException from reader: NotFoundException
[browser] MultiFormatReader: non-ReaderException from reader: NotFoundException: Cannot determine Micro QR symbol dimension.
[browser] MultiFormatReader: non-ReaderException from reader: NotFoundException
[browser] MultiFormatReader: non-ReaderException from reader: NotFoundException
[browser] MultiFormatReader: non-ReaderException from reader: NotFoundException
[browser] MultiFormatReader: non-ReaderException from reader: ChecksumException
[browser] MultiFormatReader: non-ReaderException from reader: NotFoundException
[browser] MultiFormatReader: non-ReaderException from reader: NotFoundException
[browser] MultiFormatReader: non-ReaderException from reader: NotFoundException: No Micro QR finder pattern found.
[browser] MultiFormatReader: non-ReaderException from reader: NotFoundException
[browser] MultiFormatReader: non-ReaderException from reader: NotFoundException
[browser] MultiFormatReader: non-ReaderException from reader: NotFoundException
[browser] MultiFormatReader: non-ReaderException from reader: ChecksumException
[browser] MultiFormatReader: non-ReaderException from reader: NotFoundException
[browser] MultiFormatReader: non-ReaderException from reader: NotFoundException
[browser] MultiFormatReader: non-ReaderException from reader: FormatException
[browser] MultiFormatReader: non-ReaderException from reader: NotFoundException
[browser] MultiFormatReader: non-ReaderException from reader: NotFoundException
[browser] MultiFormatReader: non-ReaderException from reader: NotFoundException
[browser] MultiFormatReader: non-ReaderException from reader: ChecksumException
[browser] MultiFormatReader: non-ReaderException from reader: NotFoundException
[browser] MultiFormatReader: non-ReaderException from reader: NotFoundException
[browser] MultiFormatReader: non-ReaderException from reader: NotFoundException: Cannot determine Micro QR symbol dimension.
[browser] MultiFormatReader: non-ReaderException from reader: NotFoundException
[browser] MultiFormatReader: non-ReaderException from reader: NotFoundException
[browser] MultiFormatReader: non-ReaderException from reader: NotFoundException
[browser] MultiFormatReader: non-ReaderException from reader: ChecksumException
[browser] MultiFormatReader: non-ReaderException from reader: NotFoundException
[browser] MultiFormatReader: non-ReaderException from reader: NotFoundException
[browser] MultiFormatReader: non-ReaderException from reader: NotFoundException: No Micro QR finder pattern found.
[browser] MultiFormatReader: non-ReaderException from reader: NotFoundException
[browser] MultiFormatReader: non-ReaderException from reader: NotFoundException
[browser] MultiFormatReader: non-ReaderException from reader: NotFoundException
[browser] MultiFormatReader: non-ReaderException from reader: ChecksumException
 GET /login 200 in 47ms (next.js: 1.7ms, proxy.ts: 3ms, application-code: 43ms)
 PATCH /api/packages/cmukrnhuf00010bw6ij0gsk6m 200 in 977ms (next.js: 673ms, application-code: 303ms)
[browser] MultiFormatReader: non-ReaderException from reader: NotFoundException
[browser] MultiFormatReader: non-ReaderException from reader: NotFoundException
[browser] MultiFormatReader: non-ReaderException from reader: FormatException
[browser] MultiFormatReader: non-ReaderException from reader: NotFoundException
[browser] MultiFormatReader: non-ReaderException from reader: NotFoundException
[browser] MultiFormatReader: non-ReaderException from reader: NotFoundException
[browser] MultiFormatReader: non-ReaderException from reader: ChecksumException
[browser] MultiFormatReader: non-ReaderException from reader: NotFoundException
[browser] MultiFormatReader: non-ReaderException from reader: NotFoundException
[browser] MultiFormatReader: non-ReaderException from reader: NotFoundException: Cannot determine Micro QR symbol dimension.
[browser] MultiFormatReader: non-ReaderException from reader: NotFoundException
[browser] MultiFormatReader: non-ReaderException from reader: NotFoundException
[browser] MultiFormatReader: non-ReaderException from reader: NotFoundException
[browser] MultiFormatReader: non-ReaderException from reader: ChecksumException
[browser] MultiFormatReader: non-ReaderException from reader: NotFoundException
[browser] MultiFormatReader: non-ReaderException from reader: NotFoundException
[browser] MultiFormatReader: non-ReaderException from reader: NotFoundException: No Micro QR finder pattern found.
[browser] MultiFormatReader: non-ReaderException from reader: NotFoundException
[browser] MultiFormatReader: non-ReaderException from reader: NotFoundException
[browser] MultiFormatReader: non-ReaderException from reader: NotFoundException
[browser] MultiFormatReader: non-ReaderException from reader: ChecksumException
[browser] MultiFormatReader: non-ReaderException from reader: NotFoundException
[browser] MultiFormatReader: non-ReaderException from reader: NotFoundException
[browser] MultiFormatReader: non-ReaderException from reader: FormatException
[browser] MultiFormatReader: non-ReaderException from reader: NotFoundException
[browser] MultiFormatReader: non-ReaderException from reader: NotFoundException
[browser] MultiFormatReader: non-ReaderException from reader: NotFoundException
[browser] MultiFormatReader: non-ReaderException from reader: ChecksumException
[browser] MultiFormatReader: non-ReaderException from reader: NotFoundException
[browser] MultiFormatReader: non-ReaderException from reader: NotFoundException
[browser] MultiFormatReader: non-ReaderException from reader: NotFoundException: Cannot determine Micro QR symbol dimension.
[browser] MultiFormatReader: non-ReaderException from reader: NotFoundException
[browser] MultiFormatReader: non-ReaderException from reader: NotFoundException
[browser] MultiFormatReader: non-ReaderException from reader: NotFoundException
[browser] MultiFormatReader: non-ReaderException from reader: ChecksumException
[browser] MultiFormatReader: non-ReaderException from reader: NotFoundException
[browser] MultiFormatReader: non-ReaderException from reader: NotFoundException
[browser] MultiFormatReader: non-ReaderException from reader: NotFoundException: No Micro QR finder pattern found.
[browser] MultiFormatReader: non-ReaderException from reader: NotFoundException
[browser] MultiFormatReader: non-ReaderException from reader: NotFoundException
[browser] MultiFormatReader: non-ReaderException from reader: NotFoundException
[browser] MultiFormatReader: non-ReaderException from reader: ChecksumException
 GET /login 200 in 121ms (next.js: 27ms, proxy.ts: 21ms, application-code: 73ms)
[browser] MultiFormatReader: non-ReaderException from reader: NotFoundException
[browser] MultiFormatReader: non-ReaderException from reader: NotFoundException
[browser] MultiFormatReader: non-ReaderException from reader: FormatException
[browser] MultiFormatReader: non-ReaderException from reader: NotFoundException
[browser] MultiFormatReader: non-ReaderException from reader: NotFoundException
[browser] MultiFormatReader: non-ReaderException from reader: NotFoundException
[browser] MultiFormatReader: non-ReaderException from reader: ChecksumException
[browser] MultiFormatReader: non-ReaderException from reader: NotFoundException
[browser] MultiFormatReader: non-ReaderException from reader: NotFoundException
[browser] MultiFormatReader: non-ReaderException from reader: NotFoundException: Cannot determine Micro QR symbol dimension.
[browser] MultiFormatReader: non-ReaderException from reader: NotFoundException
[browser] MultiFormatReader: non-ReaderException from reader: NotFoundException
[browser] MultiFormatReader: non-ReaderException from reader: NotFoundException
[browser] MultiFormatReader: non-ReaderException from reader: ChecksumException
[browser] MultiFormatReader: non-ReaderException from reader: NotFoundException
[browser] MultiFormatReader: non-ReaderException from reader: NotFoundException
[browser] MultiFormatReader: non-ReaderException from reader: NotFoundException: No Micro QR finder pattern found.
[browser] MultiFormatReader: non-ReaderException from reader: NotFoundException
[browser] MultiFormatReader: non-ReaderException from reader: NotFoundException
[browser] MultiFormatReader: non-ReaderException from reader: NotFoundException
[browser] MultiFormatReader: non-ReaderException from reader: ChecksumException
[browser] MultiFormatReader: non-ReaderException from reader: NotFoundException
[browser] MultiFormatReader: non-ReaderException from reader: NotFoundException
[browser] MultiFormatReader: non-ReaderException from reader: FormatException
[browser] MultiFormatReader: non-ReaderException from reader: NotFoundException
[browser] MultiFormatReader: non-ReaderException from reader: NotFoundException
[browser] MultiFormatReader: non-ReaderException from reader: NotFoundException
[browser] MultiFormatReader: non-ReaderException from reader: ChecksumException
[browser] MultiFormatReader: non-ReaderException from reader: NotFoundException
[browser] MultiFormatReader: non-ReaderException from reader: NotFoundException
[browser] MultiFormatReader: non-ReaderException from reader: NotFoundException: Cannot determine Micro QR symbol dimension.
[browser] MultiFormatReader: non-ReaderException from reader: NotFoundException
[browser] MultiFormatReader: non-ReaderException from reader: NotFoundException
[browser] MultiFormatReader: non-ReaderException from reader: NotFoundException
[browser] MultiFormatReader: non-ReaderException from reader: ChecksumException
[browser] MultiFormatReader: non-ReaderException from reader: NotFoundException
[browser] MultiFormatReader: non-ReaderException from reader: NotFoundException
[browser] MultiFormatReader: non-ReaderException from reader: NotFoundException: No Micro QR finder pattern found.
[browser] MultiFormatReader: non-ReaderException from reader: NotFoundException
[browser] MultiFormatReader: non-ReaderException from reader: NotFoundException
[browser] MultiFormatReader: non-ReaderException from reader: NotFoundException
[browser] MultiFormatReader: non-ReaderException from reader: ChecksumException
[browser] MultiFormatReader: non-ReaderException from reader: NotFoundException
[browser] MultiFormatReader: non-ReaderException from reader: NotFoundException
[browser] MultiFormatReader: non-ReaderException from reader: FormatException
[browser] MultiFormatReader: non-ReaderException from reader: NotFoundException
[browser] MultiFormatReader: non-ReaderException from reader: NotFoundException
[browser] MultiFormatReader: non-ReaderException from reader: NotFoundException
[browser] MultiFormatReader: non-ReaderException from reader: ChecksumException
[browser] MultiFormatReader: non-ReaderException from reader: NotFoundException
[browser] MultiFormatReader: non-ReaderException from reader: NotFoundException
[browser] MultiFormatReader: non-ReaderException from reader: NotFoundException: Cannot determine Micro QR symbol dimension.
[browser] MultiFormatReader: non-ReaderException from reader: NotFoundException
[browser] MultiFormatReader: non-ReaderException from reader: NotFoundException
[browser] MultiFormatReader: non-ReaderException from reader: NotFoundException
[browser] MultiFormatReader: non-ReaderException from reader: ChecksumException
[browser] MultiFormatReader: non-ReaderException from reader: NotFoundException
[browser] MultiFormatReader: non-ReaderException from reader: NotFoundException
[browser] MultiFormatReader: non-ReaderException from reader: NotFoundException: No Micro QR finder pattern found.
[browser] MultiFormatReader: non-ReaderException from reader: NotFoundException
[browser] MultiFormatReader: non-ReaderException from reader: NotFoundException
[browser] MultiFormatReader: non-ReaderException from reader: NotFoundException
[browser] MultiFormatReader: non-ReaderException from reader: ChecksumException
 GET /login 200 in 36ms (next.js: 1.1ms, proxy.ts: 1.7ms, application-code: 34ms)
[browser] MultiFormatReader: non-ReaderException from reader: NotFoundException
[browser] MultiFormatReader: non-ReaderException from reader: NotFoundException
[browser] MultiFormatReader: non-ReaderException from reader: FormatException
[browser] MultiFormatReader: non-ReaderException from reader: NotFoundException
[browser] MultiFormatReader: non-ReaderException from reader: NotFoundException
[browser] MultiFormatReader: non-ReaderException from reader: NotFoundException
[browser] MultiFormatReader: non-ReaderException from reader: ChecksumException
[browser] MultiFormatReader: non-ReaderException from reader: NotFoundException
[browser] MultiFormatReader: non-ReaderException from reader: NotFoundException
[browser] MultiFormatReader: non-ReaderException from reader: NotFoundException: Cannot determine Micro QR symbol dimension.
[browser] MultiFormatReader: non-ReaderException from reader: NotFoundException
[browser] MultiFormatReader: non-ReaderException from reader: NotFoundException
[browser] MultiFormatReader: non-ReaderException from reader: NotFoundException
[browser] MultiFormatReader: non-ReaderException from reader: ChecksumException
[browser] MultiFormatReader: non-ReaderException from reader: NotFoundException
[browser] MultiFormatReader: non-ReaderException from reader: NotFoundException
[browser] MultiFormatReader: non-ReaderException from reader: NotFoundException: No Micro QR finder pattern found.
[browser] MultiFormatReader: non-ReaderException from reader: NotFoundException
[browser] MultiFormatReader: non-ReaderException from reader: NotFoundException
[browser] MultiFormatReader: non-ReaderException from reader: NotFoundException
[browser] MultiFormatReader: non-ReaderException from reader: ChecksumException
[browser] MultiFormatReader: non-ReaderException from reader: NotFoundException
[browser] MultiFormatReader: non-ReaderException from reader: NotFoundException
[browser] MultiFormatReader: non-ReaderException from reader: FormatException
[browser] MultiFormatReader: non-ReaderException from reader: NotFoundException
[browser] MultiFormatReader: non-ReaderException from reader: NotFoundException
[browser] MultiFormatReader: non-ReaderException from reader: NotFoundException
[browser] MultiFormatReader: non-ReaderException from reader: ChecksumException
[browser] MultiFormatReader: non-ReaderException from reader: NotFoundException
[browser] MultiFormatReader: non-ReaderException from reader: NotFoundException
[browser] MultiFormatReader: non-ReaderException from reader: NotFoundException: Cannot determine Micro QR symbol dimension.
[browser] MultiFormatReader: non-ReaderException from reader: NotFoundException
[browser] MultiFormatReader: non-ReaderException from reader: NotFoundException
[browser] MultiFormatReader: non-ReaderException from reader: NotFoundException
[browser] MultiFormatReader: non-ReaderException from reader: ChecksumException
[browser] MultiFormatReader: non-ReaderException from reader: NotFoundException
[browser] MultiFormatReader: non-ReaderException from reader: NotFoundException
[browser] MultiFormatReader: non-ReaderException from reader: NotFoundException: No Micro QR finder pattern found.
[browser] MultiFormatReader: non-ReaderException from reader: NotFoundException
[browser] MultiFormatReader: non-ReaderException from reader: NotFoundException
[browser] MultiFormatReader: non-ReaderException from reader: NotFoundException
[browser] MultiFormatReader: non-ReaderException from reader: ChecksumException
 GET /login 200 in 43ms (next.js: 1.3ms, proxy.ts: 7ms, application-code: 35ms)
[browser] MultiFormatReader: non-ReaderException from reader: NotFoundException
[browser] MultiFormatReader: non-ReaderException from reader: NotFoundException
[browser] MultiFormatReader: non-ReaderException from reader: FormatException
[browser] MultiFormatReader: non-ReaderException from reader: NotFoundException
[browser] MultiFormatReader: non-ReaderException from reader: NotFoundException
[browser] MultiFormatReader: non-ReaderException from reader: NotFoundException
[browser] MultiFormatReader: non-ReaderException from reader: ChecksumException
[browser] MultiFormatReader: non-ReaderException from reader: NotFoundException
[browser] MultiFormatReader: non-ReaderException from reader: NotFoundException
[browser] MultiFormatReader: non-ReaderException from reader: NotFoundException: Cannot determine Micro QR symbol dimension.
[browser] MultiFormatReader: non-ReaderException from reader: NotFoundException
[browser] MultiFormatReader: non-ReaderException from reader: NotFoundException
[browser] MultiFormatReader: non-ReaderException from reader: NotFoundException
[browser] MultiFormatReader: non-ReaderException from reader: ChecksumException
[browser] MultiFormatReader: non-ReaderException from reader: NotFoundException
[browser] MultiFormatReader: non-ReaderException from reader: NotFoundException
[browser] MultiFormatReader: non-ReaderException from reader: NotFoundException: No Micro QR finder pattern found.
[browser] MultiFormatReader: non-ReaderException from reader: NotFoundException
[browser] MultiFormatReader: non-ReaderException from reader: NotFoundException
[browser] MultiFormatReader: non-ReaderException from reader: NotFoundException
[browser] MultiFormatReader: non-ReaderException from reader: ChecksumException
[browser] MultiFormatReader: non-ReaderException from reader: NotFoundException
[browser] MultiFormatReader: non-ReaderException from reader: NotFoundException
[browser] MultiFormatReader: non-ReaderException from reader: FormatException
[browser] MultiFormatReader: non-ReaderException from reader: NotFoundException
[browser] MultiFormatReader: non-ReaderException from reader: NotFoundException
[browser] MultiFormatReader: non-ReaderException from reader: NotFoundException
[browser] MultiFormatReader: non-ReaderException from reader: ChecksumException
[browser] MultiFormatReader: non-ReaderException from reader: NotFoundException
[browser] MultiFormatReader: non-ReaderException from reader: NotFoundException
[browser] MultiFormatReader: non-ReaderException from reader: NotFoundException: Cannot determine Micro QR symbol dimension.
[browser] MultiFormatReader: non-ReaderException from reader: NotFoundException
[browser] MultiFormatReader: non-ReaderException from reader: NotFoundException
[browser] MultiFormatReader: non-ReaderException from reader: NotFoundException
[browser] MultiFormatReader: non-ReaderException from reader: ChecksumException
[browser] MultiFormatReader: non-ReaderException from reader: NotFoundException
[browser] MultiFormatReader: non-ReaderException from reader: NotFoundException
[browser] MultiFormatReader: non-ReaderException from reader: NotFoundException: No Micro QR finder pattern found.
[browser] MultiFormatReader: non-ReaderException from reader: NotFoundException
[browser] MultiFormatReader: non-ReaderException from reader: NotFoundException
[browser] MultiFormatReader: non-ReaderException from reader: NotFoundException
[browser] MultiFormatReader: non-ReaderException from reader: ChecksumException
 GET /login 200 in 58ms (next.js: 1.2ms, proxy.ts: 1.7ms, application-code: 55ms)
[browser] MultiFormatReader: non-ReaderException from reader: NotFoundException
[browser] MultiFormatReader: non-ReaderException from reader: NotFoundException
[browser] MultiFormatReader: non-ReaderException from reader: FormatException
[browser] MultiFormatReader: non-ReaderException from reader: NotFoundException
[browser] MultiFormatReader: non-ReaderException from reader: NotFoundException
[browser] MultiFormatReader: non-ReaderException from reader: NotFoundException
[browser] MultiFormatReader: non-ReaderException from reader: ChecksumException
[browser] MultiFormatReader: non-ReaderException from reader: NotFoundException
[browser] MultiFormatReader: non-ReaderException from reader: NotFoundException
[browser] MultiFormatReader: non-ReaderException from reader: NotFoundException: Cannot determine Micro QR symbol dimension.
[browser] MultiFormatReader: non-ReaderException from reader: NotFoundException
[browser] MultiFormatReader: non-ReaderException from reader: NotFoundException
[browser] MultiFormatReader: non-ReaderException from reader: NotFoundException
[browser] MultiFormatReader: non-ReaderException from reader: ChecksumException
[browser] MultiFormatReader: non-ReaderException from reader: NotFoundException
[browser] MultiFormatReader: non-ReaderException from reader: NotFoundException
[browser] MultiFormatReader: non-ReaderException from reader: NotFoundException: No Micro QR finder pattern found.
[browser] MultiFormatReader: non-ReaderException from reader: NotFoundException
[browser] MultiFormatReader: non-ReaderException from reader: NotFoundException
[browser] MultiFormatReader: non-ReaderException from reader: NotFoundException
[browser] MultiFormatReader: non-ReaderException from reader: ChecksumException
[browser] MultiFormatReader: non-ReaderException from reader: NotFoundException
[browser] MultiFormatReader: non-ReaderException from reader: NotFoundException
[browser] MultiFormatReader: non-ReaderException from reader: FormatException
[browser] MultiFormatReader: non-ReaderException from reader: NotFoundException
[browser] MultiFormatReader: non-ReaderException from reader: NotFoundException
[browser] MultiFormatReader: non-ReaderException from reader: NotFoundException
[browser] MultiFormatReader: non-ReaderException from reader: ChecksumException
[browser] MultiFormatReader: non-ReaderException from reader: NotFoundException
[browser] MultiFormatReader: non-ReaderException from reader: NotFoundException
[browser] MultiFormatReader: non-ReaderException from reader: NotFoundException: Cannot determine Micro QR symbol dimension.
[browser] MultiFormatReader: non-ReaderException from reader: NotFoundException
[browser] MultiFormatReader: non-ReaderException from reader: NotFoundException
[browser] MultiFormatReader: non-ReaderException from reader: NotFoundException
[browser] MultiFormatReader: non-ReaderException from reader: ChecksumException
[browser] MultiFormatReader: non-ReaderException from reader: NotFoundException
[browser] MultiFormatReader: non-ReaderException from reader: NotFoundException
[browser] MultiFormatReader: non-ReaderException from reader: NotFoundException: No Micro QR finder pattern found.
[browser] MultiFormatReader: non-ReaderException from reader: NotFoundException
[browser] MultiFormatReader: non-ReaderException from reader: NotFoundException
[browser] MultiFormatReader: non-ReaderException from reader: NotFoundException
[browser] MultiFormatReader: non-ReaderException from reader: ChecksumException
[browser] MultiFormatReader: non-ReaderException from reader: NotFoundException
[browser] MultiFormatReader: non-ReaderException from reader: NotFoundException
[browser] MultiFormatReader: non-ReaderException from reader: FormatException
[browser] MultiFormatReader: non-ReaderException from reader: NotFoundException
[browser] MultiFormatReader: non-ReaderException from reader: NotFoundException
[browser] MultiFormatReader: non-ReaderException from reader: NotFoundException
[browser] MultiFormatReader: non-ReaderException from reader: ChecksumException
[browser] MultiFormatReader: non-ReaderException from reader: NotFoundException
[browser] MultiFormatReader: non-ReaderException from reader: NotFoundException
[browser] MultiFormatReader: non-ReaderException from reader: NotFoundException: Cannot determine Micro QR symbol dimension.
[browser] MultiFormatReader: non-ReaderException from reader: NotFoundException
[browser] MultiFormatReader: non-ReaderException from reader: NotFoundException
[browser] MultiFormatReader: non-ReaderException from reader: NotFoundException
[browser] MultiFormatReader: non-ReaderException from reader: ChecksumException
[browser] MultiFormatReader: non-ReaderException from reader: NotFoundException
[browser] MultiFormatReader: non-ReaderException from reader: NotFoundException
[browser] MultiFormatReader: non-ReaderException from reader: NotFoundException: No Micro QR finder pattern found.
[browser] MultiFormatReader: non-ReaderException from reader: NotFoundException
[browser] MultiFormatReader: non-ReaderException from reader: NotFoundException
[browser] MultiFormatReader: non-ReaderException from reader: NotFoundException
[browser] MultiFormatReader: non-ReaderException from reader: ChecksumException
 GET /login 200 in 36ms (next.js: 1.1ms, proxy.ts: 1.8ms, application-code: 33ms)
[browser] MultiFormatReader: non-ReaderException from reader: NotFoundException
[browser] MultiFormatReader: non-ReaderException from reader: NotFoundException
[browser] MultiFormatReader: non-ReaderException from reader: FormatException
[browser] MultiFormatReader: non-ReaderException from reader: NotFoundException
[browser] MultiFormatReader: non-ReaderException from reader: NotFoundException
[browser] MultiFormatReader: non-ReaderException from reader: NotFoundException
[browser] MultiFormatReader: non-ReaderException from reader: ChecksumException
[browser] MultiFormatReader: non-ReaderException from reader: NotFoundException
[browser] MultiFormatReader: non-ReaderException from reader: NotFoundException
[browser] MultiFormatReader: non-ReaderException from reader: NotFoundException: Cannot determine Micro QR symbol dimension.
[browser] MultiFormatReader: non-ReaderException from reader: NotFoundException
[browser] MultiFormatReader: non-ReaderException from reader: NotFoundException
[browser] MultiFormatReader: non-ReaderException from reader: NotFoundException
[browser] MultiFormatReader: non-ReaderException from reader: ChecksumException
[browser] MultiFormatReader: non-ReaderException from reader: NotFoundException
[browser] MultiFormatReader: non-ReaderException from reader: NotFoundException
[browser] MultiFormatReader: non-ReaderException from reader: NotFoundException: No Micro QR finder pattern found.
[browser] MultiFormatReader: non-ReaderException from reader: NotFoundException
[browser] MultiFormatReader: non-ReaderException from reader: NotFoundException
[browser] MultiFormatReader: non-ReaderException from reader: NotFoundException
[browser] MultiFormatReader: non-ReaderException from reader: ChecksumException
[browser] MultiFormatReader: non-ReaderException from reader: NotFoundException
[browser] MultiFormatReader: non-ReaderException from reader: NotFoundException
[browser] MultiFormatReader: non-ReaderException from reader: FormatException
[browser] MultiFormatReader: non-ReaderException from reader: NotFoundException
[browser] MultiFormatReader: non-ReaderException from reader: NotFoundException
[browser] MultiFormatReader: non-ReaderException from reader: NotFoundException
[browser] MultiFormatReader: non-ReaderException from reader: ChecksumException
[browser] MultiFormatReader: non-ReaderException from reader: NotFoundException
[browser] MultiFormatReader: non-ReaderException from reader: NotFoundException
[browser] MultiFormatReader: non-ReaderException from reader: NotFoundException: Cannot determine Micro QR symbol dimension.
[browser] MultiFormatReader: non-ReaderException from reader: NotFoundException
[browser] MultiFormatReader: non-ReaderException from reader: NotFoundException
[browser] MultiFormatReader: non-ReaderException from reader: NotFoundException
[browser] MultiFormatReader: non-ReaderException from reader: ChecksumException
[browser] MultiFormatReader: non-ReaderException from reader: NotFoundException
[browser] MultiFormatReader: non-ReaderException from reader: NotFoundException
[browser] MultiFormatReader: non-ReaderException from reader: NotFoundException: No Micro QR finder pattern found.
[browser] MultiFormatReader: non-ReaderException from reader: NotFoundException
[browser] MultiFormatReader: non-ReaderException from reader: NotFoundException
[browser] MultiFormatReader: non-ReaderException from reader: NotFoundException
[browser] MultiFormatReader: non-ReaderException from reader: ChecksumException
 GET /login 200 in 48ms (next.js: 3ms, proxy.ts: 4ms, application-code: 41ms)
[browser] MultiFormatReader: non-ReaderException from reader: NotFoundException
[browser] MultiFormatReader: non-ReaderException from reader: NotFoundException
[browser] MultiFormatReader: non-ReaderException from reader: FormatException
[browser] MultiFormatReader: non-ReaderException from reader: NotFoundException
[browser] MultiFormatReader: non-ReaderException from reader: NotFoundException
[browser] MultiFormatReader: non-ReaderException from reader: NotFoundException
[browser] MultiFormatReader: non-ReaderException from reader: ChecksumException
[browser] MultiFormatReader: non-ReaderException from reader: NotFoundException
[browser] MultiFormatReader: non-ReaderException from reader: NotFoundException
[browser] MultiFormatReader: non-ReaderException from reader: NotFoundException: Cannot determine Micro QR symbol dimension.
[browser] MultiFormatReader: non-ReaderException from reader: NotFoundException
[browser] MultiFormatReader: non-ReaderException from reader: NotFoundException
[browser] MultiFormatReader: non-ReaderException from reader: NotFoundException
[browser] MultiFormatReader: non-ReaderException from reader: ChecksumException
[browser] MultiFormatReader: non-ReaderException from reader: NotFoundException
[browser] MultiFormatReader: non-ReaderException from reader: NotFoundException
[browser] MultiFormatReader: non-ReaderException from reader: NotFoundException: No Micro QR finder pattern found.
[browser] MultiFormatReader: non-ReaderException from reader: NotFoundException
[browser] MultiFormatReader: non-ReaderException from reader: NotFoundException
[browser] MultiFormatReader: non-ReaderException from reader: NotFoundException
[browser] MultiFormatReader: non-ReaderException from reader: ChecksumException
[browser] MultiFormatReader: non-ReaderException from reader: NotFoundException
[browser] MultiFormatReader: non-ReaderException from reader: NotFoundException
[browser] MultiFormatReader: non-ReaderException from reader: FormatException
[browser] MultiFormatReader: non-ReaderException from reader: NotFoundException
[browser] MultiFormatReader: non-ReaderException from reader: NotFoundException
[browser] MultiFormatReader: non-ReaderException from reader: NotFoundException
[browser] MultiFormatReader: non-ReaderException from reader: ChecksumException
[browser] MultiFormatReader: non-ReaderException from reader: NotFoundException
[browser] MultiFormatReader: non-ReaderException from reader: NotFoundException
[browser] MultiFormatReader: non-ReaderException from reader: NotFoundException: Cannot determine Micro QR symbol dimension.
[browser] MultiFormatReader: non-ReaderException from reader: NotFoundException
[browser] MultiFormatReader: non-ReaderException from reader: NotFoundException
[browser] MultiFormatReader: non-ReaderException from reader: NotFoundException
[browser] MultiFormatReader: non-ReaderException from reader: ChecksumException
[browser] MultiFormatReader: non-ReaderException from reader: NotFoundException
[browser] MultiFormatReader: non-ReaderException from reader: NotFoundException
[browser] MultiFormatReader: non-ReaderException from reader: NotFoundException: No Micro QR finder pattern found.
[browser] MultiFormatReader: non-ReaderException from reader: NotFoundException
[browser] MultiFormatReader: non-ReaderException from reader: NotFoundException
[browser] MultiFormatReader: non-ReaderException from reader: NotFoundException
[browser] MultiFormatReader: non-ReaderException from reader: ChecksumException
 GET /login 200 in 39ms (next.js: 1.1ms, proxy.ts: 1.6ms, application-code: 36ms)
[browser] MultiFormatReader: non-ReaderException from reader: NotFoundException
[browser] MultiFormatReader: non-ReaderException from reader: NotFoundException
[browser] MultiFormatReader: non-ReaderException from reader: FormatException
[browser] MultiFormatReader: non-ReaderException from reader: NotFoundException
[browser] MultiFormatReader: non-ReaderException from reader: NotFoundException
[browser] MultiFormatReader: non-ReaderException from reader: NotFoundException
[browser] MultiFormatReader: non-ReaderException from reader: ChecksumException
[browser] MultiFormatReader: non-ReaderException from reader: NotFoundException
[browser] MultiFormatReader: non-ReaderException from reader: NotFoundException
[browser] MultiFormatReader: non-ReaderException from reader: NotFoundException: Cannot determine Micro QR symbol dimension.
[browser] MultiFormatReader: non-ReaderException from reader: NotFoundException
[browser] MultiFormatReader: non-ReaderException from reader: NotFoundException
[browser] MultiFormatReader: non-ReaderException from reader: NotFoundException
[browser] MultiFormatReader: non-ReaderException from reader: ChecksumException
[browser] MultiFormatReader: non-ReaderException from reader: NotFoundException
[browser] MultiFormatReader: non-ReaderException from reader: NotFoundException
[browser] MultiFormatReader: non-ReaderException from reader: NotFoundException: No Micro QR finder pattern found.
[browser] MultiFormatReader: non-ReaderException from reader: NotFoundException
[browser] MultiFormatReader: non-ReaderException from reader: NotFoundException
[browser] MultiFormatReader: non-ReaderException from reader: NotFoundException
[browser] MultiFormatReader: non-ReaderException from reader: ChecksumException
[browser] MultiFormatReader: non-ReaderException from reader: NotFoundException
[browser] MultiFormatReader: non-ReaderException from reader: NotFoundException
[browser] MultiFormatReader: non-ReaderException from reader: FormatException
[browser] MultiFormatReader: non-ReaderException from reader: NotFoundException
[browser] MultiFormatReader: non-ReaderException from reader: NotFoundException
[browser] MultiFormatReader: non-ReaderException from reader: NotFoundException
[browser] MultiFormatReader: non-ReaderException from reader: ChecksumException
[browser] MultiFormatReader: non-ReaderException from reader: NotFoundException
[browser] MultiFormatReader: non-ReaderException from reader: NotFoundException
[browser] MultiFormatReader: non-ReaderException from reader: NotFoundException: Cannot determine Micro QR symbol dimension.
[browser] MultiFormatReader: non-ReaderException from reader: NotFoundException
[browser] MultiFormatReader: non-ReaderException from reader: NotFoundException
[browser] MultiFormatReader: non-ReaderException from reader: NotFoundException
[browser] MultiFormatReader: non-ReaderException from reader: ChecksumException
[browser] MultiFormatReader: non-ReaderException from reader: NotFoundException
[browser] MultiFormatReader: non-ReaderException from reader: NotFoundException
[browser] MultiFormatReader: non-ReaderException from reader: NotFoundException: No Micro QR finder pattern found.
[browser] MultiFormatReader: non-ReaderException from reader: NotFoundException
[browser] MultiFormatReader: non-ReaderException from reader: NotFoundException
[browser] MultiFormatReader: non-ReaderException from reader: NotFoundException
[browser] MultiFormatReader: non-ReaderException from reader: ChecksumException
[browser] MultiFormatReader: non-ReaderException from reader: NotFoundException
[browser] MultiFormatReader: non-ReaderException from reader: NotFoundException
[browser] MultiFormatReader: non-ReaderException from reader: FormatException
[browser] MultiFormatReader: non-ReaderException from reader: NotFoundException
[browser] MultiFormatReader: non-ReaderException from reader: NotFoundException
[browser] MultiFormatReader: non-ReaderException from reader: NotFoundException
[browser] MultiFormatReader: non-ReaderException from reader: ChecksumException
[browser] MultiFormatReader: non-ReaderException from reader: NotFoundException
[browser] MultiFormatReader: non-ReaderException from reader: NotFoundException
[browser] MultiFormatReader: non-ReaderException from reader: NotFoundException: Cannot determine Micro QR symbol dimension.
[browser] MultiFormatReader: non-ReaderException from reader: NotFoundException
[browser] MultiFormatReader: non-ReaderException from reader: NotFoundException
[browser] MultiFormatReader: non-ReaderException from reader: NotFoundException
[browser] MultiFormatReader: non-ReaderException from reader: ChecksumException
[browser] MultiFormatReader: non-ReaderException from reader: NotFoundException
[browser] MultiFormatReader: non-ReaderException from reader: NotFoundException
[browser] MultiFormatReader: non-ReaderException from reader: NotFoundException: No Micro QR finder pattern found.
[browser] MultiFormatReader: non-ReaderException from reader: NotFoundException
[browser] MultiFormatReader: non-ReaderException from reader: NotFoundException
[browser] MultiFormatReader: non-ReaderException from reader: NotFoundException
[browser] MultiFormatReader: non-ReaderException from reader: ChecksumException
 GET /login 200 in 35ms (next.js: 1.2ms, proxy.ts: 1.6ms, application-code: 33ms)
[browser] MultiFormatReader: non-ReaderException from reader: NotFoundException
[browser] MultiFormatReader: non-ReaderException from reader: NotFoundException
[browser] MultiFormatReader: non-ReaderException from reader: FormatException
[browser] MultiFormatReader: non-ReaderException from reader: NotFoundException
[browser] MultiFormatReader: non-ReaderException from reader: NotFoundException
[browser] MultiFormatReader: non-ReaderException from reader: NotFoundException
[browser] MultiFormatReader: non-ReaderException from reader: ChecksumException
[browser] MultiFormatReader: non-ReaderException from reader: NotFoundException
[browser] MultiFormatReader: non-ReaderException from reader: NotFoundException
[browser] MultiFormatReader: non-ReaderException from reader: NotFoundException: Cannot determine Micro QR symbol dimension.
[browser] MultiFormatReader: non-ReaderException from reader: NotFoundException
[browser] MultiFormatReader: non-ReaderException from reader: NotFoundException
[browser] MultiFormatReader: non-ReaderException from reader: NotFoundException
[browser] MultiFormatReader: non-ReaderException from reader: ChecksumException
[browser] MultiFormatReader: non-ReaderException from reader: NotFoundException
[browser] MultiFormatReader: non-ReaderException from reader: NotFoundException
[browser] MultiFormatReader: non-ReaderException from reader: NotFoundException: No Micro QR finder pattern found.
[browser] MultiFormatReader: non-ReaderException from reader: NotFoundException
[browser] MultiFormatReader: non-ReaderException from reader: NotFoundException
[browser] MultiFormatReader: non-ReaderException from reader: NotFoundException
[browser] MultiFormatReader: non-ReaderException from reader: ChecksumException
[browser] MultiFormatReader: non-ReaderException from reader: NotFoundException
[browser] MultiFormatReader: non-ReaderException from reader: NotFoundException
[browser] MultiFormatReader: non-ReaderException from reader: FormatException
[browser] MultiFormatReader: non-ReaderException from reader: NotFoundException
[browser] MultiFormatReader: non-ReaderException from reader: NotFoundException
[browser] MultiFormatReader: non-ReaderException from reader: NotFoundException
[browser] MultiFormatReader: non-ReaderException from reader: ChecksumException
[browser] MultiFormatReader: non-ReaderException from reader: NotFoundException
[browser] MultiFormatReader: non-ReaderException from reader: NotFoundException
[browser] MultiFormatReader: non-ReaderException from reader: NotFoundException: Cannot determine Micro QR symbol dimension.
[browser] MultiFormatReader: non-ReaderException from reader: NotFoundException
[browser] MultiFormatReader: non-ReaderException from reader: NotFoundException
[browser] MultiFormatReader: non-ReaderException from reader: NotFoundException
[browser] MultiFormatReader: non-ReaderException from reader: ChecksumException
[browser] MultiFormatReader: non-ReaderException from reader: NotFoundException
[browser] MultiFormatReader: non-ReaderException from reader: NotFoundException
[browser] MultiFormatReader: non-ReaderException from reader: NotFoundException: No Micro QR finder pattern found.
[browser] MultiFormatReader: non-ReaderException from reader: NotFoundException
[browser] MultiFormatReader: non-ReaderException from reader: NotFoundException
[browser] MultiFormatReader: non-ReaderException from reader: NotFoundException
[browser] MultiFormatReader: non-ReaderException from reader: ChecksumException
 GET /login 200 in 37ms (next.js: 1.0ms, proxy.ts: 1.6ms, application-code: 34ms)
[browser] MultiFormatReader: non-ReaderException from reader: NotFoundException
[browser] MultiFormatReader: non-ReaderException from reader: NotFoundException
[browser] MultiFormatReader: non-ReaderException from reader: FormatException
[browser] MultiFormatReader: non-ReaderException from reader: NotFoundException
[browser] MultiFormatReader: non-ReaderException from reader: NotFoundException
[browser] MultiFormatReader: non-ReaderException from reader: NotFoundException
[browser] MultiFormatReader: non-ReaderException from reader: ChecksumException
[browser] MultiFormatReader: non-ReaderException from reader: NotFoundException
[browser] MultiFormatReader: non-ReaderException from reader: NotFoundException
[browser] MultiFormatReader: non-ReaderException from reader: NotFoundException: Cannot determine Micro QR symbol dimension.
[browser] MultiFormatReader: non-ReaderException from reader: NotFoundException
[browser] MultiFormatReader: non-ReaderException from reader: NotFoundException
[browser] MultiFormatReader: non-ReaderException from reader: NotFoundException
[browser] MultiFormatReader: non-ReaderException from reader: ChecksumException
[browser] MultiFormatReader: non-ReaderException from reader: NotFoundException
[browser] MultiFormatReader: non-ReaderException from reader: NotFoundException
[browser] MultiFormatReader: non-ReaderException from reader: NotFoundException: No Micro QR finder pattern found.
[browser] MultiFormatReader: non-ReaderException from reader: NotFoundException
[browser] MultiFormatReader: non-ReaderException from reader: NotFoundException
[browser] MultiFormatReader: non-ReaderException from reader: NotFoundException
[browser] MultiFormatReader: non-ReaderException from reader: ChecksumException
[browser] MultiFormatReader: non-ReaderException from reader: NotFoundException
[browser] MultiFormatReader: non-ReaderException from reader: NotFoundException
[browser] MultiFormatReader: non-ReaderException from reader: FormatException
[browser] MultiFormatReader: non-ReaderException from reader: NotFoundException
[browser] MultiFormatReader: non-ReaderException from reader: NotFoundException
[browser] MultiFormatReader: non-ReaderException from reader: NotFoundException
[browser] MultiFormatReader: non-ReaderException from reader: ChecksumException
[browser] MultiFormatReader: non-ReaderException from reader: NotFoundException
[browser] MultiFormatReader: non-ReaderException from reader: NotFoundException
[browser] MultiFormatReader: non-ReaderException from reader: NotFoundException: Cannot determine Micro QR symbol dimension.
[browser] MultiFormatReader: non-ReaderException from reader: NotFoundException
[browser] MultiFormatReader: non-ReaderException from reader: NotFoundException
[browser] MultiFormatReader: non-ReaderException from reader: NotFoundException
[browser] MultiFormatReader: non-ReaderException from reader: ChecksumException
[browser] MultiFormatReader: non-ReaderException from reader: NotFoundException
[browser] MultiFormatReader: non-ReaderException from reader: NotFoundException
[browser] MultiFormatReader: non-ReaderException from reader: NotFoundException: No Micro QR finder pattern found.
[browser] MultiFormatReader: non-ReaderException from reader: NotFoundException
[browser] MultiFormatReader: non-ReaderException from reader: NotFoundException
[browser] MultiFormatReader: non-ReaderException from reader: NotFoundException
[browser] MultiFormatReader: non-ReaderException from reader: ChecksumException
 GET /login 200 in 38ms (next.js: 2ms, proxy.ts: 1.7ms, application-code: 35ms)
[browser] MultiFormatReader: non-ReaderException from reader: NotFoundException
[browser] MultiFormatReader: non-ReaderException from reader: NotFoundException
[browser] MultiFormatReader: non-ReaderException from reader: FormatException
[browser] MultiFormatReader: non-ReaderException from reader: NotFoundException
[browser] MultiFormatReader: non-ReaderException from reader: NotFoundException
[browser] MultiFormatReader: non-ReaderException from reader: NotFoundException
[browser] MultiFormatReader: non-ReaderException from reader: ChecksumException
[browser] MultiFormatReader: non-ReaderException from reader: NotFoundException
[browser] MultiFormatReader: non-ReaderException from reader: NotFoundException
[browser] MultiFormatReader: non-ReaderException from reader: NotFoundException: Cannot determine Micro QR symbol dimension.
[browser] MultiFormatReader: non-ReaderException from reader: NotFoundException
[browser] MultiFormatReader: non-ReaderException from reader: NotFoundException
[browser] MultiFormatReader: non-ReaderException from reader: NotFoundException
[browser] MultiFormatReader: non-ReaderException from reader: ChecksumException
[browser] MultiFormatReader: non-ReaderException from reader: NotFoundException
[browser] MultiFormatReader: non-ReaderException from reader: NotFoundException
[browser] MultiFormatReader: non-ReaderException from reader: NotFoundException: No Micro QR finder pattern found.
[browser] MultiFormatReader: non-ReaderException from reader: NotFoundException
[browser] MultiFormatReader: non-ReaderException from reader: NotFoundException
[browser] MultiFormatReader: non-ReaderException from reader: NotFoundException
[browser] MultiFormatReader: non-ReaderException from reader: ChecksumException
[browser] MultiFormatReader: non-ReaderException from reader: NotFoundException
[browser] MultiFormatReader: non-ReaderException from reader: NotFoundException
[browser] MultiFormatReader: non-ReaderException from reader: FormatException
[browser] MultiFormatReader: non-ReaderException from reader: NotFoundException
[browser] MultiFormatReader: non-ReaderException from reader: NotFoundException
[browser] MultiFormatReader: non-ReaderException from reader: NotFoundException
[browser] MultiFormatReader: non-ReaderException from reader: ChecksumException
[browser] MultiFormatReader: non-ReaderException from reader: NotFoundException
[browser] MultiFormatReader: non-ReaderException from reader: NotFoundException
[browser] MultiFormatReader: non-ReaderException from reader: NotFoundException: Cannot determine Micro QR symbol dimension.
[browser] MultiFormatReader: non-ReaderException from reader: NotFoundException
[browser] MultiFormatReader: non-ReaderException from reader: NotFoundException
[browser] MultiFormatReader: non-ReaderException from reader: NotFoundException
[browser] MultiFormatReader: non-ReaderException from reader: ChecksumException
[browser] MultiFormatReader: non-ReaderException from reader: NotFoundException
[browser] MultiFormatReader: non-ReaderException from reader: NotFoundException
[browser] MultiFormatReader: non-ReaderException from reader: NotFoundException: No Micro QR finder pattern found.
[browser] MultiFormatReader: non-ReaderException from reader: NotFoundException
[browser] MultiFormatReader: non-ReaderException from reader: NotFoundException
[browser] MultiFormatReader: non-ReaderException from reader: NotFoundException
[browser] MultiFormatReader: non-ReaderException from reader: ChecksumException
 GET /login 200 in 45ms (next.js: 1.6ms, proxy.ts: 1.8ms, application-code: 42ms)
[browser] MultiFormatReader: non-ReaderException from reader: NotFoundException
[browser] MultiFormatReader: non-ReaderException from reader: NotFoundException
[browser] MultiFormatReader: non-ReaderException from reader: FormatException
[browser] MultiFormatReader: non-ReaderException from reader: NotFoundException
[browser] MultiFormatReader: non-ReaderException from reader: NotFoundException
[browser] MultiFormatReader: non-ReaderException from reader: NotFoundException
[browser] MultiFormatReader: non-ReaderException from reader: ChecksumException
[browser] MultiFormatReader: non-ReaderException from reader: NotFoundException
[browser] MultiFormatReader: non-ReaderException from reader: NotFoundException
[browser] MultiFormatReader: non-ReaderException from reader: NotFoundException: Cannot determine Micro QR symbol dimension.
[browser] MultiFormatReader: non-ReaderException from reader: NotFoundException
[browser] MultiFormatReader: non-ReaderException from reader: NotFoundException
[browser] MultiFormatReader: non-ReaderException from reader: NotFoundException
[browser] MultiFormatReader: non-ReaderException from reader: ChecksumException
[browser] MultiFormatReader: non-ReaderException from reader: NotFoundException
[browser] MultiFormatReader: non-ReaderException from reader: NotFoundException
[browser] MultiFormatReader: non-ReaderException from reader: NotFoundException: No Micro QR finder pattern found.
[browser] MultiFormatReader: non-ReaderException from reader: NotFoundException
[browser] MultiFormatReader: non-ReaderException from reader: NotFoundException
[browser] MultiFormatReader: non-ReaderException from reader: NotFoundException
[browser] MultiFormatReader: non-ReaderException from reader: ChecksumException
[browser] MultiFormatReader: non-ReaderException from reader: NotFoundException
[browser] MultiFormatReader: non-ReaderException from reader: NotFoundException
[browser] MultiFormatReader: non-ReaderException from reader: FormatException
[browser] MultiFormatReader: non-ReaderException from reader: NotFoundException
[browser] MultiFormatReader: non-ReaderException from reader: NotFoundException
[browser] MultiFormatReader: non-ReaderException from reader: NotFoundException
[browser] MultiFormatReader: non-ReaderException from reader: ChecksumException
[browser] MultiFormatReader: non-ReaderException from reader: NotFoundException
[browser] MultiFormatReader: non-ReaderException from reader: NotFoundException
[browser] MultiFormatReader: non-ReaderException from reader: NotFoundException: Cannot determine Micro QR symbol dimension.
[browser] MultiFormatReader: non-ReaderException from reader: NotFoundException
[browser] MultiFormatReader: non-ReaderException from reader: NotFoundException
[browser] MultiFormatReader: non-ReaderException from reader: NotFoundException
[browser] MultiFormatReader: non-ReaderException from reader: ChecksumException
[browser] MultiFormatReader: non-ReaderException from reader: NotFoundException
[browser] MultiFormatReader: non-ReaderException from reader: NotFoundException
[browser] MultiFormatReader: non-ReaderException from reader: NotFoundException: No Micro QR finder pattern found.
[browser] MultiFormatReader: non-ReaderException from reader: NotFoundException
[browser] MultiFormatReader: non-ReaderException from reader: NotFoundException
[browser] MultiFormatReader: non-ReaderException from reader: NotFoundException
[browser] MultiFormatReader: non-ReaderException from reader: ChecksumException
[browser] MultiFormatReader: non-ReaderException from reader: NotFoundException
[browser] MultiFormatReader: non-ReaderException from reader: NotFoundException
[browser] MultiFormatReader: non-ReaderException from reader: FormatException
[browser] MultiFormatReader: non-ReaderException from reader: NotFoundException
[browser] MultiFormatReader: non-ReaderException from reader: NotFoundException
[browser] MultiFormatReader: non-ReaderException from reader: NotFoundException
[browser] MultiFormatReader: non-ReaderException from reader: ChecksumException
[browser] MultiFormatReader: non-ReaderException from reader: NotFoundException
[browser] MultiFormatReader: non-ReaderException from reader: NotFoundException
[browser] MultiFormatReader: non-ReaderException from reader: NotFoundException: Cannot determine Micro QR symbol dimension.
[browser] MultiFormatReader: non-ReaderException from reader: NotFoundException
[browser] MultiFormatReader: non-ReaderException from reader: NotFoundException
[browser] MultiFormatReader: non-ReaderException from reader: NotFoundException
[browser] MultiFormatReader: non-ReaderException from reader: ChecksumException
[browser] MultiFormatReader: non-ReaderException from reader: NotFoundException
[browser] MultiFormatReader: non-ReaderException from reader: NotFoundException
[browser] MultiFormatReader: non-ReaderException from reader: NotFoundException: No Micro QR finder pattern found.
[browser] MultiFormatReader: non-ReaderException from reader: NotFoundException
[browser] MultiFormatReader: non-ReaderException from reader: NotFoundException
[browser] MultiFormatReader: non-ReaderException from reader: NotFoundException
[browser] MultiFormatReader: non-ReaderException from reader: ChecksumException
 GET /login 200 in 40ms (next.js: 1.2ms, proxy.ts: 2ms, application-code: 37ms)
[browser] MultiFormatReader: non-ReaderException from reader: NotFoundException
[browser] MultiFormatReader: non-ReaderException from reader: NotFoundException
[browser] MultiFormatReader: non-ReaderException from reader: FormatException
[browser] MultiFormatReader: non-ReaderException from reader: NotFoundException
[browser] MultiFormatReader: non-ReaderException from reader: NotFoundException
[browser] MultiFormatReader: non-ReaderException from reader: NotFoundException
[browser] MultiFormatReader: non-ReaderException from reader: ChecksumException
[browser] MultiFormatReader: non-ReaderException from reader: NotFoundException
[browser] MultiFormatReader: non-ReaderException from reader: NotFoundException
[browser] MultiFormatReader: non-ReaderException from reader: NotFoundException: Cannot determine Micro QR symbol dimension.
[browser] MultiFormatReader: non-ReaderException from reader: NotFoundException
[browser] MultiFormatReader: non-ReaderException from reader: NotFoundException
[browser] MultiFormatReader: non-ReaderException from reader: NotFoundException
[browser] MultiFormatReader: non-ReaderException from reader: ChecksumException
[browser] MultiFormatReader: non-ReaderException from reader: NotFoundException
[browser] MultiFormatReader: non-ReaderException from reader: NotFoundException
[browser] MultiFormatReader: non-ReaderException from reader: NotFoundException: No Micro QR finder pattern found.
[browser] MultiFormatReader: non-ReaderException from reader: NotFoundException
[browser] MultiFormatReader: non-ReaderException from reader: NotFoundException
[browser] MultiFormatReader: non-ReaderException from reader: NotFoundException
[browser] MultiFormatReader: non-ReaderException from reader: ChecksumException
[browser] MultiFormatReader: non-ReaderException from reader: NotFoundException
[browser] MultiFormatReader: non-ReaderException from reader: NotFoundException
[browser] MultiFormatReader: non-ReaderException from reader: FormatException
[browser] MultiFormatReader: non-ReaderException from reader: NotFoundException
[browser] MultiFormatReader: non-ReaderException from reader: NotFoundException
[browser] MultiFormatReader: non-ReaderException from reader: NotFoundException
[browser] MultiFormatReader: non-ReaderException from reader: ChecksumException
[browser] MultiFormatReader: non-ReaderException from reader: NotFoundException
[browser] MultiFormatReader: non-ReaderException from reader: NotFoundException
[browser] MultiFormatReader: non-ReaderException from reader: NotFoundException: Cannot determine Micro QR symbol dimension.
[browser] MultiFormatReader: non-ReaderException from reader: NotFoundException
[browser] MultiFormatReader: non-ReaderException from reader: NotFoundException
[browser] MultiFormatReader: non-ReaderException from reader: NotFoundException
[browser] MultiFormatReader: non-ReaderException from reader: ChecksumException
[browser] MultiFormatReader: non-ReaderException from reader: NotFoundException
[browser] MultiFormatReader: non-ReaderException from reader: NotFoundException
[browser] MultiFormatReader: non-ReaderException from reader: NotFoundException: No Micro QR finder pattern found.
[browser] MultiFormatReader: non-ReaderException from reader: NotFoundException
[browser] MultiFormatReader: non-ReaderException from reader: NotFoundException
[browser] MultiFormatReader: non-ReaderException from reader: NotFoundException
[browser] MultiFormatReader: non-ReaderException from reader: ChecksumException
 GET /login 200 in 40ms (next.js: 1.3ms, proxy.ts: 1.7ms, application-code: 37ms)
[browser] MultiFormatReader: non-ReaderException from reader: NotFoundException
[browser] MultiFormatReader: non-ReaderException from reader: NotFoundException
[browser] MultiFormatReader: non-ReaderException from reader: FormatException
[browser] MultiFormatReader: non-ReaderException from reader: NotFoundException
[browser] MultiFormatReader: non-ReaderException from reader: NotFoundException
[browser] MultiFormatReader: non-ReaderException from reader: NotFoundException
[browser] MultiFormatReader: non-ReaderException from reader: ChecksumException
[browser] MultiFormatReader: non-ReaderException from reader: NotFoundException
[browser] MultiFormatReader: non-ReaderException from reader: NotFoundException
[browser] MultiFormatReader: non-ReaderException from reader: NotFoundException: Cannot determine Micro QR symbol dimension.
[browser] MultiFormatReader: non-ReaderException from reader: NotFoundException
[browser] MultiFormatReader: non-ReaderException from reader: NotFoundException
[browser] MultiFormatReader: non-ReaderException from reader: NotFoundException
[browser] MultiFormatReader: non-ReaderException from reader: ChecksumException
[browser] MultiFormatReader: non-ReaderException from reader: NotFoundException
[browser] MultiFormatReader: non-ReaderException from reader: NotFoundException
[browser] MultiFormatReader: non-ReaderException from reader: NotFoundException: No Micro QR finder pattern found.
[browser] MultiFormatReader: non-ReaderException from reader: NotFoundException
[browser] MultiFormatReader: non-ReaderException from reader: NotFoundException
[browser] MultiFormatReader: non-ReaderException from reader: NotFoundException
[browser] MultiFormatReader: non-ReaderException from reader: ChecksumException
[browser] MultiFormatReader: non-ReaderException from reader: NotFoundException
[browser] MultiFormatReader: non-ReaderException from reader: NotFoundException
[browser] MultiFormatReader: non-ReaderException from reader: FormatException
[browser] MultiFormatReader: non-ReaderException from reader: NotFoundException
[browser] MultiFormatReader: non-ReaderException from reader: NotFoundException
[browser] MultiFormatReader: non-ReaderException from reader: NotFoundException
[browser] MultiFormatReader: non-ReaderException from reader: ChecksumException
[browser] MultiFormatReader: non-ReaderException from reader: NotFoundException
[browser] MultiFormatReader: non-ReaderException from reader: NotFoundException
[browser] MultiFormatReader: non-ReaderException from reader: NotFoundException: Cannot determine Micro QR symbol dimension.
[browser] MultiFormatReader: non-ReaderException from reader: NotFoundException
[browser] MultiFormatReader: non-ReaderException from reader: NotFoundException
[browser] MultiFormatReader: non-ReaderException from reader: NotFoundException
[browser] MultiFormatReader: non-ReaderException from reader: ChecksumException
[browser] MultiFormatReader: non-ReaderException from reader: NotFoundException
[browser] MultiFormatReader: non-ReaderException from reader: NotFoundException
[browser] MultiFormatReader: non-ReaderException from reader: NotFoundException: No Micro QR finder pattern found.
[browser] MultiFormatReader: non-ReaderException from reader: NotFoundException
[browser] MultiFormatReader: non-ReaderException from reader: NotFoundException
[browser] MultiFormatReader: non-ReaderException from reader: NotFoundException
[browser] MultiFormatReader: non-ReaderException from reader: ChecksumException
 GET /login 200 in 41ms (next.js: 1.3ms, proxy.ts: 1.7ms, application-code: 38ms)
[browser] MultiFormatReader: non-ReaderException from reader: NotFoundException
[browser] MultiFormatReader: non-ReaderException from reader: NotFoundException
[browser] MultiFormatReader: non-ReaderException from reader: FormatException
[browser] MultiFormatReader: non-ReaderException from reader: NotFoundException
[browser] MultiFormatReader: non-ReaderException from reader: NotFoundException
[browser] MultiFormatReader: non-ReaderException from reader: NotFoundException
[browser] MultiFormatReader: non-ReaderException from reader: ChecksumException
[browser] MultiFormatReader: non-ReaderException from reader: NotFoundException
[browser] MultiFormatReader: non-ReaderException from reader: NotFoundException
[browser] MultiFormatReader: non-ReaderException from reader: NotFoundException: Cannot determine Micro QR symbol dimension.
[browser] MultiFormatReader: non-ReaderException from reader: NotFoundException
[browser] MultiFormatReader: non-ReaderException from reader: NotFoundException
[browser] MultiFormatReader: non-ReaderException from reader: NotFoundException
[browser] MultiFormatReader: non-ReaderException from reader: ChecksumException
[browser] MultiFormatReader: non-ReaderException from reader: NotFoundException
[browser] MultiFormatReader: non-ReaderException from reader: NotFoundException
[browser] MultiFormatReader: non-ReaderException from reader: NotFoundException: No Micro QR finder pattern found.
[browser] MultiFormatReader: non-ReaderException from reader: NotFoundException
[browser] MultiFormatReader: non-ReaderException from reader: NotFoundException
[browser] MultiFormatReader: non-ReaderException from reader: NotFoundException
[browser] MultiFormatReader: non-ReaderException from reader: ChecksumException
[browser] MultiFormatReader: non-ReaderException from reader: NotFoundException
[browser] MultiFormatReader: non-ReaderException from reader: NotFoundException
[browser] MultiFormatReader: non-ReaderException from reader: FormatException
[browser] MultiFormatReader: non-ReaderException from reader: NotFoundException
[browser] MultiFormatReader: non-ReaderException from reader: NotFoundException
[browser] MultiFormatReader: non-ReaderException from reader: NotFoundException
[browser] MultiFormatReader: non-ReaderException from reader: ChecksumException
[browser] MultiFormatReader: non-ReaderException from reader: NotFoundException
[browser] MultiFormatReader: non-ReaderException from reader: NotFoundException
[browser] MultiFormatReader: non-ReaderException from reader: NotFoundException: Cannot determine Micro QR symbol dimension.
[browser] MultiFormatReader: non-ReaderException from reader: NotFoundException
[browser] MultiFormatReader: non-ReaderException from reader: NotFoundException
[browser] MultiFormatReader: non-ReaderException from reader: NotFoundException
[browser] MultiFormatReader: non-ReaderException from reader: ChecksumException
[browser] MultiFormatReader: non-ReaderException from reader: NotFoundException
[browser] MultiFormatReader: non-ReaderException from reader: NotFoundException
[browser] MultiFormatReader: non-ReaderException from reader: NotFoundException: No Micro QR finder pattern found.
[browser] MultiFormatReader: non-ReaderException from reader: NotFoundException
[browser] MultiFormatReader: non-ReaderException from reader: NotFoundException
[browser] MultiFormatReader: non-ReaderException from reader: NotFoundException
[browser] MultiFormatReader: non-ReaderException from reader: ChecksumException
[browser] MultiFormatReader: non-ReaderException from reader: NotFoundException
[browser] MultiFormatReader: non-ReaderException from reader: NotFoundException
[browser] MultiFormatReader: non-ReaderException from reader: FormatException
[browser] MultiFormatReader: non-ReaderException from reader: NotFoundException
[browser] MultiFormatReader: non-ReaderException from reader: NotFoundException
[browser] MultiFormatReader: non-ReaderException from reader: NotFoundException
[browser] MultiFormatReader: non-ReaderException from reader: ChecksumException
[browser] MultiFormatReader: non-ReaderException from reader: NotFoundException
[browser] MultiFormatReader: non-ReaderException from reader: NotFoundException
[browser] MultiFormatReader: non-ReaderException from reader: NotFoundException: Cannot determine Micro QR symbol dimension.
[browser] MultiFormatReader: non-ReaderException from reader: NotFoundException
[browser] MultiFormatReader: non-ReaderException from reader: NotFoundException
[browser] MultiFormatReader: non-ReaderException from reader: NotFoundException
[browser] MultiFormatReader: non-ReaderException from reader: ChecksumException
[browser] MultiFormatReader: non-ReaderException from reader: NotFoundException
[browser] MultiFormatReader: non-ReaderException from reader: NotFoundException
[browser] MultiFormatReader: non-ReaderException from reader: NotFoundException: No Micro QR finder pattern found.
[browser] MultiFormatReader: non-ReaderException from reader: NotFoundException
[browser] MultiFormatReader: non-ReaderException from reader: NotFoundException
[browser] MultiFormatReader: non-ReaderException from reader: NotFoundException
[browser] MultiFormatReader: non-ReaderException from reader: ChecksumException
 GET /login 200 in 48ms (next.js: 1.3ms, proxy.ts: 1.8ms, application-code: 45ms)
[browser] MultiFormatReader: non-ReaderException from reader: NotFoundException
[browser] MultiFormatReader: non-ReaderException from reader: NotFoundException
[browser] MultiFormatReader: non-ReaderException from reader: FormatException
[browser] MultiFormatReader: non-ReaderException from reader: NotFoundException
[browser] MultiFormatReader: non-ReaderException from reader: NotFoundException
[browser] MultiFormatReader: non-ReaderException from reader: NotFoundException
[browser] MultiFormatReader: non-ReaderException from reader: ChecksumException
[browser] MultiFormatReader: non-ReaderException from reader: NotFoundException
[browser] MultiFormatReader: non-ReaderException from reader: NotFoundException
[browser] MultiFormatReader: non-ReaderException from reader: NotFoundException: Cannot determine Micro QR symbol dimension.
[browser] MultiFormatReader: non-ReaderException from reader: NotFoundException
[browser] MultiFormatReader: non-ReaderException from reader: NotFoundException
[browser] MultiFormatReader: non-ReaderException from reader: NotFoundException
[browser] MultiFormatReader: non-ReaderException from reader: ChecksumException
[browser] MultiFormatReader: non-ReaderException from reader: NotFoundException
[browser] MultiFormatReader: non-ReaderException from reader: NotFoundException
[browser] MultiFormatReader: non-ReaderException from reader: NotFoundException: No Micro QR finder pattern found.
[browser] MultiFormatReader: non-ReaderException from reader: NotFoundException
[browser] MultiFormatReader: non-ReaderException from reader: NotFoundException
[browser] MultiFormatReader: non-ReaderException from reader: NotFoundException
[browser] MultiFormatReader: non-ReaderException from reader: ChecksumException
[browser] MultiFormatReader: non-ReaderException from reader: NotFoundException
[browser] MultiFormatReader: non-ReaderException from reader: NotFoundException
[browser] MultiFormatReader: non-ReaderException from reader: FormatException
[browser] MultiFormatReader: non-ReaderException from reader: NotFoundException
[browser] MultiFormatReader: non-ReaderException from reader: NotFoundException
[browser] MultiFormatReader: non-ReaderException from reader: NotFoundException
[browser] MultiFormatReader: non-ReaderException from reader: ChecksumException
[browser] MultiFormatReader: non-ReaderException from reader: NotFoundException
[browser] MultiFormatReader: non-ReaderException from reader: NotFoundException
[browser] MultiFormatReader: non-ReaderException from reader: NotFoundException: Cannot determine Micro QR symbol dimension.
[browser] MultiFormatReader: non-ReaderException from reader: NotFoundException
[browser] MultiFormatReader: non-ReaderException from reader: NotFoundException
[browser] MultiFormatReader: non-ReaderException from reader: NotFoundException
[browser] MultiFormatReader: non-ReaderException from reader: ChecksumException
[browser] MultiFormatReader: non-ReaderException from reader: NotFoundException
[browser] MultiFormatReader: non-ReaderException from reader: NotFoundException
[browser] MultiFormatReader: non-ReaderException from reader: NotFoundException: No Micro QR finder pattern found.
[browser] MultiFormatReader: non-ReaderException from reader: NotFoundException
[browser] MultiFormatReader: non-ReaderException from reader: NotFoundException
[browser] MultiFormatReader: non-ReaderException from reader: NotFoundException
[browser] MultiFormatReader: non-ReaderException from reader: ChecksumException
 GET /login 200 in 41ms (next.js: 1.2ms, proxy.ts: 2.0ms, application-code: 37ms)
[browser] MultiFormatReader: non-ReaderException from reader: NotFoundException
[browser] MultiFormatReader: non-ReaderException from reader: NotFoundException
[browser] MultiFormatReader: non-ReaderException from reader: FormatException
[browser] MultiFormatReader: non-ReaderException from reader: NotFoundException
[browser] MultiFormatReader: non-ReaderException from reader: NotFoundException
[browser] MultiFormatReader: non-ReaderException from reader: NotFoundException
[browser] MultiFormatReader: non-ReaderException from reader: ChecksumException
[browser] MultiFormatReader: non-ReaderException from reader: NotFoundException
[browser] MultiFormatReader: non-ReaderException from reader: NotFoundException
[browser] MultiFormatReader: non-ReaderException from reader: NotFoundException: Cannot determine Micro QR symbol dimension.
[browser] MultiFormatReader: non-ReaderException from reader: NotFoundException
[browser] MultiFormatReader: non-ReaderException from reader: NotFoundException
[browser] MultiFormatReader: non-ReaderException from reader: NotFoundException
[browser] MultiFormatReader: non-ReaderException from reader: ChecksumException
[browser] MultiFormatReader: non-ReaderException from reader: NotFoundException
[browser] MultiFormatReader: non-ReaderException from reader: NotFoundException
[browser] MultiFormatReader: non-ReaderException from reader: NotFoundException: No Micro QR finder pattern found.
[browser] MultiFormatReader: non-ReaderException from reader: NotFoundException
[browser] MultiFormatReader: non-ReaderException from reader: NotFoundException
[browser] MultiFormatReader: non-ReaderException from reader: NotFoundException
[browser] MultiFormatReader: non-ReaderException from reader: ChecksumException
[browser] MultiFormatReader: non-ReaderException from reader: NotFoundException
[browser] MultiFormatReader: non-ReaderException from reader: NotFoundException
[browser] MultiFormatReader: non-ReaderException from reader: FormatException
[browser] MultiFormatReader: non-ReaderException from reader: NotFoundException
[browser] MultiFormatReader: non-ReaderException from reader: NotFoundException
[browser] MultiFormatReader: non-ReaderException from reader: NotFoundException
[browser] MultiFormatReader: non-ReaderException from reader: ChecksumException
[browser] MultiFormatReader: non-ReaderException from reader: NotFoundException
[browser] MultiFormatReader: non-ReaderException from reader: NotFoundException
[browser] MultiFormatReader: non-ReaderException from reader: NotFoundException: Cannot determine Micro QR symbol dimension.
[browser] MultiFormatReader: non-ReaderException from reader: NotFoundException
[browser] MultiFormatReader: non-ReaderException from reader: NotFoundException
[browser] MultiFormatReader: non-ReaderException from reader: NotFoundException
[browser] MultiFormatReader: non-ReaderException from reader: ChecksumException
[browser] MultiFormatReader: non-ReaderException from reader: NotFoundException
[browser] MultiFormatReader: non-ReaderException from reader: NotFoundException
[browser] MultiFormatReader: non-ReaderException from reader: NotFoundException: No Micro QR finder pattern found.
[browser] MultiFormatReader: non-ReaderException from reader: NotFoundException
[browser] MultiFormatReader: non-ReaderException from reader: NotFoundException
[browser] MultiFormatReader: non-ReaderException from reader: NotFoundException
[browser] MultiFormatReader: non-ReaderException from reader: ChecksumException
 GET /login 200 in 49ms (next.js: 1.4ms, proxy.ts: 3ms, application-code: 45ms)
[browser] MultiFormatReader: non-ReaderException from reader: NotFoundException
[browser] MultiFormatReader: non-ReaderException from reader: NotFoundException
[browser] MultiFormatReader: non-ReaderException from reader: FormatException
[browser] MultiFormatReader: non-ReaderException from reader: NotFoundException
[browser] MultiFormatReader: non-ReaderException from reader: NotFoundException
[browser] MultiFormatReader: non-ReaderException from reader: NotFoundException
[browser] MultiFormatReader: non-ReaderException from reader: ChecksumException
[browser] MultiFormatReader: non-ReaderException from reader: NotFoundException
[browser] MultiFormatReader: non-ReaderException from reader: NotFoundException
[browser] MultiFormatReader: non-ReaderException from reader: NotFoundException: Cannot determine Micro QR symbol dimension.
[browser] MultiFormatReader: non-ReaderException from reader: NotFoundException
[browser] MultiFormatReader: non-ReaderException from reader: NotFoundException
[browser] MultiFormatReader: non-ReaderException from reader: NotFoundException
[browser] MultiFormatReader: non-ReaderException from reader: ChecksumException
[browser] MultiFormatReader: non-ReaderException from reader: NotFoundException
[browser] MultiFormatReader: non-ReaderException from reader: NotFoundException
[browser] MultiFormatReader: non-ReaderException from reader: NotFoundException: No Micro QR finder pattern found.
[browser] MultiFormatReader: non-ReaderException from reader: NotFoundException
[browser] MultiFormatReader: non-ReaderException from reader: NotFoundException
[browser] MultiFormatReader: non-ReaderException from reader: NotFoundException
[browser] MultiFormatReader: non-ReaderException from reader: ChecksumException
[browser] MultiFormatReader: non-ReaderException from reader: NotFoundException
[browser] MultiFormatReader: non-ReaderException from reader: NotFoundException
[browser] MultiFormatReader: non-ReaderException from reader: FormatException
[browser] MultiFormatReader: non-ReaderException from reader: NotFoundException
[browser] MultiFormatReader: non-ReaderException from reader: NotFoundException
[browser] MultiFormatReader: non-ReaderException from reader: NotFoundException
[browser] MultiFormatReader: non-ReaderException from reader: ChecksumException
[browser] MultiFormatReader: non-ReaderException from reader: NotFoundException
[browser] MultiFormatReader: non-ReaderException from reader: NotFoundException
[browser] MultiFormatReader: non-ReaderException from reader: NotFoundException: Cannot determine Micro QR symbol dimension.
[browser] MultiFormatReader: non-ReaderException from reader: NotFoundException
[browser] MultiFormatReader: non-ReaderException from reader: NotFoundException
[browser] MultiFormatReader: non-ReaderException from reader: NotFoundException
[browser] MultiFormatReader: non-ReaderException from reader: ChecksumException
[browser] MultiFormatReader: non-ReaderException from reader: NotFoundException
[browser] MultiFormatReader: non-ReaderException from reader: NotFoundException
[browser] MultiFormatReader: non-ReaderException from reader: NotFoundException: No Micro QR finder pattern found.
[browser] MultiFormatReader: non-ReaderException from reader: NotFoundException
[browser] MultiFormatReader: non-ReaderException from reader: NotFoundException
[browser] MultiFormatReader: non-ReaderException from reader: NotFoundException
[browser] MultiFormatReader: non-ReaderException from reader: ChecksumException
[browser] MultiFormatReader: non-ReaderException from reader: NotFoundException
[browser] MultiFormatReader: non-ReaderException from reader: NotFoundException
[browser] MultiFormatReader: non-ReaderException from reader: FormatException
[browser] MultiFormatReader: non-ReaderException from reader: NotFoundException
[browser] MultiFormatReader: non-ReaderException from reader: NotFoundException
[browser] MultiFormatReader: non-ReaderException from reader: NotFoundException
[browser] MultiFormatReader: non-ReaderException from reader: ChecksumException
[browser] MultiFormatReader: non-ReaderException from reader: NotFoundException
[browser] MultiFormatReader: non-ReaderException from reader: NotFoundException
[browser] MultiFormatReader: non-ReaderException from reader: NotFoundException: Cannot determine Micro QR symbol dimension.
[browser] MultiFormatReader: non-ReaderException from reader: NotFoundException
[browser] MultiFormatReader: non-ReaderException from reader: NotFoundException
[browser] MultiFormatReader: non-ReaderException from reader: NotFoundException
[browser] MultiFormatReader: non-ReaderException from reader: ChecksumException
[browser] MultiFormatReader: non-ReaderException from reader: NotFoundException
[browser] MultiFormatReader: non-ReaderException from reader: NotFoundException
[browser] MultiFormatReader: non-ReaderException from reader: NotFoundException: No Micro QR finder pattern found.
[browser] MultiFormatReader: non-ReaderException from reader: NotFoundException
[browser] MultiFormatReader: non-ReaderException from reader: NotFoundException
[browser] MultiFormatReader: non-ReaderException from reader: NotFoundException
[browser] MultiFormatReader: non-ReaderException from reader: ChecksumException
 GET /login 200 in 92ms (next.js: 4ms, proxy.ts: 4ms, application-code: 84ms)
[browser] MultiFormatReader: non-ReaderException from reader: NotFoundException
[browser] MultiFormatReader: non-ReaderException from reader: NotFoundException
[browser] MultiFormatReader: non-ReaderException from reader: FormatException
[browser] MultiFormatReader: non-ReaderException from reader: NotFoundException
[browser] MultiFormatReader: non-ReaderException from reader: NotFoundException
[browser] MultiFormatReader: non-ReaderException from reader: NotFoundException
[browser] MultiFormatReader: non-ReaderException from reader: ChecksumException
[browser] MultiFormatReader: non-ReaderException from reader: NotFoundException
[browser] MultiFormatReader: non-ReaderException from reader: NotFoundException
[browser] MultiFormatReader: non-ReaderException from reader: NotFoundException: Cannot determine Micro QR symbol dimension.
[browser] MultiFormatReader: non-ReaderException from reader: NotFoundException
[browser] MultiFormatReader: non-ReaderException from reader: NotFoundException
[browser] MultiFormatReader: non-ReaderException from reader: NotFoundException
[browser] MultiFormatReader: non-ReaderException from reader: ChecksumException
[browser] MultiFormatReader: non-ReaderException from reader: NotFoundException
[browser] MultiFormatReader: non-ReaderException from reader: NotFoundException
[browser] MultiFormatReader: non-ReaderException from reader: NotFoundException: No Micro QR finder pattern found.
[browser] MultiFormatReader: non-ReaderException from reader: NotFoundException
[browser] MultiFormatReader: non-ReaderException from reader: NotFoundException
[browser] MultiFormatReader: non-ReaderException from reader: NotFoundException
[browser] MultiFormatReader: non-ReaderException from reader: ChecksumException
[browser] MultiFormatReader: non-ReaderException from reader: NotFoundException
[browser] MultiFormatReader: non-ReaderException from reader: NotFoundException
[browser] MultiFormatReader: non-ReaderException from reader: FormatException
[browser] MultiFormatReader: non-ReaderException from reader: NotFoundException
[browser] MultiFormatReader: non-ReaderException from reader: NotFoundException
[browser] MultiFormatReader: non-ReaderException from reader: NotFoundException
[browser] MultiFormatReader: non-ReaderException from reader: ChecksumException
[browser] MultiFormatReader: non-ReaderException from reader: NotFoundException
[browser] MultiFormatReader: non-ReaderException from reader: NotFoundException
[browser] MultiFormatReader: non-ReaderException from reader: NotFoundException: Cannot determine Micro QR symbol dimension.
[browser] MultiFormatReader: non-ReaderException from reader: NotFoundException
[browser] MultiFormatReader: non-ReaderException from reader: NotFoundException
[browser] MultiFormatReader: non-ReaderException from reader: NotFoundException
[browser] MultiFormatReader: non-ReaderException from reader: ChecksumException
[browser] MultiFormatReader: non-ReaderException from reader: NotFoundException
[browser] MultiFormatReader: non-ReaderException from reader: NotFoundException
[browser] MultiFormatReader: non-ReaderException from reader: NotFoundException: No Micro QR finder pattern found.
[browser] MultiFormatReader: non-ReaderException from reader: NotFoundException
[browser] MultiFormatReader: non-ReaderException from reader: NotFoundException
[browser] MultiFormatReader: non-ReaderException from reader: NotFoundException
[browser] MultiFormatReader: non-ReaderException from reader: ChecksumException
 GET /login 200 in 41ms (next.js: 1.4ms, proxy.ts: 1.6ms, application-code: 38ms)
[browser] MultiFormatReader: non-ReaderException from reader: NotFoundException
[browser] MultiFormatReader: non-ReaderException from reader: NotFoundException
[browser] MultiFormatReader: non-ReaderException from reader: FormatException
[browser] MultiFormatReader: non-ReaderException from reader: NotFoundException
[browser] MultiFormatReader: non-ReaderException from reader: NotFoundException
[browser] MultiFormatReader: non-ReaderException from reader: NotFoundException
[browser] MultiFormatReader: non-ReaderException from reader: ChecksumException
[browser] MultiFormatReader: non-ReaderException from reader: NotFoundException
[browser] MultiFormatReader: non-ReaderException from reader: NotFoundException
[browser] MultiFormatReader: non-ReaderException from reader: NotFoundException: Cannot determine Micro QR symbol dimension.
[browser] MultiFormatReader: non-ReaderException from reader: NotFoundException
[browser] MultiFormatReader: non-ReaderException from reader: NotFoundException
[browser] MultiFormatReader: non-ReaderException from reader: NotFoundException
[browser] MultiFormatReader: non-ReaderException from reader: ChecksumException
[browser] MultiFormatReader: non-ReaderException from reader: NotFoundException
[browser] MultiFormatReader: non-ReaderException from reader: NotFoundException
[browser] MultiFormatReader: non-ReaderException from reader: NotFoundException: No Micro QR finder pattern found.
[browser] MultiFormatReader: non-ReaderException from reader: NotFoundException
[browser] MultiFormatReader: non-ReaderException from reader: NotFoundException
[browser] MultiFormatReader: non-ReaderException from reader: NotFoundException
[browser] MultiFormatReader: non-ReaderException from reader: ChecksumException
[browser] MultiFormatReader: non-ReaderException from reader: NotFoundException
[browser] MultiFormatReader: non-ReaderException from reader: NotFoundException
[browser] MultiFormatReader: non-ReaderException from reader: FormatException
[browser] MultiFormatReader: non-ReaderException from reader: NotFoundException
[browser] MultiFormatReader: non-ReaderException from reader: NotFoundException
[browser] MultiFormatReader: non-ReaderException from reader: NotFoundException
[browser] MultiFormatReader: non-ReaderException from reader: ChecksumException
[browser] MultiFormatReader: non-ReaderException from reader: NotFoundException
[browser] MultiFormatReader: non-ReaderException from reader: NotFoundException
[browser] MultiFormatReader: non-ReaderException from reader: NotFoundException: Cannot determine Micro QR symbol dimension.
[browser] MultiFormatReader: non-ReaderException from reader: NotFoundException
[browser] MultiFormatReader: non-ReaderException from reader: NotFoundException
[browser] MultiFormatReader: non-ReaderException from reader: NotFoundException
[browser] MultiFormatReader: non-ReaderException from reader: ChecksumException
[browser] MultiFormatReader: non-ReaderException from reader: NotFoundException
[browser] MultiFormatReader: non-ReaderException from reader: NotFoundException
[browser] MultiFormatReader: non-ReaderException from reader: NotFoundException: No Micro QR finder pattern found.
[browser] MultiFormatReader: non-ReaderException from reader: NotFoundException
[browser] MultiFormatReader: non-ReaderException from reader: NotFoundException
[browser] MultiFormatReader: non-ReaderException from reader: NotFoundException
[browser] MultiFormatReader: non-ReaderException from reader: ChecksumException
 GET /login 200 in 56ms (next.js: 1.5ms, proxy.ts: 1.8ms, application-code: 53ms)
[browser] MultiFormatReader: non-ReaderException from reader: NotFoundException
[browser] MultiFormatReader: non-ReaderException from reader: NotFoundException
[browser] MultiFormatReader: non-ReaderException from reader: FormatException
[browser] MultiFormatReader: non-ReaderException from reader: NotFoundException
[browser] MultiFormatReader: non-ReaderException from reader: NotFoundException
[browser] MultiFormatReader: non-ReaderException from reader: NotFoundException
[browser] MultiFormatReader: non-ReaderException from reader: ChecksumException
[browser] MultiFormatReader: non-ReaderException from reader: NotFoundException
[browser] MultiFormatReader: non-ReaderException from reader: NotFoundException
[browser] MultiFormatReader: non-ReaderException from reader: NotFoundException: Cannot determine Micro QR symbol dimension.
[browser] MultiFormatReader: non-ReaderException from reader: NotFoundException
[browser] MultiFormatReader: non-ReaderException from reader: NotFoundException
[browser] MultiFormatReader: non-ReaderException from reader: NotFoundException
[browser] MultiFormatReader: non-ReaderException from reader: ChecksumException
[browser] MultiFormatReader: non-ReaderException from reader: NotFoundException
[browser] MultiFormatReader: non-ReaderException from reader: NotFoundException
[browser] MultiFormatReader: non-ReaderException from reader: NotFoundException: No Micro QR finder pattern found.
[browser] MultiFormatReader: non-ReaderException from reader: NotFoundException
[browser] MultiFormatReader: non-ReaderException from reader: NotFoundException
[browser] MultiFormatReader: non-ReaderException from reader: NotFoundException
[browser] MultiFormatReader: non-ReaderException from reader: ChecksumException
[browser] MultiFormatReader: non-ReaderException from reader: NotFoundException
[browser] MultiFormatReader: non-ReaderException from reader: NotFoundException
[browser] MultiFormatReader: non-ReaderException from reader: FormatException
[browser] MultiFormatReader: non-ReaderException from reader: NotFoundException
[browser] MultiFormatReader: non-ReaderException from reader: NotFoundException
[browser] MultiFormatReader: non-ReaderException from reader: NotFoundException
[browser] MultiFormatReader: non-ReaderException from reader: ChecksumException
[browser] MultiFormatReader: non-ReaderException from reader: NotFoundException
[browser] MultiFormatReader: non-ReaderException from reader: NotFoundException
[browser] MultiFormatReader: non-ReaderException from reader: NotFoundException: Cannot determine Micro QR symbol dimension.
[browser] MultiFormatReader: non-ReaderException from reader: NotFoundException
[browser] MultiFormatReader: non-ReaderException from reader: NotFoundException
[browser] MultiFormatReader: non-ReaderException from reader: NotFoundException
[browser] MultiFormatReader: non-ReaderException from reader: ChecksumException
[browser] MultiFormatReader: non-ReaderException from reader: NotFoundException
[browser] MultiFormatReader: non-ReaderException from reader: NotFoundException
[browser] MultiFormatReader: non-ReaderException from reader: NotFoundException: No Micro QR finder pattern found.
[browser] MultiFormatReader: non-ReaderException from reader: NotFoundException
[browser] MultiFormatReader: non-ReaderException from reader: NotFoundException
[browser] MultiFormatReader: non-ReaderException from reader: NotFoundException
[browser] MultiFormatReader: non-ReaderException from reader: ChecksumException
 GET /api/auth/csrf 200 in 16ms (next.js: 7ms, application-code: 9ms)
 POST /api/auth/signout 200 in 8ms (next.js: 2.0ms, application-code: 6ms)
 GET /login 200 in 62ms (next.js: 3ms, proxy.ts: 4ms, application-code: 56ms)
 GET /api/branding/logo 200 in 122ms (next.js: 27ms, application-code: 94ms)
 GET /api/auth/session 200 in 10ms (next.js: 5ms, application-code: 5ms)
 GET /api/auth/session 200 in 3ms (next.js: 0.9ms, application-code: 2ms)
 GET /api/auth/session 200 in 3ms (next.js: 1.1ms, application-code: 2ms)
 GET /api/auth/session 200 in 4ms (next.js: 0.7ms, application-code: 3ms)
 GET /login 200 in 56ms (next.js: 0.9ms, proxy.ts: 1.3ms, application-code: 54ms)
 GET /login 200 in 38ms (next.js: 1.6ms, proxy.ts: 3ms, application-code: 34ms)
 GET /login 200 in 49ms (next.js: 1.9ms, proxy.ts: 2ms, application-code: 45ms)
 GET /login 200 in 39ms (next.js: 1.2ms, proxy.ts: 2.0ms, application-code: 36ms)
 GET /login 200 in 38ms (next.js: 1.2ms, proxy.ts: 1.7ms, application-code: 35ms)
 GET /login 200 in 50ms (next.js: 8ms, proxy.ts: 4ms, application-code: 38ms)
 GET /api/auth/providers 200 in 9ms (next.js: 6ms, application-code: 3ms)
 GET /api/auth/csrf 200 in 11ms (next.js: 0.9ms, application-code: 10ms)
 POST /api/auth/callback/credentials? 200 in 83ms (next.js: 1.0ms, application-code: 82ms)
 GET /api/auth/session 200 in 5ms (next.js: 1.1ms, application-code: 4ms)
 GET /api/auth/session 200 in 8ms (next.js: 2ms, application-code: 5ms)
 GET /api/auth/session 200 in 6ms (next.js: 1.3ms, application-code: 5ms)
 GET /packages 200 in 85ms (next.js: 8ms, proxy.ts: 9ms, application-code: 69ms)
 GET /packages 200 in 88ms (next.js: 2ms, proxy.ts: 21ms, application-code: 64ms)
 GET /packages 200 in 30ms (next.js: 1.2ms, proxy.ts: 3ms, application-code: 26ms)
 GET /login 200 in 32ms (next.js: 1.0ms, proxy.ts: 1.8ms, application-code: 29ms)
 GET /login 200 in 37ms (next.js: 1.0ms, proxy.ts: 1.8ms, application-code: 34ms)
 GET /login 200 in 48ms (next.js: 1.2ms, proxy.ts: 1.9ms, application-code: 45ms)
 GET /login 200 in 48ms (next.js: 1.4ms, proxy.ts: 2ms, application-code: 44ms)
 GET /login 200 in 40ms (next.js: 1.0ms, proxy.ts: 1.6ms, application-code: 37ms)
 GET /api/auth/csrf 200 in 16ms (next.js: 7ms, application-code: 9ms)
 POST /api/auth/signout 200 in 7ms (next.js: 1.6ms, application-code: 5ms)
 GET /login 200 in 76ms (next.js: 2ms, proxy.ts: 4ms, application-code: 69ms)
 GET /api/branding/logo 200 in 85ms (next.js: 7ms, application-code: 79ms)
 GET /api/auth/session 200 in 12ms (next.js: 1.6ms, application-code: 10ms)
 GET /api/auth/session 200 in 5ms (next.js: 1.9ms, application-code: 3ms)
 GET /api/auth/session 200 in 8ms (next.js: 3ms, application-code: 5ms)
 GET /api/auth/session 200 in 5ms (next.js: 1.6ms, application-code: 4ms)
 GET /login 200 in 39ms (next.js: 1.3ms, proxy.ts: 1.9ms, application-code: 35ms)
 GET /login 200 in 43ms (next.js: 1.7ms, proxy.ts: 2ms, application-code: 39ms)
 GET /login 200 in 83ms (next.js: 5ms, proxy.ts: 6ms, application-code: 72ms)
 GET /login 200 in 42ms (next.js: 3ms, proxy.ts: 3ms, application-code: 36ms)
 GET /api/auth/providers 200 in 5ms (next.js: 2ms, application-code: 3ms)
 GET /api/auth/csrf 200 in 3ms (next.js: 1.0ms, application-code: 1.8ms)
 POST /api/auth/callback/credentials? 200 in 72ms (next.js: 0.9ms, application-code: 71ms)
 GET /api/auth/session 200 in 4ms (next.js: 0.8ms, application-code: 3ms)
 GET /api/auth/session 200 in 4ms (next.js: 0.7ms, application-code: 3ms)
 GET /api/auth/session 200 in 5ms (next.js: 0.8ms, application-code: 4ms)
 GET /my-shipments 200 in 106ms (next.js: 8ms, proxy.ts: 6ms, application-code: 92ms)
 GET /my-shipments 200 in 87ms (next.js: 7ms, proxy.ts: 19ms, application-code: 61ms)
 GET /login 200 in 37ms (next.js: 1.1ms, proxy.ts: 1.8ms, application-code: 34ms)
 GET /login 200 in 38ms (next.js: 1.1ms, proxy.ts: 1.8ms, application-code: 35ms)
 GET /login 200 in 32ms (next.js: 1.1ms, proxy.ts: 1.3ms, application-code: 30ms)
 GET /my-shipments/cmukrnhuf00010bw6ij0gsk6m 200 in 113ms (next.js: 11ms, proxy.ts: 6ms, application-code: 96ms)
 GET /login 200 in 37ms (next.js: 2ms, proxy.ts: 4ms, application-code: 31ms)
 GET /login 200 in 45ms (next.js: 2ms, proxy.ts: 2ms, application-code: 41ms)
 GET /login 200 in 32ms (next.js: 1.0ms, proxy.ts: 1.4ms, application-code: 30ms)
 GET /login 200 in 43ms (next.js: 1.2ms, proxy.ts: 1.6ms, application-code: 41ms)
 GET /login 200 in 36ms (next.js: 1.4ms, proxy.ts: 1.8ms, application-code: 32ms)
 GET /login 200 in 38ms (next.js: 1.2ms, proxy.ts: 1.7ms, application-code: 35ms)
 GET /login 200 in 38ms (next.js: 1.2ms, proxy.ts: 1.9ms, application-code: 35ms)
 GET /login 200 in 46ms (next.js: 1.1ms, proxy.ts: 1.7ms, application-code: 43ms)
 POST /api/packages/cmukrnhuf00010bw6ij0gsk6m/request-delivery 201 in 211ms (next.js: 16ms, application-code: 194ms)
 GET /login 200 in 37ms (next.js: 1.1ms, proxy.ts: 1.7ms, application-code: 35ms)
 GET /login 200 in 54ms (next.js: 2ms, proxy.ts: 3ms, application-code: 48ms)
 GET /login 200 in 43ms (next.js: 1.1ms, proxy.ts: 2.0ms, application-code: 40ms)
 GET /login 200 in 41ms (next.js: 1.4ms, proxy.ts: 1.7ms, application-code: 38ms)
 GET /login 200 in 40ms (next.js: 1.1ms, proxy.ts: 1.7ms, application-code: 37ms)
 GET /login 200 in 40ms (next.js: 1.1ms, proxy.ts: 1.6ms, application-code: 37ms)
 GET /login 200 in 43ms (next.js: 1.1ms, proxy.ts: 3ms, application-code: 39ms)
 GET /login 200 in 41ms (next.js: 1.1ms, proxy.ts: 1.5ms, application-code: 38ms)
 GET /login 200 in 36ms (next.js: 1.2ms, proxy.ts: 1.7ms, application-code: 33ms)
 GET /login 200 in 38ms (next.js: 1.2ms, proxy.ts: 1.7ms, application-code: 35ms)
 GET /login 200 in 35ms (next.js: 1.2ms, proxy.ts: 1.7ms, application-code: 32ms)
 GET /login 200 in 40ms (next.js: 1.1ms, proxy.ts: 1.8ms, application-code: 37ms)
 GET /api/auth/csrf 200 in 5ms (next.js: 2ms, application-code: 2ms)
 GET /login 200 in 49ms (next.js: 2ms, proxy.ts: 2ms, application-code: 45ms)
 POST /api/auth/signout 200 in 24ms (next.js: 1.0ms, application-code: 23ms)
 GET /login 200 in 43ms (next.js: 1.6ms, proxy.ts: 2ms, application-code: 40ms)
 GET /api/branding/logo 200 in 42ms (next.js: 3ms, application-code: 39ms)
 GET /api/auth/session 200 in 4ms (next.js: 1.7ms, application-code: 1.8ms)
 GET /api/auth/session 200 in 3ms (next.js: 1.6ms, application-code: 1.7ms)
 GET /api/auth/session 200 in 6ms (next.js: 4ms, application-code: 1.6ms)
 GET /api/auth/session 200 in 2ms (next.js: 0.7ms, application-code: 1.4ms)
 GET /login 200 in 48ms (next.js: 1.1ms, proxy.ts: 1.4ms, application-code: 46ms)
 GET /login 200 in 42ms (next.js: 1.2ms, proxy.ts: 1.6ms, application-code: 40ms)
 GET /login 200 in 66ms (next.js: 1.5ms, proxy.ts: 1.7ms, application-code: 63ms)
 GET /login 200 in 41ms (next.js: 1.1ms, proxy.ts: 1.7ms, application-code: 38ms)
 GET /login 200 in 38ms (next.js: 1.1ms, proxy.ts: 1.6ms, application-code: 36ms)
 GET /login 200 in 33ms (next.js: 1.1ms, proxy.ts: 1.6ms, application-code: 31ms)
 GET /login 200 in 81ms (next.js: 2ms, proxy.ts: 4ms, application-code: 75ms)
 GET /api/auth/providers 200 in 13ms (next.js: 8ms, application-code: 5ms)
 GET /api/auth/csrf 200 in 4ms (next.js: 1.7ms, application-code: 3ms)
 POST /api/auth/callback/credentials? 200 in 79ms (next.js: 1.1ms, application-code: 77ms)
 GET /api/auth/session 200 in 4ms (next.js: 0.8ms, application-code: 3ms)
 GET /api/auth/session 200 in 4ms (next.js: 0.8ms, application-code: 3ms)
 GET /api/auth/session 200 in 8ms (next.js: 1.9ms, application-code: 6ms)
 GET /packages 200 in 68ms (next.js: 4ms, proxy.ts: 8ms, application-code: 56ms)
 GET /packages 200 in 94ms (next.js: 10ms, proxy.ts: 12ms, application-code: 72ms)
 GET /login 200 in 37ms (next.js: 1.1ms, proxy.ts: 1.7ms, application-code: 34ms)
 GET /packages 200 in 34ms (next.js: 1.3ms, proxy.ts: 3ms, application-code: 29ms)
 GET /login 200 in 41ms (next.js: 1.6ms, proxy.ts: 2ms, application-code: 38ms)
 GET /login 200 in 44ms (next.js: 1.3ms, proxy.ts: 2ms, application-code: 41ms)
 GET /login 200 in 37ms (next.js: 1.1ms, proxy.ts: 1.6ms, application-code: 34ms)
 GET /login 200 in 35ms (next.js: 1.2ms, proxy.ts: 1.6ms, application-code: 33ms)
 GET /login 200 in 42ms (next.js: 1.1ms, proxy.ts: 1.6ms, application-code: 40ms)
 GET /login 200 in 36ms (next.js: 1.2ms, proxy.ts: 1.7ms, application-code: 33ms)
 GET /login 200 in 58ms (next.js: 1.1ms, proxy.ts: 1.5ms, application-code: 55ms)
 GET /login 200 in 37ms (next.js: 1.4ms, proxy.ts: 1.7ms, application-code: 34ms)
 GET /login 200 in 31ms (next.js: 1.4ms, proxy.ts: 1.4ms, application-code: 28ms)
 GET /login 200 in 42ms (next.js: 1.2ms, proxy.ts: 2ms, application-code: 39ms)
 GET /login 200 in 38ms (next.js: 1.1ms, proxy.ts: 1.7ms, application-code: 35ms)
 GET /login 200 in 46ms (next.js: 1.3ms, proxy.ts: 1.9ms, application-code: 43ms)
 GET /login 200 in 35ms (next.js: 1.0ms, proxy.ts: 1.6ms, application-code: 33ms)
 GET /login 200 in 38ms (next.js: 1.1ms, proxy.ts: 1.7ms, application-code: 35ms)
 GET /login 200 in 47ms (next.js: 1.4ms, proxy.ts: 2ms, application-code: 44ms)
 GET /login 200 in 37ms (next.js: 1.2ms, proxy.ts: 2.0ms, application-code: 34ms)
 GET /login 200 in 44ms (next.js: 1.6ms, proxy.ts: 1.9ms, application-code: 40ms)
 GET /login 200 in 36ms (next.js: 1.1ms, proxy.ts: 1.8ms, application-code: 34ms)
 GET /login 200 in 40ms (next.js: 1.2ms, proxy.ts: 1.7ms, application-code: 37ms)
 GET /login 200 in 41ms (next.js: 1.0ms, proxy.ts: 1.6ms, application-code: 39ms)
 GET /login 200 in 48ms (next.js: 2ms, proxy.ts: 2ms, application-code: 43ms)
 GET /login 200 in 41ms (next.js: 1.5ms, proxy.ts: 1.9ms, application-code: 38ms)
 GET /login 200 in 41ms (next.js: 1.1ms, proxy.ts: 1.7ms, application-code: 38ms)
 GET /login 200 in 39ms (next.js: 1.2ms, proxy.ts: 1.8ms, application-code: 36ms)
 GET /login 200 in 40ms (next.js: 1.1ms, proxy.ts: 1.9ms, application-code: 37ms)
 GET /login 200 in 41ms (next.js: 1.1ms, proxy.ts: 3ms, application-code: 37ms)
 GET /login 200 in 40ms (next.js: 1.3ms, proxy.ts: 1.8ms, application-code: 37ms)
 GET /login 200 in 64ms (next.js: 1.2ms, proxy.ts: 1.7ms, application-code: 61ms)
 GET /driver 200 in 620ms (next.js: 273ms, proxy.ts: 3ms, application-code: 344ms)
 GET /login 200 in 41ms (next.js: 2.0ms, proxy.ts: 2ms, application-code: 37ms)
 GET /login 200 in 37ms (next.js: 1.1ms, proxy.ts: 1.5ms, application-code: 35ms)
 GET /login 200 in 37ms (next.js: 1.2ms, proxy.ts: 1.7ms, application-code: 35ms)
 GET /login 200 in 35ms (next.js: 1.1ms, proxy.ts: 1.6ms, application-code: 32ms)
 GET /login 200 in 42ms (next.js: 1.2ms, proxy.ts: 1.7ms, application-code: 39ms)
 GET /login 200 in 41ms (next.js: 1.2ms, proxy.ts: 1.6ms, application-code: 38ms)
 GET /login 200 in 39ms (next.js: 1.1ms, proxy.ts: 1.5ms, application-code: 36ms)
 GET /login 200 in 71ms (next.js: 1.1ms, proxy.ts: 1.5ms, application-code: 68ms)
 GET /login 200 in 40ms (next.js: 1.2ms, proxy.ts: 1.6ms, application-code: 37ms)
 GET /login 200 in 43ms (next.js: 1.3ms, proxy.ts: 2ms, application-code: 40ms)
 GET /login 200 in 39ms (next.js: 1.1ms, proxy.ts: 1.8ms, application-code: 36ms)
 GET /login 200 in 42ms (next.js: 1.0ms, proxy.ts: 1.5ms, application-code: 40ms)
 PATCH /api/deliveries/cmukrw8qp00090bcce7flgb3j 200 in 1304ms (next.js: 645ms, application-code: 659ms)
 GET /login 200 in 38ms (next.js: 1.3ms, proxy.ts: 1.8ms, application-code: 35ms)
 GET /login 200 in 38ms (next.js: 1.1ms, proxy.ts: 1.7ms, application-code: 35ms)
 GET /login 200 in 45ms (next.js: 1.2ms, proxy.ts: 1.8ms, application-code: 42ms)
 GET /login 200 in 33ms (next.js: 0.9ms, proxy.ts: 1.5ms, application-code: 30ms)
 GET /login 200 in 65ms (next.js: 1.6ms, proxy.ts: 3ms, application-code: 61ms)
 GET /login 200 in 36ms (next.js: 1.2ms, proxy.ts: 1.8ms, application-code: 33ms)
 GET /login 200 in 39ms (next.js: 1.1ms, proxy.ts: 1.8ms, application-code: 36ms)
 GET /login 200 in 36ms (next.js: 1.0ms, proxy.ts: 1.5ms, application-code: 34ms)
 GET /login 200 in 38ms (next.js: 1.3ms, proxy.ts: 1.7ms, application-code: 35ms)
 GET /login 200 in 42ms (next.js: 1.5ms, proxy.ts: 1.7ms, application-code: 39ms)
 GET /login 200 in 37ms (next.js: 1.3ms, proxy.ts: 1.7ms, application-code: 34ms)
 GET /login 200 in 38ms (next.js: 1.2ms, proxy.ts: 1.7ms, application-code: 35ms)
 GET /login 200 in 40ms (next.js: 1.4ms, proxy.ts: 1.7ms, application-code: 37ms)
 GET /login 200 in 37ms (next.js: 1.1ms, proxy.ts: 1.6ms, application-code: 34ms)
 GET /login 200 in 38ms (next.js: 1.2ms, proxy.ts: 1.7ms, application-code: 35ms)
 GET /login 200 in 40ms (next.js: 1.1ms, proxy.ts: 1.6ms, application-code: 37ms)
 GET /login 200 in 36ms (next.js: 1.1ms, proxy.ts: 1.7ms, application-code: 34ms)
 GET /login 200 in 38ms (next.js: 1.1ms, proxy.ts: 1.8ms, application-code: 35ms)
 GET /login 200 in 41ms (next.js: 3ms, proxy.ts: 3ms, application-code: 35ms)
 GET /api/auth/csrf 200 in 16ms (next.js: 8ms, application-code: 8ms)
 POST /api/auth/signout 200 in 6ms (next.js: 1.3ms, application-code: 5ms)
 GET /login 200 in 77ms (next.js: 2ms, proxy.ts: 5ms, application-code: 70ms)
 GET /api/branding/logo 200 in 111ms (next.js: 12ms, application-code: 98ms)
 GET /api/auth/session 200 in 9ms (next.js: 1.8ms, application-code: 7ms)
 GET /api/auth/session 200 in 4ms (next.js: 1.4ms, application-code: 3ms)
 GET /api/auth/session 200 in 4ms (next.js: 1.4ms, application-code: 2ms)
 GET /api/auth/session 200 in 7ms (next.js: 2ms, application-code: 5ms)
 GET /login 200 in 58ms (next.js: 1.6ms, proxy.ts: 2ms, application-code: 54ms)
 GET /login 200 in 63ms (next.js: 1.5ms, proxy.ts: 2.0ms, application-code: 60ms)
 GET /login 200 in 59ms (next.js: 1.2ms, proxy.ts: 1.5ms, application-code: 56ms)
 GET /login 200 in 48ms (next.js: 1.6ms, proxy.ts: 1.6ms, application-code: 45ms)
 GET /login 200 in 55ms (next.js: 1.5ms, proxy.ts: 3ms, application-code: 51ms)
 GET /login 200 in 51ms (next.js: 1.2ms, proxy.ts: 1.6ms, application-code: 48ms)
 GET /login 200 in 42ms (next.js: 1.3ms, proxy.ts: 1.9ms, application-code: 39ms)
 GET /login 200 in 39ms (next.js: 1.0ms, proxy.ts: 1.6ms, application-code: 37ms)
 GET /login 200 in 44ms (next.js: 1.3ms, proxy.ts: 1.6ms, application-code: 41ms)
 GET /login 200 in 58ms (next.js: 3ms, proxy.ts: 2ms, application-code: 53ms)
 GET /login 200 in 49ms (next.js: 1.3ms, proxy.ts: 1.6ms, application-code: 46ms)
 GET /login 200 in 92ms (next.js: 12ms, proxy.ts: 14ms, application-code: 67ms)
 GET /login 200 in 59ms (next.js: 1.1ms, proxy.ts: 1.3ms, application-code: 57ms)
 GET /login 200 in 47ms (next.js: 2ms, proxy.ts: 1.5ms, application-code: 43ms)
 GET /login 200 in 36ms (next.js: 1.1ms, proxy.ts: 1.7ms, application-code: 33ms)
 GET /login 200 in 36ms (next.js: 1.1ms, proxy.ts: 1.4ms, application-code: 34ms)
 GET /login 200 in 42ms (next.js: 1.1ms, proxy.ts: 1.6ms, application-code: 40ms)
 GET /login 200 in 43ms (next.js: 1.1ms, proxy.ts: 1.9ms, application-code: 40ms)
 GET /login 200 in 37ms (next.js: 1.2ms, proxy.ts: 1.6ms, application-code: 35ms)
 GET /login 200 in 38ms (next.js: 1.2ms, proxy.ts: 1.6ms, application-code: 36ms)
 GET /login 200 in 87ms (next.js: 3ms, proxy.ts: 6ms, application-code: 78ms)
 GET /login 200 in 61ms (next.js: 1.7ms, proxy.ts: 5ms, application-code: 55ms)
 GET /login 200 in 35ms (next.js: 1.3ms, proxy.ts: 1.6ms, application-code: 32ms)
 GET /login 200 in 37ms (next.js: 1.1ms, proxy.ts: 1.7ms, application-code: 34ms)
 GET /login 200 in 36ms (next.js: 1.3ms, proxy.ts: 1.7ms, application-code: 33ms)
 GET /login 200 in 42ms (next.js: 1.2ms, proxy.ts: 1.5ms, application-code: 40ms)
 GET /login 200 in 37ms (next.js: 1.1ms, proxy.ts: 1.7ms, application-code: 34ms)
 GET /login 200 in 32ms (next.js: 1.0ms, proxy.ts: 1.6ms, application-code: 30ms)
 GET /login 200 in 56ms (next.js: 1.0ms, proxy.ts: 1.7ms, application-code: 54ms)
 GET /login 200 in 37ms (next.js: 1.2ms, proxy.ts: 1.6ms, application-code: 34ms)
 GET /login 200 in 39ms (next.js: 1.5ms, proxy.ts: 1.7ms, application-code: 36ms)
 GET /login 200 in 44ms (next.js: 1.3ms, proxy.ts: 1.8ms, application-code: 41ms)
 GET /login 200 in 63ms (next.js: 1.0ms, proxy.ts: 1.5ms, application-code: 60ms)
 GET /login 200 in 37ms (next.js: 1.3ms, proxy.ts: 1.5ms, application-code: 34ms)
 GET /login 200 in 37ms (next.js: 1.2ms, proxy.ts: 1.7ms, application-code: 34ms)
 GET /login 200 in 38ms (next.js: 1.3ms, proxy.ts: 2ms, application-code: 35ms)
 GET /login 200 in 42ms (next.js: 1.2ms, proxy.ts: 1.9ms, application-code: 39ms)
 GET /login 200 in 48ms (next.js: 2ms, proxy.ts: 2ms, application-code: 44ms)
 GET /login 200 in 37ms (next.js: 1.1ms, proxy.ts: 1.6ms, application-code: 34ms)
 GET /login 200 in 46ms (next.js: 1.6ms, proxy.ts: 3ms, application-code: 42ms)
 GET /login 200 in 43ms (next.js: 1.3ms, proxy.ts: 1.7ms, application-code: 40ms)
 GET /login 200 in 46ms (next.js: 1.8ms, proxy.ts: 1.5ms, application-code: 42ms)
 GET /login 200 in 47ms (next.js: 1.4ms, proxy.ts: 2ms, application-code: 43ms)
 GET /login 200 in 40ms (next.js: 1.2ms, proxy.ts: 1.5ms, application-code: 37ms)
 GET /login 200 in 41ms (next.js: 1.3ms, proxy.ts: 1.4ms, application-code: 38ms)
 GET /login 200 in 42ms (next.js: 1.5ms, proxy.ts: 1.8ms, application-code: 38ms)
 GET /login 200 in 38ms (next.js: 1.1ms, proxy.ts: 1.8ms, application-code: 35ms)
 GET /login 200 in 39ms (next.js: 1.4ms, proxy.ts: 1.5ms, application-code: 36ms)
 GET /login 200 in 31ms (next.js: 1.0ms, proxy.ts: 1.4ms, application-code: 29ms)
 GET /login 200 in 35ms (next.js: 1.1ms, proxy.ts: 1.5ms, application-code: 33ms)
 GET /login 200 in 77ms (next.js: 3ms, proxy.ts: 4ms, application-code: 71ms)
 GET /login 200 in 37ms (next.js: 4ms, proxy.ts: 2ms, application-code: 31ms)
 GET /login 200 in 41ms (next.js: 1.2ms, proxy.ts: 1.7ms, application-code: 39ms)
 GET /login 200 in 44ms (next.js: 1.7ms, proxy.ts: 2ms, application-code: 40ms)
 GET /login 200 in 66ms (next.js: 1.8ms, proxy.ts: 2ms, application-code: 62ms)
 GET /login 200 in 42ms (next.js: 1.1ms, proxy.ts: 1.5ms, application-code: 40ms)
 GET /login 200 in 38ms (next.js: 1.3ms, proxy.ts: 1.6ms, application-code: 35ms)
 GET /login 200 in 38ms (next.js: 1.2ms, proxy.ts: 1.7ms, application-code: 35ms)
 GET /login 200 in 51ms (next.js: 4ms, proxy.ts: 8ms, application-code: 39ms)
 GET /login 200 in 42ms (next.js: 1.2ms, proxy.ts: 1.8ms, application-code: 39ms)
 GET /login 200 in 37ms (next.js: 1.0ms, proxy.ts: 1.9ms, application-code: 34ms)
 GET /login 200 in 39ms (next.js: 1.1ms, proxy.ts: 1.5ms, application-code: 37ms)
 GET /login 200 in 90ms (next.js: 1.6ms, proxy.ts: 2ms, application-code: 86ms)
 GET /login 200 in 37ms (next.js: 1.0ms, proxy.ts: 1.5ms, application-code: 35ms)
 GET /login 200 in 36ms (next.js: 1.2ms, proxy.ts: 1.7ms, application-code: 33ms)
 GET /login 200 in 37ms (next.js: 1.2ms, proxy.ts: 1.6ms, application-code: 35ms)
 GET /login 200 in 37ms (next.js: 1.2ms, proxy.ts: 1.5ms, application-code: 34ms)
 GET /login 200 in 43ms (next.js: 1.6ms, proxy.ts: 1.8ms, application-code: 39ms)
 GET /login 200 in 38ms (next.js: 1.1ms, proxy.ts: 1.6ms, application-code: 36ms)
 GET /login 200 in 47ms (next.js: 1.7ms, proxy.ts: 3ms, application-code: 43ms)
 GET /login 200 in 40ms (next.js: 1.0ms, proxy.ts: 1.6ms, application-code: 38ms)
 GET /login 200 in 37ms (next.js: 1.2ms, proxy.ts: 1.6ms, application-code: 34ms)
 GET /login 200 in 37ms (next.js: 1.0ms, proxy.ts: 1.5ms, application-code: 34ms)
 GET /login 200 in 41ms (next.js: 1.3ms, proxy.ts: 2ms, application-code: 38ms)
 GET /login 200 in 36ms (next.js: 1.1ms, proxy.ts: 1.6ms, application-code: 33ms)
 GET /login 200 in 35ms (next.js: 1.0ms, proxy.ts: 1.6ms, application-code: 33ms)
 GET /login 200 in 40ms (next.js: 1.4ms, proxy.ts: 1.7ms, application-code: 37ms)
 GET /login 200 in 38ms (next.js: 1.2ms, proxy.ts: 1.6ms, application-code: 36ms)
 GET /login 200 in 40ms (next.js: 1.3ms, proxy.ts: 2.0ms, application-code: 37ms)
 GET /login 200 in 34ms (next.js: 1.1ms, proxy.ts: 1.6ms, application-code: 31ms)
 GET /login 200 in 42ms (next.js: 1.5ms, proxy.ts: 1.7ms, application-code: 39ms)
 GET /login 200 in 72ms (next.js: 3ms, proxy.ts: 3ms, application-code: 66ms)
 GET /login 200 in 36ms (next.js: 1.4ms, proxy.ts: 1.5ms, application-code: 33ms)
 GET /login 200 in 36ms (next.js: 1.1ms, proxy.ts: 1.9ms, application-code: 33ms)
 GET /login 200 in 37ms (next.js: 1.3ms, proxy.ts: 1.6ms, application-code: 34ms)
 GET /login 200 in 39ms (next.js: 1.3ms, proxy.ts: 1.9ms, application-code: 36ms)
 GET /login 200 in 37ms (next.js: 1.1ms, proxy.ts: 1.6ms, application-code: 34ms)
 GET /login 200 in 43ms (next.js: 1.3ms, proxy.ts: 1.7ms, application-code: 40ms)
 GET /login 200 in 50ms (next.js: 2ms, proxy.ts: 1.9ms, application-code: 46ms)
 GET /login 200 in 56ms (next.js: 1.0ms, proxy.ts: 1.5ms, application-code: 54ms)
 GET /login 200 in 40ms (next.js: 1.3ms, proxy.ts: 1.9ms, application-code: 37ms)
 GET /login 200 in 41ms (next.js: 2ms, proxy.ts: 1.5ms, application-code: 37ms)
 GET /login 200 in 37ms (next.js: 1.1ms, proxy.ts: 2ms, application-code: 34ms)
 GET /login 200 in 48ms (next.js: 1.1ms, proxy.ts: 1.6ms, application-code: 45ms)
 GET /login 200 in 49ms (next.js: 2ms, proxy.ts: 3ms, application-code: 44ms)
 GET /login 200 in 41ms (next.js: 3ms, proxy.ts: 5ms, application-code: 34ms)
 GET /login 200 in 45ms (next.js: 1.7ms, proxy.ts: 2ms, application-code: 41ms)
 GET /login 200 in 43ms (next.js: 1.2ms, proxy.ts: 1.8ms, application-code: 40ms)
 GET /login 200 in 41ms (next.js: 1.3ms, proxy.ts: 1.8ms, application-code: 38ms)
 GET /login 200 in 39ms (next.js: 1.0ms, proxy.ts: 1.6ms, application-code: 37ms)
 GET /login 200 in 43ms (next.js: 1.1ms, proxy.ts: 3ms, application-code: 39ms)
 GET /login 200 in 39ms (next.js: 1.1ms, proxy.ts: 1.6ms, application-code: 37ms)
 GET /login 200 in 43ms (next.js: 1.3ms, proxy.ts: 2ms, application-code: 40ms)
 GET /login 200 in 43ms (next.js: 1.4ms, proxy.ts: 1.9ms, application-code: 40ms)
 GET /login 200 in 42ms (next.js: 1.1ms, proxy.ts: 1.4ms, application-code: 40ms)
 GET /login 200 in 41ms (next.js: 1.2ms, proxy.ts: 1.6ms, application-code: 38ms)
 GET /login 200 in 38ms (next.js: 1.0ms, proxy.ts: 1.5ms, application-code: 35ms)
 GET /login 200 in 40ms (next.js: 1.1ms, proxy.ts: 1.7ms, application-code: 37ms)
 GET /login 200 in 42ms (next.js: 1.6ms, proxy.ts: 1.9ms, application-code: 38ms)
 GET /login 200 in 38ms (next.js: 1.0ms, proxy.ts: 2ms, application-code: 35ms)
 GET /login 200 in 38ms (next.js: 1.2ms, proxy.ts: 1.7ms, application-code: 35ms)
 GET /login 200 in 40ms (next.js: 1.1ms, proxy.ts: 1.7ms, application-code: 37ms)
 GET /login 200 in 37ms (next.js: 1.3ms, proxy.ts: 1.6ms, application-code: 34ms)
 GET /login 200 in 45ms (next.js: 3ms, proxy.ts: 4ms, application-code: 37ms)
 GET /login 200 in 35ms (next.js: 1.1ms, proxy.ts: 1.6ms, application-code: 33ms)
 GET /login 200 in 52ms (next.js: 1.4ms, proxy.ts: 1.9ms, application-code: 49ms)
 GET /login 200 in 37ms (next.js: 1.1ms, proxy.ts: 1.3ms, application-code: 35ms)
 GET /login 200 in 41ms (next.js: 2ms, proxy.ts: 5ms, application-code: 34ms)
 GET /login 200 in 39ms (next.js: 1.2ms, proxy.ts: 1.6ms, application-code: 36ms)
