
> customer-portal-bhf@0.1.0 dev
> next dev -p 3002

▲ Next.js 16.3.3 (Turbopack)
- Local:         http://localhost:3002
- Network:       http://192.168.1.91:3002
- Environments: .env
✓ Ready in 346ms
✓ Running next.config.ts took 19ms
[manifest] scheduler started, checking every 30s

 GET /login 200 in 1461ms (next.js: 1225ms, proxy.ts: 6ms, application-code: 230ms)
 GET /login 200 in 2.3s (next.js: 2.0s, proxy.ts: 65ms, application-code: 227ms)
 GET /login 200 in 97ms (next.js: 7ms, proxy.ts: 12ms, application-code: 78ms)
 GET /api/auth/session 200 in 1515ms (next.js: 1495ms, application-code: 20ms)
 GET /api/auth/session 200 in 22ms (next.js: 8ms, application-code: 14ms)
 GET /api/auth/session 200 in 11ms (next.js: 3ms, application-code: 8ms)
 GET /api/auth/session 200 in 10ms (next.js: 4ms, application-code: 6ms)
 GET /login 200 in 53ms (next.js: 6ms, proxy.ts: 4ms, application-code: 43ms)
 GET /login 200 in 27ms (next.js: 1.9ms, proxy.ts: 3ms, application-code: 23ms)
 GET /login 200 in 31ms (next.js: 2ms, proxy.ts: 2ms, application-code: 26ms)
 GET /login 200 in 24ms (next.js: 1.4ms, proxy.ts: 1.6ms, application-code: 21ms)
 GET /login 200 in 28ms (next.js: 1.3ms, proxy.ts: 1.8ms, application-code: 25ms)
 GET /login 200 in 28ms (next.js: 1.5ms, proxy.ts: 2ms, application-code: 24ms)
 GET /login 200 in 32ms (next.js: 1.5ms, proxy.ts: 4ms, application-code: 27ms)
 GET /login 200 in 31ms (next.js: 1.2ms, proxy.ts: 1.8ms, application-code: 28ms)
 GET /login 200 in 24ms (next.js: 1.2ms, proxy.ts: 1.7ms, application-code: 21ms)
 GET /login 200 in 24ms (next.js: 1.1ms, proxy.ts: 1.5ms, application-code: 21ms)
 GET /login 200 in 24ms (next.js: 1.2ms, proxy.ts: 1.6ms, application-code: 21ms)
 GET /login 200 in 39ms (next.js: 4ms, proxy.ts: 7ms, application-code: 28ms)
 GET /login 200 in 23ms (next.js: 1.0ms, proxy.ts: 1.6ms, application-code: 21ms)
 GET /login 200 in 24ms (next.js: 1.1ms, proxy.ts: 1.6ms, application-code: 21ms)
 GET /login 200 in 25ms (next.js: 1.4ms, proxy.ts: 1.9ms, application-code: 22ms)
 GET / 200 in 230ms (next.js: 190ms, application-code: 39ms)
 GET /login 200 in 35ms (next.js: 1.0ms, proxy.ts: 1.3ms, application-code: 33ms)
 GET /login 200 in 27ms (next.js: 1.2ms, proxy.ts: 1.6ms, application-code: 25ms)
 GET /login 200 in 62ms (next.js: 7ms, proxy.ts: 7ms, application-code: 49ms)
 GET /login 200 in 37ms (next.js: 4ms, proxy.ts: 1.9ms, application-code: 31ms)
 GET /login 200 in 38ms (next.js: 1.8ms, proxy.ts: 3ms, application-code: 34ms)
 GET /login 200 in 28ms (next.js: 1.3ms, proxy.ts: 2ms, application-code: 24ms)
 GET /login 200 in 28ms (next.js: 1.9ms, proxy.ts: 4ms, application-code: 22ms)
 GET /login 200 in 34ms (next.js: 1.7ms, proxy.ts: 1.8ms, application-code: 31ms)
 GET /login 200 in 45ms (next.js: 2ms, proxy.ts: 4ms, application-code: 39ms)
 GET /login 200 in 34ms (next.js: 2ms, proxy.ts: 2ms, application-code: 29ms)
 GET /login 200 in 31ms (next.js: 1.4ms, proxy.ts: 1.9ms, application-code: 28ms)
 GET /login 200 in 29ms (next.js: 1.1ms, proxy.ts: 1.6ms, application-code: 26ms)
 GET /login 200 in 32ms (next.js: 1.5ms, proxy.ts: 1.9ms, application-code: 29ms)
 GET /login 200 in 28ms (next.js: 1.6ms, proxy.ts: 3ms, application-code: 23ms)
 GET /login 200 in 25ms (next.js: 1.1ms, proxy.ts: 1.4ms, application-code: 23ms)
 GET /login 200 in 26ms (next.js: 1.2ms, proxy.ts: 1.8ms, application-code: 23ms)
 GET /login 200 in 26ms (next.js: 1.1ms, proxy.ts: 1.7ms, application-code: 23ms)
 GET /login 200 in 26ms (next.js: 1.1ms, proxy.ts: 1.5ms, application-code: 23ms)
 GET /login 200 in 24ms (next.js: 1.3ms, proxy.ts: 1.8ms, application-code: 21ms)
 GET /login 200 in 27ms (next.js: 1.3ms, proxy.ts: 1.7ms, application-code: 24ms)
 GET /login 200 in 26ms (next.js: 1.4ms, proxy.ts: 2ms, application-code: 22ms)
 GET /login 200 in 25ms (next.js: 1.2ms, proxy.ts: 1.7ms, application-code: 22ms)
 GET /login 200 in 24ms (next.js: 1.3ms, proxy.ts: 2ms, application-code: 21ms)
 GET /login 200 in 27ms (next.js: 1.3ms, proxy.ts: 1.9ms, application-code: 24ms)
 GET /login 200 in 26ms (next.js: 1.7ms, proxy.ts: 1.7ms, application-code: 22ms)
 GET /login 200 in 26ms (next.js: 1.0ms, proxy.ts: 1.6ms, application-code: 24ms)
 GET /login 200 in 23ms (next.js: 1.0ms, proxy.ts: 1.5ms, application-code: 20ms)
 GET /login 200 in 31ms (next.js: 1.5ms, proxy.ts: 1.8ms, application-code: 28ms)
 GET /login 200 in 30ms (next.js: 1.3ms, proxy.ts: 3ms, application-code: 25ms)
 GET /login 200 in 21ms (next.js: 1.0ms, proxy.ts: 1.6ms, application-code: 19ms)
 GET /login 200 in 25ms (next.js: 1.7ms, proxy.ts: 1.7ms, application-code: 21ms)
 GET /login 200 in 27ms (next.js: 1.7ms, proxy.ts: 1.8ms, application-code: 23ms)
 GET /login 200 in 31ms (next.js: 7ms, proxy.ts: 1.9ms, application-code: 21ms)
 GET /login 200 in 28ms (next.js: 2ms, proxy.ts: 4ms, application-code: 22ms)
 GET /login 200 in 33ms (next.js: 1.4ms, proxy.ts: 1.7ms, application-code: 30ms)
 GET /login 200 in 29ms (next.js: 1.1ms, proxy.ts: 1.4ms, application-code: 27ms)
 GET /login 200 in 27ms (next.js: 1.3ms, proxy.ts: 2.0ms, application-code: 24ms)
 GET /login 200 in 25ms (next.js: 1.5ms, proxy.ts: 1.9ms, application-code: 21ms)
 GET /login 200 in 25ms (next.js: 1.1ms, proxy.ts: 1.4ms, application-code: 23ms)
 GET /login 200 in 26ms (next.js: 1.8ms, proxy.ts: 2ms, application-code: 22ms)
 GET /login 200 in 25ms (next.js: 1.1ms, proxy.ts: 1.7ms, application-code: 22ms)
 GET /login 200 in 26ms (next.js: 1.3ms, proxy.ts: 1.5ms, application-code: 23ms)
 GET /login 200 in 23ms (next.js: 1.3ms, proxy.ts: 1.6ms, application-code: 20ms)
 GET /login 200 in 26ms (next.js: 1.2ms, proxy.ts: 2ms, application-code: 23ms)
 GET /login 200 in 25ms (next.js: 1.1ms, proxy.ts: 1.8ms, application-code: 22ms)
 GET /login 200 in 24ms (next.js: 1.1ms, proxy.ts: 1.4ms, application-code: 21ms)
 GET /login 200 in 23ms (next.js: 1.5ms, proxy.ts: 1.5ms, application-code: 20ms)
 GET /login 200 in 42ms (next.js: 5ms, proxy.ts: 3ms, application-code: 35ms)
 GET /login 200 in 23ms (next.js: 1.3ms, proxy.ts: 2.0ms, application-code: 20ms)
 GET /login 200 in 27ms (next.js: 1.1ms, proxy.ts: 1.6ms, application-code: 24ms)
 GET /login 200 in 23ms (next.js: 1.3ms, proxy.ts: 1.6ms, application-code: 20ms)
 GET /login 200 in 30ms (next.js: 1.1ms, proxy.ts: 1.6ms, application-code: 27ms)
 GET /login 200 in 24ms (next.js: 1.4ms, proxy.ts: 1.6ms, application-code: 21ms)
 GET /login 200 in 22ms (next.js: 0.9ms, proxy.ts: 1.7ms, application-code: 19ms)
 GET /login 200 in 31ms (next.js: 1.2ms, proxy.ts: 1.8ms, application-code: 27ms)
 GET /login 200 in 26ms (next.js: 1.2ms, proxy.ts: 1.8ms, application-code: 23ms)
 GET /login 200 in 22ms (next.js: 1.4ms, proxy.ts: 1.6ms, application-code: 19ms)
 GET /login 200 in 23ms (next.js: 1.1ms, proxy.ts: 1.7ms, application-code: 21ms)
 GET /login 200 in 25ms (next.js: 1.2ms, proxy.ts: 1.6ms, application-code: 23ms)
 GET /login 200 in 33ms (next.js: 1.6ms, proxy.ts: 3ms, application-code: 29ms)
 GET /login 200 in 36ms (next.js: 2.0ms, proxy.ts: 3ms, application-code: 31ms)
 GET /login 200 in 33ms (next.js: 1.6ms, proxy.ts: 3ms, application-code: 28ms)
 GET /login 200 in 30ms (next.js: 1.0ms, proxy.ts: 1.6ms, application-code: 27ms)
 GET /login 200 in 29ms (next.js: 1.5ms, proxy.ts: 3ms, application-code: 25ms)
 GET /login 200 in 23ms (next.js: 1.3ms, proxy.ts: 1.9ms, application-code: 20ms)
 GET /login 200 in 47ms (next.js: 5ms, proxy.ts: 3ms, application-code: 38ms)
 GET /login 200 in 55ms (next.js: 1.8ms, proxy.ts: 2ms, application-code: 51ms)
 GET /login 200 in 25ms (next.js: 1.4ms, proxy.ts: 1.7ms, application-code: 22ms)
 GET /login 200 in 27ms (next.js: 1.4ms, proxy.ts: 1.7ms, application-code: 23ms)
 GET /login 200 in 23ms (next.js: 1.3ms, proxy.ts: 1.6ms, application-code: 20ms)
 GET /login 200 in 26ms (next.js: 1.2ms, proxy.ts: 1.6ms, application-code: 23ms)
 GET /login 200 in 22ms (next.js: 1.2ms, proxy.ts: 1.7ms, application-code: 19ms)
 GET /login 200 in 25ms (next.js: 1.1ms, proxy.ts: 1.7ms, application-code: 23ms)
 GET /login 200 in 29ms (next.js: 1.1ms, proxy.ts: 1.6ms, application-code: 26ms)
 GET /login 200 in 49ms (next.js: 5ms, proxy.ts: 5ms, application-code: 39ms)
 GET /login 200 in 29ms (next.js: 1.1ms, proxy.ts: 2ms, application-code: 25ms)
 GET /login 200 in 24ms (next.js: 1.2ms, proxy.ts: 1.5ms, application-code: 21ms)
 GET /api/auth/csrf 200 in 14ms (next.js: 6ms, application-code: 9ms)
[31m[auth][error][0m CredentialsSignin: Read more at https://errors.authjs.dev#credentialssignin
    at Object.authorize (/Users/deevexx/Documents/PROJECTS/freight-forwarder/customer-portal-bhf/.next/dev/server/chunks/[root-of-the-server]__1lx5-n3._.js:753:210)
    at process.processTicksAndRejections (node:internal/process/task_queues:104:5)
    at async Module.callback (/Users/deevexx/Documents/PROJECTS/freight-forwarder/customer-portal-bhf/.next/dev/server/chunks/node_modules_@auth_core_0gltlle._.js:1175:39)
    at async AuthInternal (/Users/deevexx/Documents/PROJECTS/freight-forwarder/customer-portal-bhf/.next/dev/server/chunks/node_modules_@auth_core_0gltlle._.js:2511:24)
    at async Auth (/Users/deevexx/Documents/PROJECTS/freight-forwarder/customer-portal-bhf/.next/dev/server/chunks/node_modules_@auth_core_0gltlle._.js:350:34)
    at async AppRouteRouteModule.do (/Users/deevexx/Documents/PROJECTS/freight-forwarder/customer-portal-bhf/node_modules/next/dist/compiled/next-server/app-route-turbo.runtime.dev.js:5:42793)
    at async AppRouteRouteModule.handle (/Users/deevexx/Documents/PROJECTS/freight-forwarder/customer-portal-bhf/node_modules/next/dist/compiled/next-server/app-route-turbo.runtime.dev.js:5:50547)
    at async responseGenerator (/Users/deevexx/Documents/PROJECTS/freight-forwarder/customer-portal-bhf/.next/dev/server/chunks/node_modules_next_1e9htnb._.js:5328:30)
    at async AppRouteRouteModule.handleResponse (/Users/deevexx/Documents/PROJECTS/freight-forwarder/customer-portal-bhf/node_modules/next/dist/compiled/next-server/app-route-turbo.runtime.dev.js:1:250435)
    at async handleResponse (/Users/deevexx/Documents/PROJECTS/freight-forwarder/customer-portal-bhf/.next/dev/server/chunks/node_modules_next_1e9htnb._.js:5400:32)
    at async Module.handler (/Users/deevexx/Documents/PROJECTS/freight-forwarder/customer-portal-bhf/.next/dev/server/chunks/node_modules_next_1e9htnb._.js:5520:9)
    at async DevServer.renderToResponseWithComponentsImpl (/Users/deevexx/Documents/PROJECTS/freight-forwarder/customer-portal-bhf/node_modules/next/dist/server/base-server.js:1537:9)
    at async DevServer.renderPageComponent (/Users/deevexx/Documents/PROJECTS/freight-forwarder/customer-portal-bhf/node_modules/next/dist/server/base-server.js:1589:24)
    at async DevServer.renderToResponseImpl (/Users/deevexx/Documents/PROJECTS/freight-forwarder/customer-portal-bhf/node_modules/next/dist/server/base-server.js:1639:32)
    at async DevServer.pipeImpl (/Users/deevexx/Documents/PROJECTS/freight-forwarder/customer-portal-bhf/node_modules/next/dist/server/base-server.js:1088:25)
    at async NextNodeServer.handleCatchallRenderRequest (/Users/deevexx/Documents/PROJECTS/freight-forwarder/customer-portal-bhf/node_modules/next/dist/server/next-server.js:338:17)
    at async DevServer.handleRequestImpl (/Users/deevexx/Documents/PROJECTS/freight-forwarder/customer-portal-bhf/node_modules/next/dist/server/base-server.js:979:17)
    at async /Users/deevexx/Documents/PROJECTS/freight-forwarder/customer-portal-bhf/node_modules/next/dist/server/dev/next-dev-server.js:426:20
    at async Span.traceAsyncFn (/Users/deevexx/Documents/PROJECTS/freight-forwarder/customer-portal-bhf/node_modules/next/dist/trace/trace.js:164:20)
    at async DevServer.handleRequest (/Users/deevexx/Documents/PROJECTS/freight-forwarder/customer-portal-bhf/node_modules/next/dist/server/dev/next-dev-server.js:422:24)
    at async invokeRender (/Users/deevexx/Documents/PROJECTS/freight-forwarder/customer-portal-bhf/node_modules/next/dist/server/lib/router-server.js:306:21)
    at async handleRequest (/Users/deevexx/Documents/PROJECTS/freight-forwarder/customer-portal-bhf/node_modules/next/dist/server/lib/router-server.js:508:24)
    at async requestHandlerImpl (/Users/deevexx/Documents/PROJECTS/freight-forwarder/customer-portal-bhf/node_modules/next/dist/server/lib/router-server.js:565:13)
    at async Server.requestListener (/Users/deevexx/Documents/PROJECTS/freight-forwarder/customer-portal-bhf/node_modules/next/dist/server/lib/start-server.js:225:13)
 POST /api/auth/callback/credentials? 302 in 142ms (next.js: 1.0ms, application-code: 141ms)
 GET /login 200 in 30ms (next.js: 1.4ms, proxy.ts: 1.4ms, application-code: 27ms)
 GET /login 200 in 24ms (next.js: 1.3ms, proxy.ts: 1.7ms, application-code: 21ms)
 GET /login 200 in 25ms (next.js: 1.3ms, proxy.ts: 2.0ms, application-code: 22ms)
 GET /login 200 in 32ms (next.js: 1.0ms, proxy.ts: 1.5ms, application-code: 30ms)
 GET /login 200 in 46ms (next.js: 3ms, proxy.ts: 3ms, application-code: 40ms)
 GET /login 200 in 56ms (next.js: 8ms, proxy.ts: 4ms, application-code: 44ms)
 GET /api/auth/csrf 200 in 8ms (next.js: 4ms, application-code: 4ms)
[31m[auth][error][0m CredentialsSignin: Read more at https://errors.authjs.dev#credentialssignin
    at Object.authorize (/Users/deevexx/Documents/PROJECTS/freight-forwarder/customer-portal-bhf/.next/dev/server/chunks/[root-of-the-server]__1lx5-n3._.js:753:210)
    at process.processTicksAndRejections (node:internal/process/task_queues:104:5)
    at async Module.callback (/Users/deevexx/Documents/PROJECTS/freight-forwarder/customer-portal-bhf/.next/dev/server/chunks/node_modules_@auth_core_0gltlle._.js:1175:39)
    at async AuthInternal (/Users/deevexx/Documents/PROJECTS/freight-forwarder/customer-portal-bhf/.next/dev/server/chunks/node_modules_@auth_core_0gltlle._.js:2511:24)
    at async Auth (/Users/deevexx/Documents/PROJECTS/freight-forwarder/customer-portal-bhf/.next/dev/server/chunks/node_modules_@auth_core_0gltlle._.js:350:34)
    at async AppRouteRouteModule.do (/Users/deevexx/Documents/PROJECTS/freight-forwarder/customer-portal-bhf/node_modules/next/dist/compiled/next-server/app-route-turbo.runtime.dev.js:5:42793)
    at async AppRouteRouteModule.handle (/Users/deevexx/Documents/PROJECTS/freight-forwarder/customer-portal-bhf/node_modules/next/dist/compiled/next-server/app-route-turbo.runtime.dev.js:5:50547)
    at async responseGenerator (/Users/deevexx/Documents/PROJECTS/freight-forwarder/customer-portal-bhf/.next/dev/server/chunks/node_modules_next_1e9htnb._.js:5328:30)
    at async AppRouteRouteModule.handleResponse (/Users/deevexx/Documents/PROJECTS/freight-forwarder/customer-portal-bhf/node_modules/next/dist/compiled/next-server/app-route-turbo.runtime.dev.js:1:250435)
    at async handleResponse (/Users/deevexx/Documents/PROJECTS/freight-forwarder/customer-portal-bhf/.next/dev/server/chunks/node_modules_next_1e9htnb._.js:5400:32)
    at async Module.handler (/Users/deevexx/Documents/PROJECTS/freight-forwarder/customer-portal-bhf/.next/dev/server/chunks/node_modules_next_1e9htnb._.js:5520:9)
    at async DevServer.renderToResponseWithComponentsImpl (/Users/deevexx/Documents/PROJECTS/freight-forwarder/customer-portal-bhf/node_modules/next/dist/server/base-server.js:1537:9)
    at async DevServer.renderPageComponent (/Users/deevexx/Documents/PROJECTS/freight-forwarder/customer-portal-bhf/node_modules/next/dist/server/base-server.js:1589:24)
    at async DevServer.renderToResponseImpl (/Users/deevexx/Documents/PROJECTS/freight-forwarder/customer-portal-bhf/node_modules/next/dist/server/base-server.js:1639:32)
    at async DevServer.pipeImpl (/Users/deevexx/Documents/PROJECTS/freight-forwarder/customer-portal-bhf/node_modules/next/dist/server/base-server.js:1088:25)
    at async NextNodeServer.handleCatchallRenderRequest (/Users/deevexx/Documents/PROJECTS/freight-forwarder/customer-portal-bhf/node_modules/next/dist/server/next-server.js:338:17)
    at async DevServer.handleRequestImpl (/Users/deevexx/Documents/PROJECTS/freight-forwarder/customer-portal-bhf/node_modules/next/dist/server/base-server.js:979:17)
    at async /Users/deevexx/Documents/PROJECTS/freight-forwarder/customer-portal-bhf/node_modules/next/dist/server/dev/next-dev-server.js:426:20
    at async Span.traceAsyncFn (/Users/deevexx/Documents/PROJECTS/freight-forwarder/customer-portal-bhf/node_modules/next/dist/trace/trace.js:164:20)
    at async DevServer.handleRequest (/Users/deevexx/Documents/PROJECTS/freight-forwarder/customer-portal-bhf/node_modules/next/dist/server/dev/next-dev-server.js:422:24)
    at async invokeRender (/Users/deevexx/Documents/PROJECTS/freight-forwarder/customer-portal-bhf/node_modules/next/dist/server/lib/router-server.js:306:21)
    at async handleRequest (/Users/deevexx/Documents/PROJECTS/freight-forwarder/customer-portal-bhf/node_modules/next/dist/server/lib/router-server.js:508:24)
    at async requestHandlerImpl (/Users/deevexx/Documents/PROJECTS/freight-forwarder/customer-portal-bhf/node_modules/next/dist/server/lib/router-server.js:565:13)
    at async Server.requestListener (/Users/deevexx/Documents/PROJECTS/freight-forwarder/customer-portal-bhf/node_modules/next/dist/server/lib/start-server.js:225:13)
 POST /api/auth/callback/credentials? 302 in 26ms (next.js: 1.0ms, application-code: 25ms)
 GET /login 200 in 29ms (next.js: 1.0ms, proxy.ts: 1.4ms, application-code: 27ms)
 GET /login 200 in 30ms (next.js: 1.3ms, proxy.ts: 2ms, application-code: 27ms)
 GET /login 200 in 28ms (next.js: 1.1ms, proxy.ts: 1.6ms, application-code: 25ms)
 GET /login 200 in 29ms (next.js: 1.2ms, proxy.ts: 1.6ms, application-code: 26ms)
 GET /login 200 in 24ms (next.js: 1.1ms, proxy.ts: 1.6ms, application-code: 22ms)
 GET /login 200 in 25ms (next.js: 1.1ms, proxy.ts: 1.5ms, application-code: 22ms)
 GET /login 200 in 24ms (next.js: 0.9ms, proxy.ts: 1.4ms, application-code: 22ms)
 GET /login 200 in 23ms (next.js: 1.4ms, proxy.ts: 2ms, application-code: 20ms)
 GET /login 200 in 44ms (next.js: 2ms, proxy.ts: 1.7ms, application-code: 40ms)
 GET /login 200 in 30ms (next.js: 1.4ms, proxy.ts: 1.6ms, application-code: 27ms)
 GET /login 200 in 25ms (next.js: 1.0ms, proxy.ts: 1.6ms, application-code: 23ms)
 GET /login 200 in 30ms (next.js: 1.3ms, proxy.ts: 2ms, application-code: 26ms)
 GET /login 200 in 38ms (next.js: 2ms, proxy.ts: 3ms, application-code: 33ms)
 GET /login 200 in 27ms (next.js: 1.3ms, proxy.ts: 2ms, application-code: 24ms)
 GET /login 200 in 22ms (next.js: 1.0ms, proxy.ts: 1.6ms, application-code: 20ms)
 GET /login 200 in 24ms (next.js: 1.1ms, proxy.ts: 4ms, application-code: 20ms)
 GET /login 200 in 25ms (next.js: 1.0ms, proxy.ts: 1.6ms, application-code: 22ms)
 GET /login 200 in 23ms (next.js: 1.0ms, proxy.ts: 1.5ms, application-code: 21ms)
 GET /login 200 in 27ms (next.js: 1.0ms, proxy.ts: 1.7ms, application-code: 25ms)
 GET /login 200 in 24ms (next.js: 1.0ms, proxy.ts: 1.7ms, application-code: 22ms)
 GET /login 200 in 25ms (next.js: 1.0ms, proxy.ts: 1.5ms, application-code: 23ms)
 GET /login 200 in 24ms (next.js: 1.1ms, proxy.ts: 1.5ms, application-code: 22ms)
 GET /login 200 in 30ms (next.js: 1.1ms, proxy.ts: 1.4ms, application-code: 27ms)
 GET /login 200 in 26ms (next.js: 1.1ms, proxy.ts: 1.8ms, application-code: 23ms)
 GET /login 200 in 25ms (next.js: 1.2ms, proxy.ts: 2ms, application-code: 22ms)
 GET /login 200 in 20ms (next.js: 1.0ms, proxy.ts: 1.6ms, application-code: 18ms)
 GET /login 200 in 27ms (next.js: 6ms, proxy.ts: 1.8ms, application-code: 19ms)
 GET /login 200 in 25ms (next.js: 1.2ms, proxy.ts: 2ms, application-code: 21ms)
 GET /login 200 in 24ms (next.js: 1.1ms, proxy.ts: 1.6ms, application-code: 21ms)
 GET /login 200 in 31ms (next.js: 1.6ms, proxy.ts: 3ms, application-code: 27ms)
 GET /login 200 in 23ms (next.js: 1.3ms, proxy.ts: 1.5ms, application-code: 20ms)
 GET /login 200 in 25ms (next.js: 1.0ms, proxy.ts: 1.5ms, application-code: 22ms)
 GET /login 200 in 30ms (next.js: 1.5ms, proxy.ts: 1.7ms, application-code: 27ms)
 GET /login 200 in 23ms (next.js: 1.0ms, proxy.ts: 1.7ms, application-code: 20ms)
 GET /login 200 in 23ms (next.js: 1.2ms, proxy.ts: 1.7ms, application-code: 21ms)
 GET /login 200 in 23ms (next.js: 1.2ms, proxy.ts: 2ms, application-code: 20ms)
 GET /login 200 in 26ms (next.js: 1.0ms, proxy.ts: 1.5ms, application-code: 23ms)
 GET /login 200 in 22ms (next.js: 1.0ms, proxy.ts: 1.5ms, application-code: 20ms)
 GET /login 200 in 23ms (next.js: 1.0ms, proxy.ts: 1.7ms, application-code: 20ms)
 GET /login 200 in 27ms (next.js: 1.1ms, proxy.ts: 1.7ms, application-code: 24ms)
 GET /login 200 in 26ms (next.js: 1.2ms, proxy.ts: 1.6ms, application-code: 23ms)
 GET /login 200 in 23ms (next.js: 1.0ms, proxy.ts: 1.6ms, application-code: 20ms)
 GET /login 200 in 23ms (next.js: 1.0ms, proxy.ts: 1.6ms, application-code: 20ms)
 GET /login 200 in 27ms (next.js: 1.0ms, proxy.ts: 1.5ms, application-code: 25ms)
 GET /login 200 in 24ms (next.js: 1.1ms, proxy.ts: 1.5ms, application-code: 21ms)
 GET /login 200 in 24ms (next.js: 1.1ms, proxy.ts: 1.5ms, application-code: 21ms)
 GET /login 200 in 29ms (next.js: 1.1ms, proxy.ts: 1.6ms, application-code: 26ms)
 GET /login 200 in 24ms (next.js: 1.1ms, proxy.ts: 1.8ms, application-code: 21ms)
 GET /login 200 in 24ms (next.js: 1.2ms, proxy.ts: 1.5ms, application-code: 21ms)
 GET /login 200 in 24ms (next.js: 2ms, proxy.ts: 1.5ms, application-code: 20ms)
 GET /login 200 in 27ms (next.js: 1.4ms, proxy.ts: 1.8ms, application-code: 23ms)
 GET /login 200 in 25ms (next.js: 1.3ms, proxy.ts: 2ms, application-code: 22ms)
 GET /login 200 in 23ms (next.js: 1.0ms, proxy.ts: 1.8ms, application-code: 20ms)
 GET /login 200 in 29ms (next.js: 1.4ms, proxy.ts: 1.9ms, application-code: 26ms)
 GET /login 200 in 27ms (next.js: 1.3ms, proxy.ts: 1.7ms, application-code: 24ms)
 GET /login 200 in 30ms (next.js: 1.0ms, proxy.ts: 1.6ms, application-code: 28ms)
 GET /login 200 in 24ms (next.js: 1.0ms, proxy.ts: 1.4ms, application-code: 21ms)
 GET /login 200 in 25ms (next.js: 1.0ms, proxy.ts: 1.9ms, application-code: 22ms)
 GET /login 200 in 24ms (next.js: 1.0ms, proxy.ts: 1.9ms, application-code: 21ms)
 GET /login 200 in 24ms (next.js: 1.0ms, proxy.ts: 1.8ms, application-code: 21ms)
 GET /login 200 in 25ms (next.js: 1.6ms, proxy.ts: 1.6ms, application-code: 21ms)
 GET /login 200 in 22ms (next.js: 1.1ms, proxy.ts: 1.5ms, application-code: 19ms)
 GET /login 200 in 25ms (next.js: 1.3ms, proxy.ts: 1.8ms, application-code: 22ms)
 GET /login 200 in 23ms (next.js: 1.0ms, proxy.ts: 1.6ms, application-code: 20ms)
 GET /login 200 in 25ms (next.js: 1.0ms, proxy.ts: 1.7ms, application-code: 22ms)
 GET /login 200 in 29ms (next.js: 1.5ms, proxy.ts: 1.7ms, application-code: 25ms)
 GET /login 200 in 27ms (next.js: 1.0ms, proxy.ts: 1.8ms, application-code: 24ms)
 GET /login 200 in 26ms (next.js: 1.1ms, proxy.ts: 1.5ms, application-code: 24ms)
 GET /login 200 in 24ms (next.js: 1.0ms, proxy.ts: 1.6ms, application-code: 21ms)
 GET /login 200 in 26ms (next.js: 1.1ms, proxy.ts: 1.5ms, application-code: 23ms)
 GET /login 200 in 22ms (next.js: 0.9ms, proxy.ts: 1.4ms, application-code: 19ms)
 GET /login 200 in 23ms (next.js: 1.1ms, proxy.ts: 1.7ms, application-code: 20ms)
 GET /login 200 in 22ms (next.js: 1.1ms, proxy.ts: 1.2ms, application-code: 20ms)
 GET /login 200 in 22ms (next.js: 1.1ms, proxy.ts: 1.6ms, application-code: 19ms)
 GET /login 200 in 25ms (next.js: 1.1ms, proxy.ts: 1.9ms, application-code: 22ms)
 GET /login 200 in 23ms (next.js: 1.2ms, proxy.ts: 1.9ms, application-code: 20ms)
 GET /login 200 in 32ms (next.js: 1.2ms, proxy.ts: 1.9ms, application-code: 29ms)
 GET /login 200 in 25ms (next.js: 1.1ms, proxy.ts: 1.6ms, application-code: 22ms)
 GET /login 200 in 45ms (next.js: 1.5ms, proxy.ts: 1.8ms, application-code: 42ms)
 GET /login 200 in 23ms (next.js: 1.1ms, proxy.ts: 1.6ms, application-code: 20ms)
 GET /login 200 in 22ms (next.js: 1.0ms, proxy.ts: 1.5ms, application-code: 19ms)
 GET /login 200 in 30ms (next.js: 1.2ms, proxy.ts: 3ms, application-code: 26ms)
 GET /login 200 in 26ms (next.js: 1.0ms, proxy.ts: 1.9ms, application-code: 23ms)
 GET /login 200 in 22ms (next.js: 1.1ms, proxy.ts: 1.6ms, application-code: 20ms)
 GET /login 200 in 22ms (next.js: 1.1ms, proxy.ts: 1.6ms, application-code: 20ms)
 GET /login 200 in 22ms (next.js: 1.1ms, proxy.ts: 1.6ms, application-code: 20ms)
 GET /login 200 in 23ms (next.js: 1.2ms, proxy.ts: 1.6ms, application-code: 20ms)
 GET /login 200 in 28ms (next.js: 1.1ms, proxy.ts: 1.7ms, application-code: 25ms)
 GET /login 200 in 22ms (next.js: 0.9ms, proxy.ts: 1.5ms, application-code: 19ms)
 GET /login 200 in 22ms (next.js: 1.1ms, proxy.ts: 1.7ms, application-code: 19ms)
 GET /login 200 in 27ms (next.js: 1.1ms, proxy.ts: 1.8ms, application-code: 24ms)
 GET /login 200 in 22ms (next.js: 1.1ms, proxy.ts: 1.6ms, application-code: 19ms)
 GET /login 200 in 22ms (next.js: 1.1ms, proxy.ts: 1.5ms, application-code: 19ms)
 GET /login 200 in 22ms (next.js: 1.2ms, proxy.ts: 1.5ms, application-code: 19ms)
 GET /login 200 in 29ms (next.js: 1.1ms, proxy.ts: 1.6ms, application-code: 26ms)
 GET /login 200 in 21ms (next.js: 1.2ms, proxy.ts: 1.8ms, application-code: 18ms)
 GET /login 200 in 23ms (next.js: 1.2ms, proxy.ts: 1.7ms, application-code: 20ms)
 GET /login 200 in 25ms (next.js: 1.0ms, proxy.ts: 1.7ms, application-code: 23ms)
 GET /login 200 in 23ms (next.js: 1.1ms, proxy.ts: 1.8ms, application-code: 20ms)
 GET /login 200 in 21ms (next.js: 1.1ms, proxy.ts: 1.5ms, application-code: 19ms)
 GET /login 200 in 21ms (next.js: 1.0ms, proxy.ts: 1.5ms, application-code: 19ms)
 GET /login 200 in 30ms (next.js: 2ms, proxy.ts: 2ms, application-code: 25ms)
 GET /login 200 in 23ms (next.js: 1.2ms, proxy.ts: 1.7ms, application-code: 20ms)
 GET /login 200 in 23ms (next.js: 1.2ms, proxy.ts: 1.6ms, application-code: 20ms)
 GET /login 200 in 23ms (next.js: 1.2ms, proxy.ts: 1.8ms, application-code: 20ms)
 GET /login 200 in 29ms (next.js: 2ms, proxy.ts: 2ms, application-code: 24ms)
 GET /login 200 in 20ms (next.js: 0.9ms, proxy.ts: 1.4ms, application-code: 18ms)
 GET /login 200 in 22ms (next.js: 1.1ms, proxy.ts: 1.5ms, application-code: 19ms)
 GET /login 200 in 22ms (next.js: 1.0ms, proxy.ts: 1.5ms, application-code: 19ms)
 GET /login 200 in 29ms (next.js: 1.2ms, proxy.ts: 1.9ms, application-code: 26ms)
 GET /login 200 in 22ms (next.js: 1.3ms, proxy.ts: 1.4ms, application-code: 20ms)
 GET /login 200 in 22ms (next.js: 1.0ms, proxy.ts: 1.5ms, application-code: 19ms)
 GET /login 200 in 22ms (next.js: 1.2ms, proxy.ts: 1.7ms, application-code: 19ms)
 GET /login 200 in 23ms (next.js: 1.1ms, proxy.ts: 1.8ms, application-code: 20ms)
 GET /login 200 in 22ms (next.js: 1.5ms, proxy.ts: 1.8ms, application-code: 19ms)
 GET /login 200 in 22ms (next.js: 1.1ms, proxy.ts: 1.6ms, application-code: 19ms)
 GET /login 200 in 22ms (next.js: 1.0ms, proxy.ts: 1.5ms, application-code: 19ms)
 GET /login 200 in 28ms (next.js: 1.2ms, proxy.ts: 1.6ms, application-code: 25ms)
 GET /login 200 in 31ms (next.js: 1.0ms, proxy.ts: 1.5ms, application-code: 28ms)
 GET /login 200 in 29ms (next.js: 1.2ms, proxy.ts: 1.7ms, application-code: 26ms)
 GET /login 200 in 25ms (next.js: 0.8ms, proxy.ts: 1.5ms, application-code: 23ms)
 GET /login 200 in 26ms (next.js: 1.0ms, proxy.ts: 1.5ms, application-code: 23ms)
 GET /login 200 in 35ms (next.js: 1.1ms, proxy.ts: 1.5ms, application-code: 32ms)
 GET /login 200 in 22ms (next.js: 1.1ms, proxy.ts: 1.5ms, application-code: 20ms)
 GET /login 200 in 23ms (next.js: 0.9ms, proxy.ts: 1.5ms, application-code: 20ms)
 GET /login 200 in 23ms (next.js: 1.1ms, proxy.ts: 1.5ms, application-code: 20ms)
 GET /login 200 in 27ms (next.js: 1.1ms, proxy.ts: 1.5ms, application-code: 24ms)
 GET /login 200 in 29ms (next.js: 1.1ms, proxy.ts: 1.6ms, application-code: 27ms)
 GET /login 200 in 25ms (next.js: 1.0ms, proxy.ts: 1.6ms, application-code: 23ms)
 GET /login 200 in 22ms (next.js: 1.0ms, proxy.ts: 1.5ms, application-code: 19ms)
 GET /login 200 in 25ms (next.js: 1.0ms, proxy.ts: 1.8ms, application-code: 22ms)
 GET /login 200 in 23ms (next.js: 1.3ms, proxy.ts: 1.9ms, application-code: 20ms)
 GET /login 200 in 24ms (next.js: 1.1ms, proxy.ts: 1.8ms, application-code: 22ms)
 GET /login 200 in 28ms (next.js: 1.3ms, proxy.ts: 2ms, application-code: 24ms)
 GET /login 200 in 26ms (next.js: 1.0ms, proxy.ts: 1.3ms, application-code: 24ms)
 GET /login 200 in 31ms (next.js: 1.2ms, proxy.ts: 1.6ms, application-code: 28ms)
 GET /login 200 in 25ms (next.js: 1.0ms, proxy.ts: 2.0ms, application-code: 22ms)
 GET /login 200 in 25ms (next.js: 1.0ms, proxy.ts: 1.6ms, application-code: 22ms)
 GET /login 200 in 26ms (next.js: 1.2ms, proxy.ts: 2ms, application-code: 23ms)
 GET /login 200 in 24ms (next.js: 1.0ms, proxy.ts: 1.5ms, application-code: 21ms)
 GET /login 200 in 26ms (next.js: 1.1ms, proxy.ts: 1.6ms, application-code: 23ms)
 GET /login 200 in 23ms (next.js: 1.1ms, proxy.ts: 1.6ms, application-code: 21ms)
 GET /login 200 in 23ms (next.js: 1.0ms, proxy.ts: 1.5ms, application-code: 21ms)
 GET /login 200 in 23ms (next.js: 1.0ms, proxy.ts: 1.5ms, application-code: 21ms)
 GET /login 200 in 36ms (next.js: 1.0ms, proxy.ts: 1.7ms, application-code: 34ms)
 GET /login 200 in 27ms (next.js: 5ms, proxy.ts: 1.8ms, application-code: 20ms)
 GET /login 200 in 27ms (next.js: 1.0ms, proxy.ts: 1.6ms, application-code: 24ms)
 GET /login 200 in 25ms (next.js: 1.5ms, proxy.ts: 2ms, application-code: 21ms)
 GET /login 200 in 33ms (next.js: 2ms, proxy.ts: 2.0ms, application-code: 29ms)
 GET /login 200 in 23ms (next.js: 1.3ms, proxy.ts: 1.6ms, application-code: 21ms)
 GET /login 200 in 42ms (next.js: 1.3ms, proxy.ts: 1.9ms, application-code: 39ms)
 GET /login 200 in 24ms (next.js: 1.4ms, proxy.ts: 1.6ms, application-code: 21ms)
 GET /login 200 in 23ms (next.js: 1.1ms, proxy.ts: 1.6ms, application-code: 20ms)
 GET /login 200 in 25ms (next.js: 1.4ms, proxy.ts: 1.7ms, application-code: 22ms)
 GET /login 200 in 24ms (next.js: 1.2ms, proxy.ts: 1.7ms, application-code: 21ms)
 GET /login 200 in 30ms (next.js: 1.1ms, proxy.ts: 1.7ms, application-code: 27ms)
 GET /login 200 in 24ms (next.js: 1.3ms, proxy.ts: 1.4ms, application-code: 21ms)
 GET /login 200 in 25ms (next.js: 1.8ms, proxy.ts: 1.9ms, application-code: 22ms)
 GET /login 200 in 28ms (next.js: 1.0ms, proxy.ts: 1.8ms, application-code: 25ms)
 GET /login 200 in 22ms (next.js: 1.1ms, proxy.ts: 1.7ms, application-code: 19ms)
 GET /login 200 in 27ms (next.js: 1.2ms, proxy.ts: 1.6ms, application-code: 24ms)
 GET /login 200 in 23ms (next.js: 1.2ms, proxy.ts: 1.7ms, application-code: 20ms)
 GET /login 200 in 30ms (next.js: 1.1ms, proxy.ts: 1.6ms, application-code: 28ms)
 GET /login 200 in 23ms (next.js: 1.6ms, proxy.ts: 1.6ms, application-code: 20ms)
 GET /login 200 in 23ms (next.js: 1.1ms, proxy.ts: 1.6ms, application-code: 20ms)
 GET /login 200 in 27ms (next.js: 1.3ms, proxy.ts: 1.7ms, application-code: 24ms)
 GET /login 200 in 24ms (next.js: 1.1ms, proxy.ts: 2ms, application-code: 21ms)
 GET /login 200 in 22ms (next.js: 1.0ms, proxy.ts: 1.5ms, application-code: 20ms)
 GET /login 200 in 22ms (next.js: 1.1ms, proxy.ts: 1.6ms, application-code: 20ms)
 GET /login 200 in 22ms (next.js: 1.0ms, proxy.ts: 1.6ms, application-code: 20ms)
 GET /login 200 in 28ms (next.js: 1.0ms, proxy.ts: 1.8ms, application-code: 25ms)
 GET /login 200 in 28ms (next.js: 1.6ms, proxy.ts: 3ms, application-code: 23ms)
 GET /login 200 in 22ms (next.js: 0.9ms, proxy.ts: 1.5ms, application-code: 20ms)
 GET /login 200 in 29ms (next.js: 1.1ms, proxy.ts: 1.2ms, application-code: 26ms)
 GET /login 200 in 28ms (next.js: 1.0ms, proxy.ts: 1.5ms, application-code: 26ms)
 GET /login 200 in 23ms (next.js: 1.2ms, proxy.ts: 1.6ms, application-code: 20ms)
 GET /login 200 in 26ms (next.js: 1.0ms, proxy.ts: 1.6ms, application-code: 23ms)
 GET /login 200 in 30ms (next.js: 1.2ms, proxy.ts: 1.8ms, application-code: 27ms)
 GET /login 200 in 22ms (next.js: 1.2ms, proxy.ts: 1.6ms, application-code: 20ms)
 GET /login 200 in 22ms (next.js: 1.0ms, proxy.ts: 1.4ms, application-code: 20ms)
 GET /login 200 in 39ms (next.js: 1.1ms, proxy.ts: 1.5ms, application-code: 36ms)
 GET /login 200 in 23ms (next.js: 1.0ms, proxy.ts: 1.8ms, application-code: 20ms)
 GET /login 200 in 23ms (next.js: 1.0ms, proxy.ts: 1.7ms, application-code: 20ms)
 GET /login 200 in 22ms (next.js: 1.2ms, proxy.ts: 1.5ms, application-code: 19ms)
 GET /login 200 in 29ms (next.js: 2ms, proxy.ts: 4ms, application-code: 23ms)
 GET /login 200 in 22ms (next.js: 1.0ms, proxy.ts: 1.7ms, application-code: 20ms)
 GET /login 200 in 21ms (next.js: 1.0ms, proxy.ts: 1.4ms, application-code: 19ms)
 GET /login 200 in 29ms (next.js: 1.1ms, proxy.ts: 1.7ms, application-code: 26ms)
 GET /login 200 in 36ms (next.js: 1.9ms, proxy.ts: 4ms, application-code: 30ms)
 GET /login 200 in 28ms (next.js: 1.0ms, proxy.ts: 1.5ms, application-code: 25ms)
 GET /login 200 in 24ms (next.js: 1.1ms, proxy.ts: 1.7ms, application-code: 21ms)
 GET /login 200 in 24ms (next.js: 1.0ms, proxy.ts: 1.4ms, application-code: 22ms)
 GET /login 200 in 24ms (next.js: 1.0ms, proxy.ts: 1.5ms, application-code: 21ms)
 GET /login 200 in 24ms (next.js: 1.0ms, proxy.ts: 1.5ms, application-code: 21ms)
 GET /login 200 in 25ms (next.js: 1.4ms, proxy.ts: 1.6ms, application-code: 22ms)
 GET /login 200 in 23ms (next.js: 1.1ms, proxy.ts: 1.8ms, application-code: 21ms)
 GET /login 200 in 23ms (next.js: 1.1ms, proxy.ts: 1.8ms, application-code: 21ms)
 GET /login 200 in 23ms (next.js: 1.1ms, proxy.ts: 1.9ms, application-code: 20ms)
 GET /login 200 in 33ms (next.js: 2ms, proxy.ts: 4ms, application-code: 27ms)
 GET /login 200 in 22ms (next.js: 1.0ms, proxy.ts: 1.6ms, application-code: 19ms)
 GET /login 200 in 25ms (next.js: 1.0ms, proxy.ts: 1.5ms, application-code: 23ms)
 GET /login 200 in 30ms (next.js: 1.3ms, proxy.ts: 2ms, application-code: 26ms)
 GET /login 200 in 27ms (next.js: 1.0ms, proxy.ts: 1.6ms, application-code: 24ms)
 GET /login 200 in 28ms (next.js: 1.1ms, proxy.ts: 1.5ms, application-code: 26ms)
 GET /login 200 in 24ms (next.js: 1.0ms, proxy.ts: 1.6ms, application-code: 21ms)
 GET /login 200 in 26ms (next.js: 0.9ms, proxy.ts: 2.0ms, application-code: 23ms)
 GET /login 200 in 25ms (next.js: 1.0ms, proxy.ts: 1.8ms, application-code: 22ms)
 GET /login 200 in 24ms (next.js: 1.0ms, proxy.ts: 1.5ms, application-code: 22ms)
 GET /login 200 in 24ms (next.js: 1.1ms, proxy.ts: 1.5ms, application-code: 21ms)
 GET /login 200 in 27ms (next.js: 1.0ms, proxy.ts: 1.9ms, application-code: 24ms)
 GET /login 200 in 49ms (next.js: 1.2ms, proxy.ts: 2ms, application-code: 45ms)
 GET /login 200 in 30ms (next.js: 1.4ms, proxy.ts: 3ms, application-code: 26ms)
 GET /login 200 in 39ms (next.js: 1.7ms, proxy.ts: 1.8ms, application-code: 35ms)
 GET /login 200 in 22ms (next.js: 0.9ms, proxy.ts: 1.4ms, application-code: 20ms)
 GET /login 200 in 31ms (next.js: 1.2ms, proxy.ts: 1.7ms, application-code: 28ms)
 GET /login 200 in 24ms (next.js: 1.4ms, proxy.ts: 1.8ms, application-code: 21ms)
 GET /login 200 in 30ms (next.js: 1.0ms, proxy.ts: 1.3ms, application-code: 27ms)
 GET /login 200 in 39ms (next.js: 3ms, proxy.ts: 3ms, application-code: 32ms)
 GET /login 200 in 23ms (next.js: 1.0ms, proxy.ts: 1.7ms, application-code: 20ms)
 GET /login 200 in 21ms (next.js: 0.9ms, proxy.ts: 1.4ms, application-code: 18ms)
 GET /login 200 in 27ms (next.js: 1.1ms, proxy.ts: 1.6ms, application-code: 24ms)
 GET /login 200 in 23ms (next.js: 1.1ms, proxy.ts: 1.7ms, application-code: 20ms)
 GET /login 200 in 36ms (next.js: 7ms, proxy.ts: 2ms, application-code: 27ms)
 GET /login 200 in 24ms (next.js: 1.0ms, proxy.ts: 1.4ms, application-code: 22ms)
 GET /login 200 in 21ms (next.js: 1.1ms, proxy.ts: 1.6ms, application-code: 18ms)
 GET /login 200 in 29ms (next.js: 1.2ms, proxy.ts: 1.6ms, application-code: 26ms)
 GET /login 200 in 32ms (next.js: 1.5ms, proxy.ts: 1.5ms, application-code: 29ms)
 GET /login 200 in 26ms (next.js: 1.1ms, proxy.ts: 1.5ms, application-code: 23ms)
 GET /login 200 in 38ms (next.js: 1.3ms, proxy.ts: 2ms, application-code: 34ms)
 GET /login 200 in 25ms (next.js: 1.4ms, proxy.ts: 1.6ms, application-code: 22ms)
 GET /login 200 in 37ms (next.js: 2ms, proxy.ts: 6ms, application-code: 29ms)
 GET /login 200 in 29ms (next.js: 1.2ms, proxy.ts: 1.4ms, application-code: 26ms)
 GET /login 200 in 22ms (next.js: 1.1ms, proxy.ts: 1.8ms, application-code: 19ms)
 GET /login 200 in 24ms (next.js: 1.1ms, proxy.ts: 1.8ms, application-code: 21ms)
 GET /login 200 in 23ms (next.js: 1.1ms, proxy.ts: 1.5ms, application-code: 21ms)
 GET /login 200 in 27ms (next.js: 1.0ms, proxy.ts: 1.5ms, application-code: 25ms)
 GET /login 200 in 25ms (next.js: 1.0ms, proxy.ts: 1.4ms, application-code: 23ms)
 GET /login 200 in 21ms (next.js: 1.1ms, proxy.ts: 1.7ms, application-code: 18ms)
 GET /login 200 in 29ms (next.js: 1.1ms, proxy.ts: 1.6ms, application-code: 27ms)
 GET /login 200 in 28ms (next.js: 6ms, proxy.ts: 1.5ms, application-code: 21ms)
 GET /login 200 in 24ms (next.js: 1.3ms, proxy.ts: 2ms, application-code: 21ms)
 GET /login 200 in 24ms (next.js: 1.0ms, proxy.ts: 1.6ms, application-code: 21ms)
 GET /login 200 in 28ms (next.js: 1.0ms, proxy.ts: 1.6ms, application-code: 25ms)
 GET /login 200 in 124ms (next.js: 71ms, proxy.ts: 6ms, application-code: 47ms)
 GET /login 200 in 23ms (next.js: 2ms, proxy.ts: 3ms, application-code: 19ms)
 GET /login 200 in 30ms (next.js: 1.0ms, proxy.ts: 2ms, application-code: 27ms)
 GET /login 200 in 24ms (next.js: 1.0ms, proxy.ts: 1.7ms, application-code: 21ms)
 GET /login 200 in 33ms (next.js: 1.0ms, proxy.ts: 1.7ms, application-code: 30ms)
 GET /login 200 in 28ms (next.js: 1.9ms, proxy.ts: 2ms, application-code: 23ms)
 GET /login 200 in 32ms (next.js: 1.8ms, proxy.ts: 1.7ms, application-code: 29ms)
 GET /login 200 in 27ms (next.js: 1.5ms, proxy.ts: 1.8ms, application-code: 24ms)
 GET /login 200 in 23ms (next.js: 1.1ms, proxy.ts: 2.0ms, application-code: 20ms)
 GET /login 200 in 39ms (next.js: 1.7ms, proxy.ts: 4ms, application-code: 34ms)
 GET /login 200 in 28ms (next.js: 0.9ms, proxy.ts: 1.6ms, application-code: 25ms)
 GET /login 200 in 28ms (next.js: 1.1ms, proxy.ts: 1.4ms, application-code: 26ms)
 GET /login 200 in 25ms (next.js: 1.1ms, proxy.ts: 1.9ms, application-code: 22ms)
 GET /login 200 in 25ms (next.js: 1.0ms, proxy.ts: 1.5ms, application-code: 22ms)
 GET /login 200 in 55ms (next.js: 1.3ms, proxy.ts: 1.8ms, application-code: 52ms)
 GET /login 200 in 29ms (next.js: 1.7ms, proxy.ts: 1.8ms, application-code: 26ms)
 GET /login 200 in 29ms (next.js: 1.3ms, proxy.ts: 2.0ms, application-code: 26ms)
 GET /login 200 in 29ms (next.js: 1.1ms, proxy.ts: 2ms, application-code: 26ms)
 GET /login 200 in 28ms (next.js: 1.0ms, proxy.ts: 1.4ms, application-code: 25ms)
 GET /login 200 in 33ms (next.js: 1.4ms, proxy.ts: 1.5ms, application-code: 30ms)
 GET /login 200 in 25ms (next.js: 1.0ms, proxy.ts: 1.6ms, application-code: 23ms)
 GET /login 200 in 27ms (next.js: 1.5ms, proxy.ts: 2ms, application-code: 24ms)
 GET /login 200 in 24ms (next.js: 1.1ms, proxy.ts: 1.5ms, application-code: 22ms)
 GET /login 200 in 33ms (next.js: 2ms, proxy.ts: 3ms, application-code: 28ms)
 GET /login 200 in 24ms (next.js: 1.1ms, proxy.ts: 1.8ms, application-code: 21ms)
 GET /login 200 in 24ms (next.js: 1.1ms, proxy.ts: 1.6ms, application-code: 21ms)
 GET /login 200 in 23ms (next.js: 1.0ms, proxy.ts: 1.9ms, application-code: 20ms)
 GET /login 200 in 28ms (next.js: 1.0ms, proxy.ts: 2ms, application-code: 25ms)
 GET /login 200 in 48ms (next.js: 2ms, proxy.ts: 12ms, application-code: 34ms)
 GET /login 200 in 30ms (next.js: 1.2ms, proxy.ts: 1.6ms, application-code: 27ms)
 GET /login 200 in 25ms (next.js: 1.0ms, proxy.ts: 1.5ms, application-code: 22ms)
 GET /login 200 in 27ms (next.js: 1.1ms, proxy.ts: 1.5ms, application-code: 24ms)
 GET /login 200 in 23ms (next.js: 1.6ms, proxy.ts: 1.5ms, application-code: 20ms)
 GET /login 200 in 27ms (next.js: 1.2ms, proxy.ts: 1.6ms, application-code: 25ms)
 GET /login 200 in 24ms (next.js: 1.1ms, proxy.ts: 1.8ms, application-code: 21ms)
 GET /login 200 in 21ms (next.js: 0.9ms, proxy.ts: 1.4ms, application-code: 19ms)
 GET /login 200 in 23ms (next.js: 1.0ms, proxy.ts: 1.5ms, application-code: 21ms)
 GET /login 200 in 23ms (next.js: 1.0ms, proxy.ts: 1.8ms, application-code: 20ms)
 GET /login 200 in 26ms (next.js: 1.5ms, proxy.ts: 5ms, application-code: 20ms)
 GET /login 200 in 23ms (next.js: 1.1ms, proxy.ts: 1.6ms, application-code: 20ms)
 GET /login 200 in 24ms (next.js: 1.2ms, proxy.ts: 1.7ms, application-code: 21ms)
 GET /login 200 in 29ms (next.js: 1.1ms, proxy.ts: 1.7ms, application-code: 26ms)
 GET /login 200 in 35ms (next.js: 1.1ms, proxy.ts: 1.4ms, application-code: 32ms)
 GET /login 200 in 23ms (next.js: 1.3ms, proxy.ts: 1.6ms, application-code: 20ms)
 GET /login 200 in 22ms (next.js: 1.1ms, proxy.ts: 1.5ms, application-code: 20ms)
 GET /login 200 in 39ms (next.js: 1.0ms, proxy.ts: 2ms, application-code: 35ms)
 GET /login 200 in 23ms (next.js: 1.2ms, proxy.ts: 1.5ms, application-code: 20ms)
 GET /login 200 in 30ms (next.js: 1.3ms, proxy.ts: 1.6ms, application-code: 27ms)
 GET /login 200 in 38ms (next.js: 3ms, proxy.ts: 4ms, application-code: 32ms)
 GET /login 200 in 23ms (next.js: 1.2ms, proxy.ts: 1.7ms, application-code: 20ms)
 GET /login 200 in 22ms (next.js: 1.1ms, proxy.ts: 1.5ms, application-code: 19ms)
 GET /login 200 in 47ms (next.js: 1.9ms, proxy.ts: 1.7ms, application-code: 43ms)
 GET /login 200 in 24ms (next.js: 1.6ms, proxy.ts: 1.7ms, application-code: 21ms)
 GET /login 200 in 24ms (next.js: 1.3ms, proxy.ts: 2ms, application-code: 20ms)
 GET /login 200 in 31ms (next.js: 4ms, proxy.ts: 5ms, application-code: 23ms)
 GET /login 200 in 30ms (next.js: 1.5ms, proxy.ts: 1.6ms, application-code: 27ms)
 GET /login 200 in 29ms (next.js: 1.2ms, proxy.ts: 1.8ms, application-code: 26ms)
 GET /login 200 in 24ms (next.js: 1.5ms, proxy.ts: 1.8ms, application-code: 21ms)
 GET /login 200 in 23ms (next.js: 1.2ms, proxy.ts: 1.7ms, application-code: 20ms)
 GET /login 200 in 28ms (next.js: 1.0ms, proxy.ts: 1.6ms, application-code: 25ms)
 GET /login 200 in 23ms (next.js: 1.0ms, proxy.ts: 1.9ms, application-code: 20ms)
 GET /login 200 in 22ms (next.js: 1.2ms, proxy.ts: 1.7ms, application-code: 19ms)
 GET /login 200 in 27ms (next.js: 1.4ms, proxy.ts: 1.9ms, application-code: 23ms)
 GET /login 200 in 28ms (next.js: 1.1ms, proxy.ts: 1.5ms, application-code: 25ms)
 GET /login 200 in 23ms (next.js: 1.1ms, proxy.ts: 1.6ms, application-code: 20ms)
 GET /login 200 in 29ms (next.js: 1.0ms, proxy.ts: 1.6ms, application-code: 26ms)
 GET /login 200 in 26ms (next.js: 1.2ms, proxy.ts: 2ms, application-code: 22ms)
 GET /login 200 in 38ms (next.js: 1.8ms, proxy.ts: 2ms, application-code: 33ms)
 GET /login 200 in 22ms (next.js: 1.1ms, proxy.ts: 1.6ms, application-code: 20ms)
 GET /login 200 in 22ms (next.js: 1.0ms, proxy.ts: 1.6ms, application-code: 20ms)
 GET /login 200 in 32ms (next.js: 1.0ms, proxy.ts: 2ms, application-code: 29ms)
 GET /login 200 in 24ms (next.js: 1.2ms, proxy.ts: 1.9ms, application-code: 21ms)
 GET /login 200 in 23ms (next.js: 1.3ms, proxy.ts: 1.8ms, application-code: 20ms)
 GET /login 200 in 23ms (next.js: 1.0ms, proxy.ts: 1.6ms, application-code: 20ms)
 GET /login 200 in 23ms (next.js: 1.0ms, proxy.ts: 2ms, application-code: 20ms)
 GET /login 200 in 30ms (next.js: 1.0ms, proxy.ts: 1.4ms, application-code: 28ms)
 GET /login 200 in 29ms (next.js: 1.0ms, proxy.ts: 3ms, application-code: 26ms)
 GET /login 200 in 27ms (next.js: 1.1ms, proxy.ts: 1.5ms, application-code: 24ms)
 GET /login 200 in 35ms (next.js: 1.4ms, proxy.ts: 1.9ms, application-code: 31ms)
 GET /login 200 in 32ms (next.js: 1.0ms, proxy.ts: 1.4ms, application-code: 30ms)
 GET /login 200 in 24ms (next.js: 1.1ms, proxy.ts: 1.5ms, application-code: 22ms)
 GET /login 200 in 24ms (next.js: 1.0ms, proxy.ts: 1.6ms, application-code: 21ms)
 GET /login 200 in 26ms (next.js: 1.1ms, proxy.ts: 1.7ms, application-code: 23ms)
 GET /login 200 in 26ms (next.js: 1.1ms, proxy.ts: 1.6ms, application-code: 23ms)
 GET /login 200 in 29ms (next.js: 1.1ms, proxy.ts: 2ms, application-code: 26ms)
 GET /login 200 in 29ms (next.js: 1.1ms, proxy.ts: 1.6ms, application-code: 26ms)
 GET /login 200 in 28ms (next.js: 1.3ms, proxy.ts: 1.8ms, application-code: 25ms)
 GET /login 200 in 24ms (next.js: 1.0ms, proxy.ts: 1.7ms, application-code: 22ms)
 GET /login 200 in 25ms (next.js: 1.0ms, proxy.ts: 1.7ms, application-code: 22ms)
 GET /login 200 in 25ms (next.js: 1.1ms, proxy.ts: 1.7ms, application-code: 22ms)
 GET /login 200 in 25ms (next.js: 1.2ms, proxy.ts: 1.7ms, application-code: 22ms)
 GET /login 200 in 24ms (next.js: 1.0ms, proxy.ts: 1.5ms, application-code: 22ms)
 GET /login 200 in 24ms (next.js: 1.1ms, proxy.ts: 1.8ms, application-code: 21ms)
 GET /login 200 in 29ms (next.js: 1.5ms, proxy.ts: 1.6ms, application-code: 26ms)
 GET /login 200 in 23ms (next.js: 1.1ms, proxy.ts: 1.5ms, application-code: 20ms)
 GET /login 200 in 27ms (next.js: 1.1ms, proxy.ts: 1.7ms, application-code: 24ms)
 GET /login 200 in 35ms (next.js: 1.9ms, proxy.ts: 1.8ms, application-code: 31ms)
 GET /login 200 in 26ms (next.js: 1.2ms, proxy.ts: 1.7ms, application-code: 23ms)
 GET /login 200 in 37ms (next.js: 3ms, proxy.ts: 4ms, application-code: 30ms)
 GET /login 200 in 30ms (next.js: 2ms, proxy.ts: 4ms, application-code: 24ms)
 GET /login 200 in 24ms (next.js: 1.6ms, proxy.ts: 3ms, application-code: 20ms)
 GET /login 200 in 45ms (next.js: 1.0ms, proxy.ts: 1.8ms, application-code: 42ms)
 GET /login 200 in 29ms (next.js: 1.1ms, proxy.ts: 1.8ms, application-code: 27ms)
 GET /login 200 in 23ms (next.js: 1.2ms, proxy.ts: 1.6ms, application-code: 20ms)
 GET /login 200 in 35ms (next.js: 1.4ms, proxy.ts: 3ms, application-code: 30ms)
 GET /login 200 in 49ms (next.js: 4ms, proxy.ts: 2.0ms, application-code: 44ms)
 GET /login 200 in 26ms (next.js: 1.3ms, proxy.ts: 1.6ms, application-code: 23ms)
 GET /login 200 in 27ms (next.js: 1.0ms, proxy.ts: 1.3ms, application-code: 24ms)
 GET /login 200 in 24ms (next.js: 1.4ms, proxy.ts: 1.9ms, application-code: 21ms)
 GET /login 200 in 39ms (next.js: 1.9ms, proxy.ts: 3ms, application-code: 34ms)
 GET /login 200 in 40ms (next.js: 3ms, proxy.ts: 7ms, application-code: 30ms)
 GET /login 200 in 35ms (next.js: 1.2ms, proxy.ts: 1.7ms, application-code: 32ms)
 GET /login 200 in 33ms (next.js: 1.3ms, proxy.ts: 3ms, application-code: 29ms)
 GET /login 200 in 24ms (next.js: 1.2ms, proxy.ts: 1.5ms, application-code: 21ms)
 GET /login 200 in 25ms (next.js: 1.4ms, proxy.ts: 1.8ms, application-code: 22ms)
 GET /login 200 in 22ms (next.js: 0.9ms, proxy.ts: 1.6ms, application-code: 19ms)
 GET /login 200 in 41ms (next.js: 2ms, proxy.ts: 1.8ms, application-code: 37ms)
 GET /login 200 in 23ms (next.js: 2ms, proxy.ts: 1.6ms, application-code: 19ms)
 GET /login 200 in 24ms (next.js: 1.1ms, proxy.ts: 1.8ms, application-code: 21ms)
 GET /login 200 in 29ms (next.js: 1.2ms, proxy.ts: 1.6ms, application-code: 27ms)
 GET /login 200 in 23ms (next.js: 1.2ms, proxy.ts: 1.6ms, application-code: 20ms)
 GET /login 200 in 22ms (next.js: 1.2ms, proxy.ts: 1.6ms, application-code: 19ms)
 GET /login 200 in 22ms (next.js: 0.9ms, proxy.ts: 1.5ms, application-code: 19ms)
 GET /login 200 in 29ms (next.js: 1.2ms, proxy.ts: 2ms, application-code: 25ms)
 GET /login 200 in 43ms (next.js: 1.2ms, proxy.ts: 1.9ms, application-code: 40ms)
 GET /login 200 in 23ms (next.js: 1.2ms, proxy.ts: 1.7ms, application-code: 20ms)
 GET /login 200 in 25ms (next.js: 1.4ms, proxy.ts: 3ms, application-code: 21ms)
 GET /login 200 in 31ms (next.js: 1.1ms, proxy.ts: 1.7ms, application-code: 28ms)
 GET /login 200 in 24ms (next.js: 1.4ms, proxy.ts: 1.6ms, application-code: 21ms)
 GET /login 200 in 23ms (next.js: 1.1ms, proxy.ts: 1.8ms, application-code: 20ms)
 GET /login 200 in 23ms (next.js: 1.0ms, proxy.ts: 1.5ms, application-code: 21ms)
 GET /login 200 in 32ms (next.js: 1.0ms, proxy.ts: 1.5ms, application-code: 29ms)
 GET /login 200 in 27ms (next.js: 1.0ms, proxy.ts: 1.5ms, application-code: 24ms)
 GET /login 200 in 22ms (next.js: 0.9ms, proxy.ts: 1.6ms, application-code: 19ms)
 GET /login 200 in 26ms (next.js: 1.0ms, proxy.ts: 1.6ms, application-code: 23ms)
 GET /login 200 in 22ms (next.js: 1.3ms, proxy.ts: 1.6ms, application-code: 20ms)
 GET /login 200 in 35ms (next.js: 2.0ms, proxy.ts: 5ms, application-code: 28ms)
 GET /login 200 in 22ms (next.js: 1.0ms, proxy.ts: 1.5ms, application-code: 19ms)
 GET /login 200 in 42ms (next.js: 1.2ms, proxy.ts: 1.4ms, application-code: 39ms)
 GET /login 200 in 24ms (next.js: 1.3ms, proxy.ts: 1.7ms, application-code: 20ms)
 GET /login 200 in 22ms (next.js: 1.0ms, proxy.ts: 1.6ms, application-code: 19ms)
 GET /login 200 in 22ms (next.js: 0.9ms, proxy.ts: 1.5ms, application-code: 20ms)
 GET /login 200 in 24ms (next.js: 1.6ms, proxy.ts: 1.6ms, application-code: 21ms)
 GET /login 200 in 31ms (next.js: 1.2ms, proxy.ts: 1.8ms, application-code: 28ms)
 GET /login 200 in 41ms (next.js: 2ms, proxy.ts: 3ms, application-code: 35ms)
 GET /login 200 in 30ms (next.js: 1.4ms, proxy.ts: 1.8ms, application-code: 27ms)
 GET /login 200 in 28ms (next.js: 1.2ms, proxy.ts: 2ms, application-code: 24ms)
 GET /login 200 in 31ms (next.js: 1.4ms, proxy.ts: 2ms, application-code: 27ms)
 GET /login 200 in 30ms (next.js: 1.0ms, proxy.ts: 1.6ms, application-code: 27ms)
 GET /login 200 in 25ms (next.js: 1.0ms, proxy.ts: 1.4ms, application-code: 22ms)
 GET /login 200 in 25ms (next.js: 1.2ms, proxy.ts: 1.5ms, application-code: 22ms)
 GET /login 200 in 24ms (next.js: 1.0ms, proxy.ts: 1.7ms, application-code: 22ms)
 GET /login 200 in 29ms (next.js: 1.2ms, proxy.ts: 1.9ms, application-code: 26ms)
 GET /login 200 in 28ms (next.js: 1.1ms, proxy.ts: 1.8ms, application-code: 25ms)
 GET /login 200 in 51ms (next.js: 3ms, proxy.ts: 11ms, application-code: 37ms)
 GET /login 200 in 25ms (next.js: 1.1ms, proxy.ts: 1.9ms, application-code: 22ms)
 GET /login 200 in 25ms (next.js: 1.2ms, proxy.ts: 1.7ms, application-code: 22ms)
 GET /login 200 in 26ms (next.js: 1.2ms, proxy.ts: 1.6ms, application-code: 24ms)
 GET /login 200 in 25ms (next.js: 1.1ms, proxy.ts: 1.5ms, application-code: 22ms)
 GET /login 200 in 28ms (next.js: 1.0ms, proxy.ts: 1.5ms, application-code: 25ms)
 GET /login 200 in 26ms (next.js: 1.0ms, proxy.ts: 1.6ms, application-code: 23ms)
 GET /login 200 in 26ms (next.js: 1.2ms, proxy.ts: 1.6ms, application-code: 23ms)
 GET /login 200 in 28ms (next.js: 1.3ms, proxy.ts: 4ms, application-code: 23ms)
 GET /login 200 in 30ms (next.js: 1.3ms, proxy.ts: 1.8ms, application-code: 27ms)
 GET /login 200 in 23ms (next.js: 1.2ms, proxy.ts: 1.7ms, application-code: 20ms)
 GET /login 200 in 30ms (next.js: 1.2ms, proxy.ts: 1.6ms, application-code: 27ms)
 GET /login 200 in 30ms (next.js: 1.1ms, proxy.ts: 3ms, application-code: 26ms)
 GET /login 200 in 33ms (next.js: 1.7ms, proxy.ts: 2ms, application-code: 29ms)
 GET /login 200 in 24ms (next.js: 1.1ms, proxy.ts: 1.6ms, application-code: 21ms)
 GET /login 200 in 33ms (next.js: 0.9ms, proxy.ts: 1.7ms, application-code: 30ms)
 GET /login 200 in 25ms (next.js: 1.2ms, proxy.ts: 1.9ms, application-code: 21ms)
 GET /login 200 in 23ms (next.js: 1.1ms, proxy.ts: 1.5ms, application-code: 20ms)
 GET /login 200 in 23ms (next.js: 1.1ms, proxy.ts: 1.5ms, application-code: 20ms)
 GET /login 200 in 46ms (next.js: 8ms, proxy.ts: 5ms, application-code: 33ms)
 GET /login 200 in 23ms (next.js: 1.0ms, proxy.ts: 1.5ms, application-code: 21ms)
 GET /login 200 in 27ms (next.js: 1.6ms, proxy.ts: 2ms, application-code: 23ms)
 GET /login 200 in 50ms (next.js: 10ms, proxy.ts: 5ms, application-code: 35ms)
 GET /login 200 in 46ms (next.js: 1.1ms, proxy.ts: 1.5ms, application-code: 44ms)
 GET /login 200 in 24ms (next.js: 1.4ms, proxy.ts: 1.8ms, application-code: 21ms)
 GET /login 200 in 24ms (next.js: 1.3ms, proxy.ts: 1.9ms, application-code: 21ms)
 GET /login 200 in 26ms (next.js: 1.5ms, proxy.ts: 1.8ms, application-code: 23ms)
 GET /login 200 in 31ms (next.js: 1.4ms, proxy.ts: 6ms, application-code: 24ms)
 GET /login 200 in 22ms (next.js: 1.0ms, proxy.ts: 1.5ms, application-code: 20ms)
 GET /login 200 in 24ms (next.js: 1.0ms, proxy.ts: 1.6ms, application-code: 21ms)
 GET /login 200 in 29ms (next.js: 1.2ms, proxy.ts: 1.6ms, application-code: 26ms)
 GET /login 200 in 36ms (next.js: 4ms, proxy.ts: 6ms, application-code: 26ms)
 GET /login 200 in 23ms (next.js: 1.0ms, proxy.ts: 1.4ms, application-code: 21ms)
 GET /login 200 in 23ms (next.js: 1.0ms, proxy.ts: 1.5ms, application-code: 21ms)
 GET /login 200 in 29ms (next.js: 1.3ms, proxy.ts: 5ms, application-code: 22ms)
 GET /login 200 in 32ms (next.js: 1.0ms, proxy.ts: 1.6ms, application-code: 30ms)
 GET /login 200 in 25ms (next.js: 1.2ms, proxy.ts: 1.8ms, application-code: 22ms)
 GET /login 200 in 23ms (next.js: 1.2ms, proxy.ts: 1.8ms, application-code: 20ms)
 GET /login 200 in 24ms (next.js: 1.1ms, proxy.ts: 1.9ms, application-code: 21ms)
 GET /login 200 in 27ms (next.js: 1.1ms, proxy.ts: 1.7ms, application-code: 24ms)
 GET /login 200 in 24ms (next.js: 1.0ms, proxy.ts: 1.5ms, application-code: 21ms)
 GET /login 200 in 21ms (next.js: 1.2ms, proxy.ts: 1.9ms, application-code: 18ms)
 GET /login 200 in 29ms (next.js: 1.2ms, proxy.ts: 1.5ms, application-code: 26ms)
 GET /login 200 in 33ms (next.js: 1.2ms, proxy.ts: 1.6ms, application-code: 30ms)
 GET /login 200 in 23ms (next.js: 1.0ms, proxy.ts: 1.6ms, application-code: 20ms)
 GET /login 200 in 23ms (next.js: 1.1ms, proxy.ts: 1.4ms, application-code: 21ms)
 GET /login 200 in 31ms (next.js: 1.1ms, proxy.ts: 1.6ms, application-code: 29ms)
 GET /login 200 in 25ms (next.js: 1.2ms, proxy.ts: 1.7ms, application-code: 22ms)
 GET /login 200 in 24ms (next.js: 1.3ms, proxy.ts: 1.7ms, application-code: 21ms)
 GET /login 200 in 24ms (next.js: 1.2ms, proxy.ts: 2.0ms, application-code: 21ms)
 GET /login 200 in 31ms (next.js: 7ms, proxy.ts: 2.0ms, application-code: 22ms)
 GET /login 200 in 24ms (next.js: 1.1ms, proxy.ts: 1.6ms, application-code: 21ms)
 GET /login 200 in 24ms (next.js: 1.1ms, proxy.ts: 1.5ms, application-code: 22ms)
 GET /login 200 in 32ms (next.js: 1.1ms, proxy.ts: 1.6ms, application-code: 30ms)
 GET /login 200 in 24ms (next.js: 1.1ms, proxy.ts: 1.6ms, application-code: 21ms)
 GET /login 200 in 24ms (next.js: 1.1ms, proxy.ts: 1.8ms, application-code: 21ms)
 GET /login 200 in 45ms (next.js: 3ms, proxy.ts: 4ms, application-code: 38ms)
 GET /login 200 in 24ms (next.js: 1.3ms, proxy.ts: 1.7ms, application-code: 21ms)
 GET /login 200 in 28ms (next.js: 1.1ms, proxy.ts: 1.7ms, application-code: 25ms)
 GET /login 200 in 34ms (next.js: 1.7ms, proxy.ts: 3ms, application-code: 28ms)
 GET /login 200 in 25ms (next.js: 1.4ms, proxy.ts: 1.6ms, application-code: 22ms)
 GET /login 200 in 30ms (next.js: 1.2ms, proxy.ts: 2ms, application-code: 26ms)
 GET /login 200 in 32ms (next.js: 1.4ms, proxy.ts: 1.6ms, application-code: 29ms)
 GET /login 200 in 31ms (next.js: 2ms, proxy.ts: 1.8ms, application-code: 27ms)
 GET /login 200 in 24ms (next.js: 1.0ms, proxy.ts: 1.5ms, application-code: 22ms)
 GET /login 200 in 24ms (next.js: 1.1ms, proxy.ts: 1.7ms, application-code: 21ms)
 GET /login 200 in 24ms (next.js: 1.1ms, proxy.ts: 1.5ms, application-code: 21ms)
 GET /login 200 in 24ms (next.js: 1.1ms, proxy.ts: 1.7ms, application-code: 21ms)
 GET /login 200 in 31ms (next.js: 1.2ms, proxy.ts: 2ms, application-code: 28ms)
 GET /login 200 in 28ms (next.js: 1.3ms, proxy.ts: 1.8ms, application-code: 25ms)
 GET /login 200 in 28ms (next.js: 1.1ms, proxy.ts: 1.4ms, application-code: 25ms)
 GET /login 200 in 24ms (next.js: 1.1ms, proxy.ts: 1.5ms, application-code: 21ms)
 GET /login 200 in 24ms (next.js: 1.0ms, proxy.ts: 1.6ms, application-code: 22ms)
 GET /login 200 in 24ms (next.js: 1.1ms, proxy.ts: 1.5ms, application-code: 22ms)
 GET /login 200 in 28ms (next.js: 1.1ms, proxy.ts: 1.8ms, application-code: 25ms)
 GET /login 200 in 44ms (next.js: 2ms, proxy.ts: 4ms, application-code: 38ms)
 GET /login 200 in 24ms (next.js: 1.0ms, proxy.ts: 1.8ms, application-code: 21ms)
 GET /login 200 in 25ms (next.js: 1.1ms, proxy.ts: 1.6ms, application-code: 22ms)
 GET /login 200 in 23ms (next.js: 0.9ms, proxy.ts: 1.6ms, application-code: 20ms)
 GET /login 200 in 25ms (next.js: 1.1ms, proxy.ts: 1.6ms, application-code: 22ms)
 GET /login 200 in 22ms (next.js: 1.0ms, proxy.ts: 1.6ms, application-code: 20ms)
 GET /login 200 in 26ms (next.js: 1.0ms, proxy.ts: 1.7ms, application-code: 23ms)
 GET /login 200 in 22ms (next.js: 1.1ms, proxy.ts: 1.5ms, application-code: 20ms)
 GET /login 200 in 26ms (next.js: 1.1ms, proxy.ts: 1.7ms, application-code: 24ms)
 GET /login 200 in 24ms (next.js: 1.1ms, proxy.ts: 1.8ms, application-code: 21ms)
 GET /login 200 in 22ms (next.js: 1.0ms, proxy.ts: 1.8ms, application-code: 19ms)
 GET /login 200 in 23ms (next.js: 1.0ms, proxy.ts: 1.5ms, application-code: 20ms)
 GET /login 200 in 23ms (next.js: 1.3ms, proxy.ts: 1.9ms, application-code: 20ms)
 GET /login 200 in 26ms (next.js: 4ms, proxy.ts: 1.7ms, application-code: 20ms)
 GET /login 200 in 25ms (next.js: 1.5ms, proxy.ts: 4ms, application-code: 20ms)
 GET /login 200 in 24ms (next.js: 1.1ms, proxy.ts: 1.7ms, application-code: 21ms)
 GET /login 200 in 29ms (next.js: 1.2ms, proxy.ts: 1.7ms, application-code: 26ms)
 GET /login 200 in 23ms (next.js: 1.3ms, proxy.ts: 1.7ms, application-code: 20ms)
 GET /login 200 in 22ms (next.js: 1.0ms, proxy.ts: 1.6ms, application-code: 20ms)
 GET /login 200 in 26ms (next.js: 1.4ms, proxy.ts: 2ms, application-code: 22ms)
 GET /login 200 in 48ms (next.js: 3ms, proxy.ts: 3ms, application-code: 42ms)
 GET /login 200 in 26ms (next.js: 1.0ms, proxy.ts: 1.5ms, application-code: 24ms)
 GET /login 200 in 24ms (next.js: 1.3ms, proxy.ts: 2.0ms, application-code: 20ms)
 GET /login 200 in 30ms (next.js: 1.3ms, proxy.ts: 1.8ms, application-code: 27ms)
 GET /login 200 in 29ms (next.js: 1.2ms, proxy.ts: 1.8ms, application-code: 26ms)
 GET /login 200 in 22ms (next.js: 1.1ms, proxy.ts: 1.6ms, application-code: 20ms)
 GET /login 200 in 23ms (next.js: 1.1ms, proxy.ts: 1.9ms, application-code: 20ms)
 GET /login 200 in 34ms (next.js: 1.2ms, proxy.ts: 1.5ms, application-code: 32ms)
 GET /login 200 in 23ms (next.js: 1.1ms, proxy.ts: 1.6ms, application-code: 20ms)
 GET /login 200 in 23ms (next.js: 1.1ms, proxy.ts: 1.6ms, application-code: 20ms)
 GET /login 200 in 32ms (next.js: 4ms, proxy.ts: 3ms, application-code: 26ms)
 GET /login 200 in 24ms (next.js: 1.1ms, proxy.ts: 2ms, application-code: 20ms)
 GET /login 200 in 43ms (next.js: 11ms, proxy.ts: 3ms, application-code: 29ms)
 GET /login 200 in 22ms (next.js: 1.0ms, proxy.ts: 1.4ms, application-code: 20ms)
 GET /login 200 in 23ms (next.js: 1.1ms, proxy.ts: 1.8ms, application-code: 20ms)
 GET /login 200 in 31ms (next.js: 1.1ms, proxy.ts: 2ms, application-code: 27ms)
 GET /login 200 in 22ms (next.js: 1.1ms, proxy.ts: 1.6ms, application-code: 19ms)
 GET /login 200 in 22ms (next.js: 1.1ms, proxy.ts: 1.5ms, application-code: 19ms)
 GET /login 200 in 22ms (next.js: 1.0ms, proxy.ts: 1.8ms, application-code: 20ms)
 GET /login 200 in 28ms (next.js: 5ms, proxy.ts: 1.5ms, application-code: 22ms)
 GET /login 200 in 25ms (next.js: 1.6ms, proxy.ts: 3ms, application-code: 20ms)
 GET /login 200 in 24ms (next.js: 1.1ms, proxy.ts: 1.8ms, application-code: 21ms)
 GET /login 200 in 27ms (next.js: 1.0ms, proxy.ts: 1.6ms, application-code: 24ms)
 GET /login 200 in 22ms (next.js: 0.9ms, proxy.ts: 1.5ms, application-code: 19ms)
 GET /login 200 in 22ms (next.js: 1.0ms, proxy.ts: 1.6ms, application-code: 19ms)
 GET /login 200 in 22ms (next.js: 1.1ms, proxy.ts: 1.7ms, application-code: 19ms)
 GET /login 200 in 27ms (next.js: 1.2ms, proxy.ts: 1.5ms, application-code: 24ms)
 GET /login 200 in 24ms (next.js: 0.9ms, proxy.ts: 1.6ms, application-code: 21ms)
 GET /login 200 in 26ms (next.js: 1.1ms, proxy.ts: 2ms, application-code: 22ms)
 GET /login 200 in 24ms (next.js: 1.4ms, proxy.ts: 1.6ms, application-code: 21ms)
 GET /login 200 in 25ms (next.js: 1.2ms, proxy.ts: 1.5ms, application-code: 22ms)
 GET /login 200 in 23ms (next.js: 1.3ms, proxy.ts: 1.5ms, application-code: 20ms)
 GET /login 200 in 30ms (next.js: 1.0ms, proxy.ts: 1.8ms, application-code: 27ms)
 GET /login 200 in 22ms (next.js: 1.1ms, proxy.ts: 1.5ms, application-code: 19ms)
 GET /login 200 in 23ms (next.js: 1.1ms, proxy.ts: 1.6ms, application-code: 20ms)
 GET /login 200 in 29ms (next.js: 0.9ms, proxy.ts: 2ms, application-code: 26ms)
 GET /login 200 in 26ms (next.js: 1.2ms, proxy.ts: 1.4ms, application-code: 23ms)
 GET /login 200 in 32ms (next.js: 1.9ms, proxy.ts: 3ms, application-code: 27ms)
 GET /login 200 in 27ms (next.js: 1.1ms, proxy.ts: 1.5ms, application-code: 24ms)
 GET /login 200 in 28ms (next.js: 5ms, proxy.ts: 1.8ms, application-code: 21ms)
 GET /login 200 in 24ms (next.js: 1.3ms, proxy.ts: 1.8ms, application-code: 21ms)
 GET /login 200 in 24ms (next.js: 1.1ms, proxy.ts: 1.6ms, application-code: 21ms)
 GET /login 200 in 29ms (next.js: 1.1ms, proxy.ts: 2ms, application-code: 25ms)
 GET /login 200 in 23ms (next.js: 1.0ms, proxy.ts: 1.5ms, application-code: 20ms)
 GET /login 200 in 24ms (next.js: 1.0ms, proxy.ts: 1.9ms, application-code: 21ms)
 GET /login 200 in 30ms (next.js: 1.3ms, proxy.ts: 1.7ms, application-code: 27ms)
 GET /login 200 in 27ms (next.js: 1.6ms, proxy.ts: 1.9ms, application-code: 23ms)
 GET /login 200 in 23ms (next.js: 1.2ms, proxy.ts: 1.8ms, application-code: 20ms)
 GET /login 200 in 21ms (next.js: 1.1ms, proxy.ts: 1.6ms, application-code: 19ms)
 GET /login 200 in 21ms (next.js: 0.8ms, proxy.ts: 1.3ms, application-code: 19ms)
 GET /login 200 in 24ms (next.js: 1.1ms, proxy.ts: 1.5ms, application-code: 21ms)
 GET /login 200 in 24ms (next.js: 1.1ms, proxy.ts: 1.5ms, application-code: 21ms)
 GET /login 200 in 30ms (next.js: 1.9ms, proxy.ts: 1.9ms, application-code: 26ms)
 GET /login 200 in 27ms (next.js: 1.0ms, proxy.ts: 1.5ms, application-code: 25ms)
 GET /login 200 in 28ms (next.js: 1.2ms, proxy.ts: 1.6ms, application-code: 26ms)
 GET /login 200 in 49ms (next.js: 3ms, proxy.ts: 6ms, application-code: 40ms)
 GET /login 200 in 32ms (next.js: 1.2ms, proxy.ts: 3ms, application-code: 27ms)
 GET /login 200 in 24ms (next.js: 1.2ms, proxy.ts: 1.6ms, application-code: 22ms)
 GET /login 200 in 26ms (next.js: 1.1ms, proxy.ts: 1.5ms, application-code: 23ms)
 GET /login 200 in 51ms (next.js: 1.2ms, proxy.ts: 1.7ms, application-code: 48ms)
 GET /login 200 in 33ms (next.js: 1.7ms, proxy.ts: 3ms, application-code: 28ms)
 GET /login 200 in 31ms (next.js: 0.9ms, proxy.ts: 1.7ms, application-code: 28ms)
 GET /login 200 in 29ms (next.js: 1.2ms, proxy.ts: 1.7ms, application-code: 27ms)
 GET /login 200 in 27ms (next.js: 1.4ms, proxy.ts: 1.6ms, application-code: 24ms)
 GET /login 200 in 28ms (next.js: 2ms, proxy.ts: 1.9ms, application-code: 24ms)
 GET /login 200 in 26ms (next.js: 1.1ms, proxy.ts: 1.7ms, application-code: 23ms)
 GET /login 200 in 26ms (next.js: 1.1ms, proxy.ts: 1.4ms, application-code: 23ms)
 GET /login 200 in 47ms (next.js: 2ms, proxy.ts: 6ms, application-code: 38ms)
 GET /login 200 in 24ms (next.js: 1.1ms, proxy.ts: 1.8ms, application-code: 21ms)
 GET /login 200 in 26ms (next.js: 1.4ms, proxy.ts: 1.6ms, application-code: 23ms)
 GET /login 200 in 25ms (next.js: 1.2ms, proxy.ts: 3ms, application-code: 21ms)
 GET /login 200 in 27ms (next.js: 1.0ms, proxy.ts: 2ms, application-code: 23ms)
 GET /login 200 in 22ms (next.js: 1.0ms, proxy.ts: 1.6ms, application-code: 20ms)
 GET /login 200 in 25ms (next.js: 1.1ms, proxy.ts: 1.5ms, application-code: 22ms)
 GET /login 200 in 22ms (next.js: 0.9ms, proxy.ts: 1.4ms, application-code: 20ms)
 GET /login 200 in 26ms (next.js: 1.0ms, proxy.ts: 1.7ms, application-code: 23ms)
 GET /login 200 in 22ms (next.js: 1.0ms, proxy.ts: 1.5ms, application-code: 20ms)
 GET /login 200 in 32ms (next.js: 1.4ms, proxy.ts: 3ms, application-code: 28ms)
 GET /login 200 in 27ms (next.js: 2.0ms, proxy.ts: 1.7ms, application-code: 23ms)
 GET /login 200 in 23ms (next.js: 1.4ms, proxy.ts: 1.8ms, application-code: 20ms)
 GET /login 200 in 24ms (next.js: 1.2ms, proxy.ts: 1.6ms, application-code: 21ms)
 GET /login 200 in 25ms (next.js: 1.1ms, proxy.ts: 1.5ms, application-code: 22ms)
 GET /login 200 in 30ms (next.js: 1.4ms, proxy.ts: 7ms, application-code: 21ms)
 GET /login 200 in 23ms (next.js: 0.9ms, proxy.ts: 1.9ms, application-code: 20ms)
 GET /login 200 in 25ms (next.js: 1.0ms, proxy.ts: 1.6ms, application-code: 22ms)
 GET /login 200 in 38ms (next.js: 1.5ms, proxy.ts: 2ms, application-code: 35ms)
 GET /login 200 in 22ms (next.js: 1.1ms, proxy.ts: 1.7ms, application-code: 19ms)
 GET /login 200 in 28ms (next.js: 1.6ms, proxy.ts: 2ms, application-code: 24ms)
 GET /login 200 in 105ms (next.js: 5ms, proxy.ts: 16ms, application-code: 84ms)
 GET /login 200 in 61ms (next.js: 7ms, proxy.ts: 3ms, application-code: 50ms)
 GET /login 200 in 30ms (next.js: 2.0ms, proxy.ts: 2ms, application-code: 26ms)
 GET /login 200 in 25ms (next.js: 1.3ms, proxy.ts: 1.8ms, application-code: 22ms)
 GET /login 200 in 28ms (next.js: 1.1ms, proxy.ts: 1.8ms, application-code: 25ms)
 GET /login 200 in 32ms (next.js: 1.1ms, proxy.ts: 2.0ms, application-code: 29ms)
 GET /login 200 in 30ms (next.js: 2ms, proxy.ts: 2ms, application-code: 26ms)
 GET /login 200 in 81ms (next.js: 5ms, proxy.ts: 3ms, application-code: 73ms)
 GET /login 200 in 42ms (next.js: 3ms, proxy.ts: 4ms, application-code: 34ms)
 GET /login 200 in 24ms (next.js: 1.2ms, proxy.ts: 1.6ms, application-code: 21ms)
 GET /login 200 in 45ms (next.js: 3ms, proxy.ts: 4ms, application-code: 38ms)
 GET /api/auth/providers 200 in 58ms (next.js: 41ms, application-code: 17ms)
 GET /api/auth/csrf 200 in 10ms (next.js: 5ms, application-code: 5ms)
[31m[auth][error][0m CredentialsSignin: Read more at https://errors.authjs.dev#credentialssignin
    at Object.authorize (/Users/deevexx/Documents/PROJECTS/freight-forwarder/customer-portal-bhf/.next/dev/server/chunks/[root-of-the-server]__1lx5-n3._.js:753:210)
    at process.processTicksAndRejections (node:internal/process/task_queues:104:5)
    at async Module.callback (/Users/deevexx/Documents/PROJECTS/freight-forwarder/customer-portal-bhf/.next/dev/server/chunks/node_modules_@auth_core_0gltlle._.js:1175:39)
    at async AuthInternal (/Users/deevexx/Documents/PROJECTS/freight-forwarder/customer-portal-bhf/.next/dev/server/chunks/node_modules_@auth_core_0gltlle._.js:2511:24)
    at async Auth (/Users/deevexx/Documents/PROJECTS/freight-forwarder/customer-portal-bhf/.next/dev/server/chunks/node_modules_@auth_core_0gltlle._.js:350:34)
    at async AppRouteRouteModule.do (/Users/deevexx/Documents/PROJECTS/freight-forwarder/customer-portal-bhf/node_modules/next/dist/compiled/next-server/app-route-turbo.runtime.dev.js:5:42793)
    at async AppRouteRouteModule.handle (/Users/deevexx/Documents/PROJECTS/freight-forwarder/customer-portal-bhf/node_modules/next/dist/compiled/next-server/app-route-turbo.runtime.dev.js:5:50547)
    at async responseGenerator (/Users/deevexx/Documents/PROJECTS/freight-forwarder/customer-portal-bhf/.next/dev/server/chunks/node_modules_next_1e9htnb._.js:5328:30)
    at async AppRouteRouteModule.handleResponse (/Users/deevexx/Documents/PROJECTS/freight-forwarder/customer-portal-bhf/node_modules/next/dist/compiled/next-server/app-route-turbo.runtime.dev.js:1:250435)
    at async handleResponse (/Users/deevexx/Documents/PROJECTS/freight-forwarder/customer-portal-bhf/.next/dev/server/chunks/node_modules_next_1e9htnb._.js:5400:32)
    at async Module.handler (/Users/deevexx/Documents/PROJECTS/freight-forwarder/customer-portal-bhf/.next/dev/server/chunks/node_modules_next_1e9htnb._.js:5520:9)
    at async DevServer.renderToResponseWithComponentsImpl (/Users/deevexx/Documents/PROJECTS/freight-forwarder/customer-portal-bhf/node_modules/next/dist/server/base-server.js:1537:9)
    at async DevServer.renderPageComponent (/Users/deevexx/Documents/PROJECTS/freight-forwarder/customer-portal-bhf/node_modules/next/dist/server/base-server.js:1589:24)
    at async DevServer.renderToResponseImpl (/Users/deevexx/Documents/PROJECTS/freight-forwarder/customer-portal-bhf/node_modules/next/dist/server/base-server.js:1639:32)
    at async DevServer.pipeImpl (/Users/deevexx/Documents/PROJECTS/freight-forwarder/customer-portal-bhf/node_modules/next/dist/server/base-server.js:1088:25)
    at async NextNodeServer.handleCatchallRenderRequest (/Users/deevexx/Documents/PROJECTS/freight-forwarder/customer-portal-bhf/node_modules/next/dist/server/next-server.js:338:17)
    at async DevServer.handleRequestImpl (/Users/deevexx/Documents/PROJECTS/freight-forwarder/customer-portal-bhf/node_modules/next/dist/server/base-server.js:979:17)
    at async /Users/deevexx/Documents/PROJECTS/freight-forwarder/customer-portal-bhf/node_modules/next/dist/server/dev/next-dev-server.js:426:20
    at async Span.traceAsyncFn (/Users/deevexx/Documents/PROJECTS/freight-forwarder/customer-portal-bhf/node_modules/next/dist/trace/trace.js:164:20)
    at async DevServer.handleRequest (/Users/deevexx/Documents/PROJECTS/freight-forwarder/customer-portal-bhf/node_modules/next/dist/server/dev/next-dev-server.js:422:24)
    at async invokeRender (/Users/deevexx/Documents/PROJECTS/freight-forwarder/customer-portal-bhf/node_modules/next/dist/server/lib/router-server.js:306:21)
    at async handleRequest (/Users/deevexx/Documents/PROJECTS/freight-forwarder/customer-portal-bhf/node_modules/next/dist/server/lib/router-server.js:508:24)
    at async requestHandlerImpl (/Users/deevexx/Documents/PROJECTS/freight-forwarder/customer-portal-bhf/node_modules/next/dist/server/lib/router-server.js:565:13)
    at async Server.requestListener (/Users/deevexx/Documents/PROJECTS/freight-forwarder/customer-portal-bhf/node_modules/next/dist/server/lib/start-server.js:225:13)
 POST /api/auth/callback/credentials? 200 in 71ms (next.js: 3ms, application-code: 68ms)
 GET /login 200 in 38ms (next.js: 1.5ms, proxy.ts: 9ms, application-code: 28ms)
[31m[auth][error][0m JWTSessionError: Read more at https://errors.authjs.dev#jwtsessionerror
[31m[auth][cause][0m: Error: no matching decryption secret
    at clockTolerance (/Users/deevexx/Documents/PROJECTS/freight-forwarder/customer-portal-bhf/.next/dev/server/chunks/node_modules_@auth_core_0gltlle._.js:484:15)
    at async decryptJWE (/Users/deevexx/Documents/PROJECTS/freight-forwarder/customer-portal-bhf/.next/dev/server/chunks/node_modules_jose_dist_webapi_1_yi52-._.js:977:40)
    at async jwtDecrypt (/Users/deevexx/Documents/PROJECTS/freight-forwarder/customer-portal-bhf/.next/dev/server/chunks/node_modules_jose_dist_webapi_1_yi52-._.js:98:38)
    at async Object.decode (/Users/deevexx/Documents/PROJECTS/freight-forwarder/customer-portal-bhf/.next/dev/server/chunks/node_modules_@auth_core_0gltlle._.js:474:25)
    at async Module.session (/Users/deevexx/Documents/PROJECTS/freight-forwarder/customer-portal-bhf/.next/dev/server/chunks/node_modules_@auth_core_0gltlle._.js:1940:29)
    at async AuthInternal (/Users/deevexx/Documents/PROJECTS/freight-forwarder/customer-portal-bhf/.next/dev/server/chunks/node_modules_@auth_core_0gltlle._.js:2494:24)
    at async Auth (/Users/deevexx/Documents/PROJECTS/freight-forwarder/customer-portal-bhf/.next/dev/server/chunks/node_modules_@auth_core_0gltlle._.js:350:34)
    at async AppRouteRouteModule.do (/Users/deevexx/Documents/PROJECTS/freight-forwarder/customer-portal-bhf/node_modules/next/dist/compiled/next-server/app-route-turbo.runtime.dev.js:5:42793)
    at async AppRouteRouteModule.handle (/Users/deevexx/Documents/PROJECTS/freight-forwarder/customer-portal-bhf/node_modules/next/dist/compiled/next-server/app-route-turbo.runtime.dev.js:5:50547)
    at async responseGenerator (/Users/deevexx/Documents/PROJECTS/freight-forwarder/customer-portal-bhf/.next/dev/server/chunks/node_modules_next_1e9htnb._.js:5328:30)
    at async AppRouteRouteModule.handleResponse (/Users/deevexx/Documents/PROJECTS/freight-forwarder/customer-portal-bhf/node_modules/next/dist/compiled/next-server/app-route-turbo.runtime.dev.js:1:250435)
    at async handleResponse (/Users/deevexx/Documents/PROJECTS/freight-forwarder/customer-portal-bhf/.next/dev/server/chunks/node_modules_next_1e9htnb._.js:5400:32)
    at async Module.handler (/Users/deevexx/Documents/PROJECTS/freight-forwarder/customer-portal-bhf/.next/dev/server/chunks/node_modules_next_1e9htnb._.js:5520:9)
    at async DevServer.renderToResponseWithComponentsImpl (/Users/deevexx/Documents/PROJECTS/freight-forwarder/customer-portal-bhf/node_modules/next/dist/server/base-server.js:1537:9)
    at async DevServer.renderPageComponent (/Users/deevexx/Documents/PROJECTS/freight-forwarder/customer-portal-bhf/node_modules/next/dist/server/base-server.js:1589:24)
    at async DevServer.renderToResponseImpl (/Users/deevexx/Documents/PROJECTS/freight-forwarder/customer-portal-bhf/node_modules/next/dist/server/base-server.js:1639:32)
    at async DevServer.pipeImpl (/Users/deevexx/Documents/PROJECTS/freight-forwarder/customer-portal-bhf/node_modules/next/dist/server/base-server.js:1088:25)
    at async NextNodeServer.handleCatchallRenderRequest (/Users/deevexx/Documents/PROJECTS/freight-forwarder/customer-portal-bhf/node_modules/next/dist/server/next-server.js:338:17)
    at async DevServer.handleRequestImpl (/Users/deevexx/Documents/PROJECTS/freight-forwarder/customer-portal-bhf/node_modules/next/dist/server/base-server.js:979:17)
    at async /Users/deevexx/Documents/PROJECTS/freight-forwarder/customer-portal-bhf/node_modules/next/dist/server/dev/next-dev-server.js:426:20
    at async Span.traceAsyncFn (/Users/deevexx/Documents/PROJECTS/freight-forwarder/customer-portal-bhf/node_modules/next/dist/trace/trace.js:164:20)
    at async DevServer.handleRequest (/Users/deevexx/Documents/PROJECTS/freight-forwarder/customer-portal-bhf/node_modules/next/dist/server/dev/next-dev-server.js:422:24)
    at async invokeRender (/Users/deevexx/Documents/PROJECTS/freight-forwarder/customer-portal-bhf/node_modules/next/dist/server/lib/router-server.js:306:21)
    at async handleRequest (/Users/deevexx/Documents/PROJECTS/freight-forwarder/customer-portal-bhf/node_modules/next/dist/server/lib/router-server.js:508:24)
    at async requestHandlerImpl (/Users/deevexx/Documents/PROJECTS/freight-forwarder/customer-portal-bhf/node_modules/next/dist/server/lib/router-server.js:565:13)
    at async Server.requestListener (/Users/deevexx/Documents/PROJECTS/freight-forwarder/customer-portal-bhf/node_modules/next/dist/server/lib/start-server.js:225:13)
[31m[auth][details][0m: {}
 GET /api/auth/session 200 in 6ms (next.js: 0.9ms, application-code: 6ms)
 GET /login 200 in 31ms (next.js: 1.8ms, proxy.ts: 3ms, application-code: 26ms)
 GET /login 200 in 26ms (next.js: 1.0ms, proxy.ts: 3ms, application-code: 22ms)
 GET /login 200 in 43ms (next.js: 1.6ms, proxy.ts: 3ms, application-code: 38ms)
 GET /login 200 in 32ms (next.js: 1.2ms, proxy.ts: 2ms, application-code: 28ms)
 GET /login 200 in 34ms (next.js: 2.0ms, proxy.ts: 2ms, application-code: 30ms)
 GET /login 200 in 60ms (next.js: 3ms, proxy.ts: 3ms, application-code: 54ms)
 GET /login 200 in 156ms (next.js: 3ms, proxy.ts: 7ms, application-code: 146ms)
 GET /login 200 in 39ms (next.js: 4ms, proxy.ts: 4ms, application-code: 31ms)
 GET /login 200 in 28ms (next.js: 1.5ms, proxy.ts: 4ms, application-code: 22ms)
 GET /login 200 in 27ms (next.js: 1.2ms, proxy.ts: 3ms, application-code: 23ms)
 GET /login 200 in 40ms (next.js: 1.5ms, proxy.ts: 2ms, application-code: 37ms)
 GET /login 200 in 37ms (next.js: 2ms, proxy.ts: 5ms, application-code: 30ms)
 GET /login 200 in 35ms (next.js: 4ms, proxy.ts: 7ms, application-code: 24ms)
 GET /login 200 in 33ms (next.js: 1.6ms, proxy.ts: 1.9ms, application-code: 29ms)
 GET /login 200 in 25ms (next.js: 1.2ms, proxy.ts: 1.7ms, application-code: 22ms)
 GET /login 200 in 51ms (next.js: 3ms, proxy.ts: 4ms, application-code: 44ms)
 GET /login 200 in 26ms (next.js: 1.3ms, proxy.ts: 2ms, application-code: 23ms)
 GET /login 200 in 97ms (next.js: 3ms, proxy.ts: 7ms, application-code: 88ms)
 GET /login 200 in 26ms (next.js: 1.4ms, proxy.ts: 1.9ms, application-code: 23ms)
 GET /login 200 in 24ms (next.js: 1.1ms, proxy.ts: 1.8ms, application-code: 21ms)
 GET /login 200 in 24ms (next.js: 1.2ms, proxy.ts: 2ms, application-code: 21ms)
 GET /login 200 in 24ms (next.js: 1.1ms, proxy.ts: 2ms, application-code: 20ms)
 GET /login 200 in 68ms (next.js: 27ms, proxy.ts: 3ms, application-code: 39ms)
 GET /login 200 in 23ms (next.js: 1.0ms, proxy.ts: 1.4ms, application-code: 21ms)
 GET /login 200 in 24ms (next.js: 0.9ms, proxy.ts: 1.2ms, application-code: 22ms)
 GET /login 200 in 35ms (next.js: 1.1ms, proxy.ts: 1.8ms, application-code: 32ms)
 GET /login 200 in 23ms (next.js: 1.2ms, proxy.ts: 1.5ms, application-code: 20ms)
 GET /login 200 in 24ms (next.js: 1.0ms, proxy.ts: 1.6ms, application-code: 21ms)
 GET /login 200 in 23ms (next.js: 1.2ms, proxy.ts: 1.6ms, application-code: 20ms)
 GET /login 200 in 31ms (next.js: 1.2ms, proxy.ts: 1.5ms, application-code: 28ms)
 GET /login 200 in 26ms (next.js: 1.1ms, proxy.ts: 1.5ms, application-code: 23ms)
 GET /login 200 in 37ms (next.js: 3ms, proxy.ts: 4ms, application-code: 30ms)
 GET /login 200 in 46ms (next.js: 3ms, proxy.ts: 4ms, application-code: 39ms)
 GET /login 200 in 27ms (next.js: 1.1ms, proxy.ts: 1.7ms, application-code: 24ms)
 GET /login 200 in 40ms (next.js: 5ms, proxy.ts: 5ms, application-code: 31ms)
 GET /login 200 in 26ms (next.js: 1.1ms, proxy.ts: 1.5ms, application-code: 23ms)
 GET /login 200 in 31ms (next.js: 1.3ms, proxy.ts: 1.6ms, application-code: 28ms)
 GET /login 200 in 23ms (next.js: 1.1ms, proxy.ts: 1.6ms, application-code: 21ms)
 GET /login 200 in 25ms (next.js: 1.5ms, proxy.ts: 1.7ms, application-code: 21ms)
 GET /login 200 in 29ms (next.js: 1.1ms, proxy.ts: 1.7ms, application-code: 26ms)
 GET /login 200 in 23ms (next.js: 1.2ms, proxy.ts: 1.5ms, application-code: 21ms)
 GET /login 200 in 22ms (next.js: 1.1ms, proxy.ts: 2ms, application-code: 19ms)
 GET /login 200 in 24ms (next.js: 1.0ms, proxy.ts: 1.4ms, application-code: 21ms)
 GET /login 200 in 48ms (next.js: 1.4ms, proxy.ts: 3ms, application-code: 43ms)
 GET /login 200 in 27ms (next.js: 1.3ms, proxy.ts: 2ms, application-code: 24ms)
 GET /login 200 in 24ms (next.js: 1.1ms, proxy.ts: 1.6ms, application-code: 21ms)
 GET /login 200 in 31ms (next.js: 1.2ms, proxy.ts: 1.8ms, application-code: 28ms)
 GET /login 200 in 30ms (next.js: 1.0ms, proxy.ts: 1.5ms, application-code: 27ms)
 GET /login 200 in 25ms (next.js: 1.2ms, proxy.ts: 1.8ms, application-code: 22ms)
 GET /login 200 in 25ms (next.js: 1.2ms, proxy.ts: 1.8ms, application-code: 23ms)
 GET /login 200 in 54ms (next.js: 3ms, proxy.ts: 7ms, application-code: 44ms)
 GET /login 200 in 35ms (next.js: 5ms, proxy.ts: 2ms, application-code: 28ms)
 GET /login 200 in 36ms (next.js: 3ms, proxy.ts: 3ms, application-code: 30ms)
 GET /login 200 in 26ms (next.js: 1.1ms, proxy.ts: 1.7ms, application-code: 23ms)
 GET /login 200 in 28ms (next.js: 1.1ms, proxy.ts: 1.6ms, application-code: 25ms)
 GET /login 200 in 25ms (next.js: 1.2ms, proxy.ts: 2ms, application-code: 22ms)
 GET /login 200 in 25ms (next.js: 1.1ms, proxy.ts: 1.9ms, application-code: 22ms)
 GET /login 200 in 30ms (next.js: 1.2ms, proxy.ts: 2ms, application-code: 27ms)
 GET /login 200 in 29ms (next.js: 1.2ms, proxy.ts: 2ms, application-code: 26ms)
 GET /login 200 in 29ms (next.js: 1.2ms, proxy.ts: 1.6ms, application-code: 26ms)
 GET /login 200 in 25ms (next.js: 1.3ms, proxy.ts: 1.7ms, application-code: 22ms)
 GET /login 200 in 26ms (next.js: 1.1ms, proxy.ts: 1.9ms, application-code: 23ms)
 GET /login 200 in 26ms (next.js: 1.3ms, proxy.ts: 1.5ms, application-code: 23ms)
 GET /login 200 in 28ms (next.js: 1.8ms, proxy.ts: 2ms, application-code: 24ms)
 GET /login 200 in 26ms (next.js: 1.0ms, proxy.ts: 1.9ms, application-code: 23ms)
 GET /login 200 in 24ms (next.js: 0.9ms, proxy.ts: 1.7ms, application-code: 22ms)
 GET /login 200 in 27ms (next.js: 1.4ms, proxy.ts: 1.5ms, application-code: 24ms)
 GET /login 200 in 23ms (next.js: 1.1ms, proxy.ts: 2ms, application-code: 20ms)
 GET /login 200 in 27ms (next.js: 1.1ms, proxy.ts: 1.6ms, application-code: 24ms)
 GET /login 200 in 24ms (next.js: 1.2ms, proxy.ts: 1.6ms, application-code: 21ms)
 GET /login 200 in 57ms (next.js: 2ms, proxy.ts: 3ms, application-code: 52ms)
 GET /login 200 in 32ms (next.js: 1.6ms, proxy.ts: 2.0ms, application-code: 29ms)
 GET /login 200 in 32ms (next.js: 1.4ms, proxy.ts: 1.9ms, application-code: 29ms)
 GET /login 200 in 24ms (next.js: 1.1ms, proxy.ts: 2ms, application-code: 21ms)
 GET /login 200 in 40ms (next.js: 1.2ms, proxy.ts: 1.6ms, application-code: 37ms)
 GET /login 200 in 25ms (next.js: 1.1ms, proxy.ts: 1.4ms, application-code: 22ms)
 GET /login 200 in 40ms (next.js: 3ms, proxy.ts: 3ms, application-code: 33ms)
 GET /login 200 in 26ms (next.js: 1.6ms, proxy.ts: 1.7ms, application-code: 22ms)
 GET /login 200 in 36ms (next.js: 3ms, proxy.ts: 4ms, application-code: 30ms)
 GET /login 200 in 39ms (next.js: 5ms, proxy.ts: 10ms, application-code: 24ms)
 GET /login 200 in 35ms (next.js: 1.5ms, proxy.ts: 7ms, application-code: 27ms)
 GET /login 200 in 28ms (next.js: 1.7ms, proxy.ts: 3ms, application-code: 23ms)
 GET /login 200 in 38ms (next.js: 1.2ms, proxy.ts: 1.6ms, application-code: 35ms)
 GET /login 200 in 65ms (next.js: 3ms, proxy.ts: 3ms, application-code: 59ms)
 GET /login 200 in 27ms (next.js: 1.3ms, proxy.ts: 1.8ms, application-code: 24ms)
 GET /login 200 in 44ms (next.js: 1.8ms, proxy.ts: 3ms, application-code: 39ms)
 GET /login 200 in 25ms (next.js: 1.1ms, proxy.ts: 1.6ms, application-code: 22ms)
 GET /login 200 in 27ms (next.js: 1.5ms, proxy.ts: 1.8ms, application-code: 23ms)
 GET /login 200 in 56ms (next.js: 1.4ms, proxy.ts: 2ms, application-code: 53ms)
 GET /login 200 in 29ms (next.js: 1.2ms, proxy.ts: 2.0ms, application-code: 26ms)
 GET /login 200 in 23ms (next.js: 1.2ms, proxy.ts: 1.5ms, application-code: 21ms)
 GET /login 200 in 24ms (next.js: 1.6ms, proxy.ts: 1.7ms, application-code: 20ms)
 GET /login 200 in 25ms (next.js: 1.3ms, proxy.ts: 1.8ms, application-code: 22ms)
 GET /login 200 in 37ms (next.js: 0.9ms, proxy.ts: 1.5ms, application-code: 34ms)
 GET /login 200 in 23ms (next.js: 1.1ms, proxy.ts: 1.7ms, application-code: 20ms)
 GET /login 200 in 25ms (next.js: 1.3ms, proxy.ts: 1.7ms, application-code: 22ms)
 GET /login 200 in 26ms (next.js: 1.0ms, proxy.ts: 1.6ms, application-code: 23ms)
 GET /login 200 in 52ms (next.js: 4ms, proxy.ts: 7ms, application-code: 41ms)
 GET /login 200 in 25ms (next.js: 1.2ms, proxy.ts: 1.7ms, application-code: 22ms)
 GET /login 200 in 25ms (next.js: 1.2ms, proxy.ts: 1.6ms, application-code: 22ms)
 GET /login 200 in 32ms (next.js: 1.4ms, proxy.ts: 2ms, application-code: 29ms)
 GET /login 200 in 24ms (next.js: 1.1ms, proxy.ts: 1.7ms, application-code: 22ms)
 GET /login 200 in 33ms (next.js: 1.9ms, proxy.ts: 2ms, application-code: 29ms)
 GET /login 200 in 25ms (next.js: 1.1ms, proxy.ts: 1.6ms, application-code: 22ms)
 GET /login 200 in 33ms (next.js: 1.1ms, proxy.ts: 1.9ms, application-code: 30ms)
 GET /login 200 in 23ms (next.js: 1.1ms, proxy.ts: 1.7ms, application-code: 20ms)
 GET /login 200 in 24ms (next.js: 1.0ms, proxy.ts: 1.8ms, application-code: 22ms)
 GET /login 200 in 24ms (next.js: 1.0ms, proxy.ts: 1.6ms, application-code: 21ms)
 GET /login 200 in 26ms (next.js: 1.6ms, proxy.ts: 1.8ms, application-code: 22ms)
 GET /login 200 in 23ms (next.js: 1.0ms, proxy.ts: 1.4ms, application-code: 20ms)
 GET /login 200 in 32ms (next.js: 1.1ms, proxy.ts: 1.5ms, application-code: 30ms)
 GET /login 200 in 29ms (next.js: 0.9ms, proxy.ts: 1.4ms, application-code: 27ms)
 GET /login 200 in 23ms (next.js: 1.1ms, proxy.ts: 1.5ms, application-code: 21ms)
 GET /login 200 in 23ms (next.js: 1.3ms, proxy.ts: 1.6ms, application-code: 20ms)
 GET /login 200 in 23ms (next.js: 1.1ms, proxy.ts: 1.5ms, application-code: 20ms)
 GET /login 200 in 27ms (next.js: 1.2ms, proxy.ts: 5ms, application-code: 21ms)
 GET /login 200 in 23ms (next.js: 1.1ms, proxy.ts: 1.3ms, application-code: 21ms)
 GET /login 200 in 30ms (next.js: 1.6ms, proxy.ts: 2ms, application-code: 27ms)
 GET /login 200 in 26ms (next.js: 0.9ms, proxy.ts: 1.5ms, application-code: 24ms)
 GET /login 200 in 26ms (next.js: 1.0ms, proxy.ts: 1.8ms, application-code: 23ms)
 GET /login 200 in 24ms (next.js: 1.0ms, proxy.ts: 1.7ms, application-code: 21ms)
 GET /login 200 in 24ms (next.js: 1.1ms, proxy.ts: 1.7ms, application-code: 21ms)
 GET /login 200 in 24ms (next.js: 1.2ms, proxy.ts: 1.7ms, application-code: 21ms)
 GET /login 200 in 30ms (next.js: 1.1ms, proxy.ts: 1.7ms, application-code: 27ms)
 GET /login 200 in 24ms (next.js: 1.2ms, proxy.ts: 2ms, application-code: 20ms)
 GET /login 200 in 22ms (next.js: 1.1ms, proxy.ts: 1.7ms, application-code: 19ms)
 GET /login 200 in 62ms (next.js: 1.9ms, proxy.ts: 6ms, application-code: 54ms)
 GET /login 200 in 32ms (next.js: 1.7ms, proxy.ts: 1.9ms, application-code: 28ms)
 GET /login 200 in 36ms (next.js: 5ms, proxy.ts: 3ms, application-code: 28ms)
 GET /login 200 in 25ms (next.js: 1.3ms, proxy.ts: 1.8ms, application-code: 22ms)
 GET /login 200 in 32ms (next.js: 1.2ms, proxy.ts: 1.7ms, application-code: 29ms)
 GET /login 200 in 23ms (next.js: 1.1ms, proxy.ts: 1.6ms, application-code: 21ms)
 GET /login 200 in 22ms (next.js: 1.0ms, proxy.ts: 1.3ms, application-code: 19ms)
 GET /login 200 in 35ms (next.js: 1.3ms, proxy.ts: 1.5ms, application-code: 32ms)
 GET /login 200 in 29ms (next.js: 1.0ms, proxy.ts: 1.8ms, application-code: 26ms)
 GET /login 200 in 25ms (next.js: 1.2ms, proxy.ts: 1.5ms, application-code: 22ms)
 GET /login 200 in 22ms (next.js: 1.1ms, proxy.ts: 1.6ms, application-code: 20ms)
 GET /login 200 in 29ms (next.js: 1.1ms, proxy.ts: 1.6ms, application-code: 26ms)
 GET /login 200 in 42ms (next.js: 4ms, proxy.ts: 5ms, application-code: 33ms)
 GET /login 200 in 35ms (next.js: 3ms, proxy.ts: 4ms, application-code: 28ms)
 GET /login 200 in 41ms (next.js: 1.5ms, proxy.ts: 1.7ms, application-code: 37ms)
 GET /login 200 in 26ms (next.js: 1.2ms, proxy.ts: 1.6ms, application-code: 23ms)
 GET /login 200 in 28ms (next.js: 1.8ms, proxy.ts: 4ms, application-code: 22ms)
 GET /login 200 in 25ms (next.js: 1.0ms, proxy.ts: 1.6ms, application-code: 22ms)
 GET /login 200 in 26ms (next.js: 1.1ms, proxy.ts: 1.5ms, application-code: 24ms)
 GET /login 200 in 34ms (next.js: 2ms, proxy.ts: 3ms, application-code: 29ms)
 GET /login 200 in 24ms (next.js: 1.3ms, proxy.ts: 1.7ms, application-code: 21ms)
 GET /login 200 in 33ms (next.js: 1.3ms, proxy.ts: 2ms, application-code: 30ms)
 GET /login 200 in 31ms (next.js: 1.1ms, proxy.ts: 2.0ms, application-code: 28ms)
 GET /login 200 in 31ms (next.js: 1.1ms, proxy.ts: 1.6ms, application-code: 29ms)
 GET /login 200 in 26ms (next.js: 1.1ms, proxy.ts: 1.6ms, application-code: 23ms)
 GET /login 200 in 26ms (next.js: 1.0ms, proxy.ts: 1.5ms, application-code: 23ms)
 GET /login 200 in 26ms (next.js: 1.1ms, proxy.ts: 1.5ms, application-code: 24ms)
 GET /login 200 in 29ms (next.js: 1.0ms, proxy.ts: 1.5ms, application-code: 26ms)
 GET /login 200 in 64ms (next.js: 5ms, proxy.ts: 12ms, application-code: 47ms)
 GET /login 200 in 38ms (next.js: 2ms, proxy.ts: 4ms, application-code: 32ms)
 GET /login 200 in 29ms (next.js: 1.0ms, proxy.ts: 1.5ms, application-code: 27ms)
 GET /login 200 in 32ms (next.js: 1.1ms, proxy.ts: 1.8ms, application-code: 29ms)
 GET /login 200 in 26ms (next.js: 1.1ms, proxy.ts: 1.5ms, application-code: 24ms)
 GET /login 200 in 58ms (next.js: 6ms, proxy.ts: 5ms, application-code: 47ms)
 GET /login 200 in 26ms (next.js: 1.0ms, proxy.ts: 1.7ms, application-code: 24ms)
 GET /login 200 in 26ms (next.js: 1.0ms, proxy.ts: 3ms, application-code: 22ms)
 GET /login 200 in 28ms (next.js: 1.2ms, proxy.ts: 1.6ms, application-code: 25ms)
 GET /login 200 in 27ms (next.js: 1.4ms, proxy.ts: 2.0ms, application-code: 23ms)
 GET /login 200 in 27ms (next.js: 1.6ms, proxy.ts: 1.8ms, application-code: 23ms)
 GET /login 200 in 24ms (next.js: 1.1ms, proxy.ts: 1.6ms, application-code: 21ms)
 GET /login 200 in 27ms (next.js: 1.4ms, proxy.ts: 1.6ms, application-code: 24ms)
 GET /login 200 in 24ms (next.js: 1.3ms, proxy.ts: 1.7ms, application-code: 21ms)
 GET /login 200 in 46ms (next.js: 3ms, proxy.ts: 9ms, application-code: 34ms)
 GET /login 200 in 24ms (next.js: 1.1ms, proxy.ts: 1.6ms, application-code: 21ms)
 GET /login 200 in 44ms (next.js: 6ms, proxy.ts: 3ms, application-code: 36ms)
 GET /login 200 in 39ms (next.js: 4ms, proxy.ts: 5ms, application-code: 30ms)
 GET /login 200 in 43ms (next.js: 1.3ms, proxy.ts: 3ms, application-code: 39ms)
 GET /login 200 in 29ms (next.js: 1.3ms, proxy.ts: 2ms, application-code: 25ms)
 GET /login 200 in 30ms (next.js: 4ms, proxy.ts: 1.8ms, application-code: 24ms)
 GET /login 200 in 26ms (next.js: 1.3ms, proxy.ts: 1.5ms, application-code: 24ms)
 GET /login 200 in 24ms (next.js: 1.1ms, proxy.ts: 1.6ms, application-code: 21ms)
 GET /login 200 in 36ms (next.js: 1.7ms, proxy.ts: 2ms, application-code: 32ms)
 GET /login 200 in 50ms (next.js: 4ms, proxy.ts: 6ms, application-code: 40ms)
 GET /login 200 in 37ms (next.js: 1.4ms, proxy.ts: 2.0ms, application-code: 34ms)
 GET /login 200 in 43ms (next.js: 1.5ms, proxy.ts: 1.8ms, application-code: 40ms)
 GET /login 200 in 25ms (next.js: 1.2ms, proxy.ts: 1.7ms, application-code: 22ms)
 GET /login 200 in 76ms (next.js: 6ms, proxy.ts: 8ms, application-code: 62ms)
 GET /login 200 in 25ms (next.js: 1.1ms, proxy.ts: 1.8ms, application-code: 22ms)
 GET /login 200 in 26ms (next.js: 1.5ms, proxy.ts: 1.6ms, application-code: 23ms)
 GET /login 200 in 32ms (next.js: 1.6ms, proxy.ts: 4ms, application-code: 27ms)
 GET /login 200 in 39ms (next.js: 4ms, proxy.ts: 4ms, application-code: 32ms)
 GET /login 200 in 54ms (next.js: 1.4ms, proxy.ts: 1.6ms, application-code: 51ms)
 GET /login 200 in 86ms (next.js: 5ms, proxy.ts: 5ms, application-code: 76ms)
 GET /login 200 in 37ms (next.js: 2ms, proxy.ts: 9ms, application-code: 26ms)
 GET /login 200 in 37ms (next.js: 1.4ms, proxy.ts: 1.5ms, application-code: 34ms)
 GET /login 200 in 30ms (next.js: 1.1ms, proxy.ts: 1.7ms, application-code: 27ms)
 GET /login 200 in 24ms (next.js: 0.9ms, proxy.ts: 1.6ms, application-code: 21ms)
 GET /login 200 in 31ms (next.js: 1.3ms, proxy.ts: 3ms, application-code: 27ms)
 GET /login 200 in 41ms (next.js: 1.4ms, proxy.ts: 2ms, application-code: 38ms)
 GET /login 200 in 34ms (next.js: 1.8ms, proxy.ts: 4ms, application-code: 28ms)
 GET /login 200 in 24ms (next.js: 1.8ms, proxy.ts: 1.8ms, application-code: 21ms)
 GET /login 200 in 24ms (next.js: 1.3ms, proxy.ts: 1.7ms, application-code: 21ms)
 GET /login 200 in 26ms (next.js: 0.9ms, proxy.ts: 1.5ms, application-code: 23ms)
 GET /login 200 in 29ms (next.js: 1.6ms, proxy.ts: 1.9ms, application-code: 26ms)
 GET /login 200 in 34ms (next.js: 1.0ms, proxy.ts: 1.7ms, application-code: 31ms)
 GET /login 200 in 24ms (next.js: 1.1ms, proxy.ts: 1.6ms, application-code: 21ms)
 GET /login 200 in 74ms (next.js: 7ms, proxy.ts: 5ms, application-code: 62ms)
 GET /login 200 in 24ms (next.js: 1.2ms, proxy.ts: 1.7ms, application-code: 21ms)
 GET /login 200 in 26ms (next.js: 1.0ms, proxy.ts: 3ms, application-code: 22ms)
 GET /login 200 in 25ms (next.js: 1.1ms, proxy.ts: 1.8ms, application-code: 22ms)
 GET /login 200 in 23ms (next.js: 1.2ms, proxy.ts: 1.5ms, application-code: 21ms)
 GET /login 200 in 23ms (next.js: 1.0ms, proxy.ts: 2ms, application-code: 20ms)
 GET /login 200 in 23ms (next.js: 1.2ms, proxy.ts: 1.8ms, application-code: 20ms)
 GET /login 200 in 58ms (next.js: 1.1ms, proxy.ts: 1.5ms, application-code: 55ms)
 GET /login 200 in 61ms (next.js: 3ms, proxy.ts: 5ms, application-code: 52ms)
 GET /login 200 in 29ms (next.js: 1.7ms, proxy.ts: 3ms, application-code: 25ms)
 GET /login 200 in 37ms (next.js: 1.2ms, proxy.ts: 1.7ms, application-code: 34ms)
 GET /login 200 in 30ms (next.js: 1.1ms, proxy.ts: 1.9ms, application-code: 27ms)
 GET /login 200 in 23ms (next.js: 1.0ms, proxy.ts: 1.7ms, application-code: 20ms)
 GET /login 200 in 27ms (next.js: 1.0ms, proxy.ts: 2ms, application-code: 24ms)
 GET /login 200 in 29ms (next.js: 1.4ms, proxy.ts: 1.8ms, application-code: 26ms)
 GET /login 200 in 24ms (next.js: 1.0ms, proxy.ts: 1.5ms, application-code: 21ms)
 GET /login 200 in 29ms (next.js: 1.4ms, proxy.ts: 2.0ms, application-code: 25ms)
 GET /login 200 in 39ms (next.js: 1.5ms, proxy.ts: 1.6ms, application-code: 36ms)
 GET /login 200 in 26ms (next.js: 1.1ms, proxy.ts: 1.7ms, application-code: 23ms)
 GET /login 200 in 23ms (next.js: 1.1ms, proxy.ts: 1.5ms, application-code: 21ms)
 GET /login 200 in 29ms (next.js: 3ms, proxy.ts: 2ms, application-code: 23ms)
 GET /login 200 in 38ms (next.js: 1.5ms, proxy.ts: 2ms, application-code: 34ms)
 GET /login 200 in 24ms (next.js: 1.2ms, proxy.ts: 1.8ms, application-code: 21ms)
 GET /login 200 in 24ms (next.js: 1.8ms, proxy.ts: 2ms, application-code: 21ms)
 GET /login 200 in 33ms (next.js: 1.2ms, proxy.ts: 2ms, application-code: 29ms)
 GET /login 200 in 40ms (next.js: 2ms, proxy.ts: 2ms, application-code: 36ms)
 GET /login 200 in 31ms (next.js: 1.1ms, proxy.ts: 1.6ms, application-code: 28ms)
 GET /login 200 in 25ms (next.js: 1.1ms, proxy.ts: 1.8ms, application-code: 22ms)
 GET /login 200 in 25ms (next.js: 1.2ms, proxy.ts: 1.6ms, application-code: 22ms)
 GET /login 200 in 26ms (next.js: 1.0ms, proxy.ts: 2.0ms, application-code: 23ms)
 GET /login 200 in 44ms (next.js: 1.4ms, proxy.ts: 6ms, application-code: 37ms)
 GET /login 200 in 34ms (next.js: 1.4ms, proxy.ts: 4ms, application-code: 29ms)
 GET /login 200 in 31ms (next.js: 1.3ms, proxy.ts: 2ms, application-code: 27ms)
 GET /login 200 in 29ms (next.js: 1.1ms, proxy.ts: 1.9ms, application-code: 26ms)
 GET /login 200 in 49ms (next.js: 1.1ms, proxy.ts: 1.5ms, application-code: 47ms)
 GET /login 200 in 26ms (next.js: 1.1ms, proxy.ts: 1.6ms, application-code: 23ms)
 GET /login 200 in 26ms (next.js: 1.0ms, proxy.ts: 1.6ms, application-code: 23ms)
 GET /login 200 in 26ms (next.js: 1.0ms, proxy.ts: 1.6ms, application-code: 23ms)
 GET /login 200 in 27ms (next.js: 1.1ms, proxy.ts: 1.5ms, application-code: 24ms)
 GET /login 200 in 27ms (next.js: 1.4ms, proxy.ts: 3ms, application-code: 23ms)
 GET /login 200 in 28ms (next.js: 1.2ms, proxy.ts: 1.6ms, application-code: 25ms)
 GET /login 200 in 24ms (next.js: 1.0ms, proxy.ts: 2ms, application-code: 21ms)
 GET /login 200 in 27ms (next.js: 1.2ms, proxy.ts: 1.7ms, application-code: 25ms)
 GET /login 200 in 24ms (next.js: 1.0ms, proxy.ts: 1.7ms, application-code: 21ms)
 GET /login 200 in 27ms (next.js: 1.2ms, proxy.ts: 1.8ms, application-code: 24ms)
 GET /login 200 in 26ms (next.js: 1.3ms, proxy.ts: 1.7ms, application-code: 23ms)
 GET /login 200 in 33ms (next.js: 1.2ms, proxy.ts: 1.6ms, application-code: 31ms)
 GET /login 200 in 30ms (next.js: 1.1ms, proxy.ts: 2ms, application-code: 27ms)
 GET /login 200 in 27ms (next.js: 1.2ms, proxy.ts: 3ms, application-code: 22ms)
 GET /login 200 in 25ms (next.js: 1.1ms, proxy.ts: 1.7ms, application-code: 22ms)
 GET /login 200 in 26ms (next.js: 1.2ms, proxy.ts: 1.7ms, application-code: 23ms)
 GET /login 200 in 32ms (next.js: 1.2ms, proxy.ts: 1.6ms, application-code: 30ms)
 GET /login 200 in 29ms (next.js: 1.3ms, proxy.ts: 1.9ms, application-code: 25ms)
 GET /login 200 in 24ms (next.js: 1.2ms, proxy.ts: 1.8ms, application-code: 21ms)
 GET /login 200 in 27ms (next.js: 1.1ms, proxy.ts: 1.6ms, application-code: 24ms)
 GET /login 200 in 30ms (next.js: 1.2ms, proxy.ts: 1.8ms, application-code: 27ms)
 GET /login 200 in 24ms (next.js: 1.2ms, proxy.ts: 1.7ms, application-code: 21ms)
 GET /login 200 in 22ms (next.js: 1.0ms, proxy.ts: 2.0ms, application-code: 19ms)
 GET /login 200 in 32ms (next.js: 3ms, proxy.ts: 3ms, application-code: 26ms)
 GET /login 200 in 33ms (next.js: 1.6ms, proxy.ts: 2ms, application-code: 29ms)
 GET /login 200 in 21ms (next.js: 1.0ms, proxy.ts: 1.6ms, application-code: 19ms)
 GET /login 200 in 33ms (next.js: 1.0ms, proxy.ts: 1.6ms, application-code: 31ms)
 GET /login 200 in 29ms (next.js: 1.1ms, proxy.ts: 1.6ms, application-code: 27ms)
 GET /login 200 in 31ms (next.js: 1.3ms, proxy.ts: 2ms, application-code: 28ms)
 GET /login 200 in 43ms (next.js: 5ms, proxy.ts: 4ms, application-code: 35ms)
 GET /login 200 in 28ms (next.js: 1.0ms, proxy.ts: 1.5ms, application-code: 26ms)
 GET /login 200 in 24ms (next.js: 1.2ms, proxy.ts: 1.6ms, application-code: 21ms)
 GET /login 200 in 25ms (next.js: 1.4ms, proxy.ts: 1.5ms, application-code: 22ms)
 GET /login 200 in 23ms (next.js: 1.1ms, proxy.ts: 1.4ms, application-code: 21ms)
 GET /login 200 in 28ms (next.js: 1.0ms, proxy.ts: 1.5ms, application-code: 26ms)
 GET /login 200 in 25ms (next.js: 1.1ms, proxy.ts: 1.6ms, application-code: 22ms)
 GET /login 200 in 27ms (next.js: 1.2ms, proxy.ts: 1.8ms, application-code: 24ms)
 GET /login 200 in 29ms (next.js: 1.0ms, proxy.ts: 1.6ms, application-code: 26ms)
 GET /login 200 in 23ms (next.js: 1.0ms, proxy.ts: 1.5ms, application-code: 21ms)
 GET /login 200 in 27ms (next.js: 2ms, proxy.ts: 3ms, application-code: 22ms)
 GET /login 200 in 28ms (next.js: 1.0ms, proxy.ts: 1.5ms, application-code: 26ms)
 GET /login 200 in 22ms (next.js: 1.0ms, proxy.ts: 1.5ms, application-code: 20ms)
 GET /login 200 in 21ms (next.js: 1.1ms, proxy.ts: 1.7ms, application-code: 18ms)
 GET /login 200 in 24ms (next.js: 1.2ms, proxy.ts: 1.9ms, application-code: 21ms)
 GET /login 200 in 28ms (next.js: 1.0ms, proxy.ts: 3ms, application-code: 24ms)
 GET /login 200 in 33ms (next.js: 1.4ms, proxy.ts: 1.7ms, application-code: 30ms)
 GET /login 200 in 25ms (next.js: 1.2ms, proxy.ts: 2ms, application-code: 21ms)
 GET /login 200 in 26ms (next.js: 1.2ms, proxy.ts: 1.6ms, application-code: 24ms)
 GET /login 200 in 28ms (next.js: 1.2ms, proxy.ts: 6ms, application-code: 21ms)
 GET /login 200 in 23ms (next.js: 1.0ms, proxy.ts: 1.5ms, application-code: 21ms)
 GET /login 200 in 25ms (next.js: 1.8ms, proxy.ts: 2ms, application-code: 21ms)
 GET /login 200 in 28ms (next.js: 1.0ms, proxy.ts: 1.6ms, application-code: 25ms)
 GET /login 200 in 23ms (next.js: 1.1ms, proxy.ts: 1.7ms, application-code: 20ms)
 GET /login 200 in 22ms (next.js: 1.1ms, proxy.ts: 1.5ms, application-code: 20ms)
 GET /login 200 in 44ms (next.js: 3ms, proxy.ts: 4ms, application-code: 37ms)
 GET /login 200 in 25ms (next.js: 0.9ms, proxy.ts: 1.5ms, application-code: 22ms)
 GET /login 200 in 23ms (next.js: 1.0ms, proxy.ts: 1.5ms, application-code: 21ms)
 GET /login 200 in 23ms (next.js: 1.0ms, proxy.ts: 1.4ms, application-code: 21ms)
 GET /login 200 in 29ms (next.js: 1.1ms, proxy.ts: 1.9ms, application-code: 26ms)
 GET /login 200 in 33ms (next.js: 1.4ms, proxy.ts: 1.8ms, application-code: 30ms)
 GET /login 200 in 27ms (next.js: 3ms, proxy.ts: 1.6ms, application-code: 22ms)
 GET /login 200 in 30ms (next.js: 1.0ms, proxy.ts: 1.5ms, application-code: 27ms)
 GET /login 200 in 23ms (next.js: 1.0ms, proxy.ts: 1.6ms, application-code: 20ms)
 GET /login 200 in 22ms (next.js: 1.2ms, proxy.ts: 1.7ms, application-code: 19ms)
 GET /login 200 in 29ms (next.js: 1.2ms, proxy.ts: 1.7ms, application-code: 26ms)
 GET /login 200 in 26ms (next.js: 1.1ms, proxy.ts: 1.6ms, application-code: 23ms)
 GET /login 200 in 29ms (next.js: 1.2ms, proxy.ts: 2ms, application-code: 26ms)
 GET /login 200 in 41ms (next.js: 5ms, proxy.ts: 3ms, application-code: 33ms)
 GET /login 200 in 30ms (next.js: 1.3ms, proxy.ts: 1.9ms, application-code: 27ms)
 GET /login 200 in 24ms (next.js: 1.0ms, proxy.ts: 1.9ms, application-code: 21ms)
 GET /login 200 in 23ms (next.js: 1.1ms, proxy.ts: 1.6ms, application-code: 21ms)
 GET /login 200 in 30ms (next.js: 1.2ms, proxy.ts: 3ms, application-code: 26ms)
 GET /login 200 in 30ms (next.js: 1.2ms, proxy.ts: 1.9ms, application-code: 27ms)
 GET /login 200 in 30ms (next.js: 1.1ms, proxy.ts: 1.7ms, application-code: 27ms)
 GET /login 200 in 25ms (next.js: 1.1ms, proxy.ts: 1.6ms, application-code: 22ms)
 GET /login 200 in 25ms (next.js: 1.1ms, proxy.ts: 1.6ms, application-code: 22ms)
 GET /login 200 in 25ms (next.js: 1.1ms, proxy.ts: 2.0ms, application-code: 22ms)
 GET /login 200 in 24ms (next.js: 1.0ms, proxy.ts: 1.6ms, application-code: 21ms)
 GET /login 200 in 63ms (next.js: 8ms, proxy.ts: 9ms, application-code: 47ms)
 GET /login 200 in 28ms (next.js: 1.0ms, proxy.ts: 1.7ms, application-code: 25ms)
 GET /login 200 in 29ms (next.js: 1.1ms, proxy.ts: 2ms, application-code: 25ms)
 GET /login 200 in 28ms (next.js: 2.0ms, proxy.ts: 3ms, application-code: 23ms)
 GET /login 200 in 26ms (next.js: 1.2ms, proxy.ts: 1.7ms, application-code: 23ms)
 GET /login 200 in 28ms (next.js: 1.3ms, proxy.ts: 2ms, application-code: 24ms)
 GET /login 200 in 25ms (next.js: 1.1ms, proxy.ts: 1.6ms, application-code: 22ms)
 GET /login 200 in 24ms (next.js: 1.1ms, proxy.ts: 1.5ms, application-code: 22ms)
 GET /login 200 in 23ms (next.js: 1.1ms, proxy.ts: 1.7ms, application-code: 20ms)
 GET /login 200 in 33ms (next.js: 1.7ms, proxy.ts: 1.9ms, application-code: 29ms)
 GET /login 200 in 23ms (next.js: 1.0ms, proxy.ts: 1.6ms, application-code: 21ms)
 GET /login 200 in 28ms (next.js: 1.1ms, proxy.ts: 1.7ms, application-code: 25ms)
 GET /login 200 in 37ms (next.js: 1.5ms, proxy.ts: 3ms, application-code: 33ms)
 GET /login 200 in 31ms (next.js: 1.6ms, proxy.ts: 2ms, application-code: 27ms)
 GET /login 200 in 29ms (next.js: 1.4ms, proxy.ts: 1.8ms, application-code: 25ms)
 GET /login 200 in 34ms (next.js: 1.0ms, proxy.ts: 1.6ms, application-code: 32ms)
 GET /login 200 in 41ms (next.js: 3ms, proxy.ts: 4ms, application-code: 34ms)
 GET /login 200 in 26ms (next.js: 1.1ms, proxy.ts: 1.5ms, application-code: 23ms)
 GET /login 200 in 22ms (next.js: 1.0ms, proxy.ts: 1.6ms, application-code: 20ms)
 GET /login 200 in 23ms (next.js: 1.1ms, proxy.ts: 1.6ms, application-code: 20ms)
 GET /login 200 in 24ms (next.js: 1.2ms, proxy.ts: 1.7ms, application-code: 21ms)
 GET /login 200 in 27ms (next.js: 1.1ms, proxy.ts: 1.6ms, application-code: 25ms)
 GET /login 200 in 23ms (next.js: 1.2ms, proxy.ts: 1.3ms, application-code: 21ms)
 GET /login 200 in 23ms (next.js: 1.2ms, proxy.ts: 1.4ms, application-code: 21ms)
 GET /login 200 in 24ms (next.js: 1.1ms, proxy.ts: 1.7ms, application-code: 22ms)
 GET /login 200 in 48ms (next.js: 1.0ms, proxy.ts: 1.8ms, application-code: 45ms)
 GET /login 200 in 24ms (next.js: 1.4ms, proxy.ts: 1.8ms, application-code: 21ms)
 GET /login 200 in 23ms (next.js: 1.1ms, proxy.ts: 1.7ms, application-code: 20ms)
 GET /login 200 in 22ms (next.js: 1.1ms, proxy.ts: 1.5ms, application-code: 19ms)
 GET /login 200 in 26ms (next.js: 1.2ms, proxy.ts: 1.8ms, application-code: 23ms)
 GET /login 200 in 22ms (next.js: 1.4ms, proxy.ts: 1.9ms, application-code: 19ms)
 GET /login 200 in 24ms (next.js: 1.0ms, proxy.ts: 1.5ms, application-code: 21ms)
 GET /login 200 in 25ms (next.js: 1.0ms, proxy.ts: 1.6ms, application-code: 22ms)
 GET /login 200 in 30ms (next.js: 1.2ms, proxy.ts: 1.7ms, application-code: 27ms)
 GET /login 200 in 30ms (next.js: 1.0ms, proxy.ts: 1.6ms, application-code: 28ms)
 GET /login 200 in 25ms (next.js: 1.0ms, proxy.ts: 1.6ms, application-code: 22ms)
 GET /login 200 in 26ms (next.js: 1.1ms, proxy.ts: 1.6ms, application-code: 23ms)
 GET /login 200 in 38ms (next.js: 1.5ms, proxy.ts: 4ms, application-code: 33ms)
 GET /login 200 in 25ms (next.js: 1.4ms, proxy.ts: 1.6ms, application-code: 21ms)
 GET /login 200 in 29ms (next.js: 1.1ms, proxy.ts: 1.6ms, application-code: 26ms)
 GET /login 200 in 21ms (next.js: 1.0ms, proxy.ts: 1.7ms, application-code: 19ms)
 GET /login 200 in 24ms (next.js: 1.0ms, proxy.ts: 1.6ms, application-code: 22ms)
 GET /login 200 in 26ms (next.js: 1.0ms, proxy.ts: 1.6ms, application-code: 23ms)
 GET /login 200 in 33ms (next.js: 1.1ms, proxy.ts: 1.7ms, application-code: 30ms)
 GET /login 200 in 23ms (next.js: 1.0ms, proxy.ts: 1.6ms, application-code: 21ms)
 GET /login 200 in 23ms (next.js: 1.0ms, proxy.ts: 1.6ms, application-code: 21ms)
 GET /login 200 in 31ms (next.js: 1.0ms, proxy.ts: 1.8ms, application-code: 28ms)
 GET /login 200 in 24ms (next.js: 1.0ms, proxy.ts: 1.6ms, application-code: 21ms)
 GET /login 200 in 24ms (next.js: 1.1ms, proxy.ts: 1.6ms, application-code: 21ms)
 GET /login 200 in 24ms (next.js: 1.0ms, proxy.ts: 1.7ms, application-code: 22ms)
 GET /login 200 in 28ms (next.js: 5ms, proxy.ts: 1.6ms, application-code: 22ms)
 GET /login 200 in 30ms (next.js: 1.0ms, proxy.ts: 1.6ms, application-code: 27ms)
 GET /login 200 in 24ms (next.js: 1.2ms, proxy.ts: 2.0ms, application-code: 21ms)
 GET /login 200 in 22ms (next.js: 1.1ms, proxy.ts: 1.7ms, application-code: 19ms)
 GET /login 200 in 24ms (next.js: 1.3ms, proxy.ts: 1.7ms, application-code: 21ms)
 GET /login 200 in 28ms (next.js: 1.0ms, proxy.ts: 1.7ms, application-code: 25ms)
 GET /login 200 in 30ms (next.js: 1.8ms, proxy.ts: 1.9ms, application-code: 27ms)
 GET /login 200 in 24ms (next.js: 1.1ms, proxy.ts: 1.7ms, application-code: 21ms)
 GET /login 200 in 24ms (next.js: 1.0ms, proxy.ts: 1.6ms, application-code: 21ms)
 GET /login 200 in 26ms (next.js: 1.1ms, proxy.ts: 6ms, application-code: 19ms)
 GET /login 200 in 23ms (next.js: 1.0ms, proxy.ts: 1.5ms, application-code: 21ms)
 GET /login 200 in 21ms (next.js: 1.0ms, proxy.ts: 1.8ms, application-code: 18ms)
 GET /login 200 in 40ms (next.js: 1.8ms, proxy.ts: 3ms, application-code: 35ms)
 GET /login 200 in 32ms (next.js: 1.1ms, proxy.ts: 1.8ms, application-code: 29ms)
 GET /login 200 in 24ms (next.js: 1.0ms, proxy.ts: 1.6ms, application-code: 21ms)
 GET /login 200 in 24ms (next.js: 1.0ms, proxy.ts: 1.5ms, application-code: 22ms)
 GET /login 200 in 29ms (next.js: 1.4ms, proxy.ts: 6ms, application-code: 22ms)
 GET /login 200 in 23ms (next.js: 0.9ms, proxy.ts: 2ms, application-code: 20ms)
 GET /login 200 in 28ms (next.js: 1.1ms, proxy.ts: 1.4ms, application-code: 26ms)
 GET /login 200 in 30ms (next.js: 1.0ms, proxy.ts: 1.5ms, application-code: 28ms)
 GET /login 200 in 28ms (next.js: 1.0ms, proxy.ts: 4ms, application-code: 22ms)
 GET /login 200 in 23ms (next.js: 1.0ms, proxy.ts: 1.6ms, application-code: 21ms)
 GET /login 200 in 28ms (next.js: 1.0ms, proxy.ts: 1.4ms, application-code: 25ms)
 GET /login 200 in 24ms (next.js: 0.9ms, proxy.ts: 1.4ms, application-code: 22ms)
 GET /login 200 in 24ms (next.js: 1.2ms, proxy.ts: 1.9ms, application-code: 21ms)
 GET /login 200 in 24ms (next.js: 1.0ms, proxy.ts: 1.6ms, application-code: 21ms)
 GET /login 200 in 28ms (next.js: 5ms, proxy.ts: 1.6ms, application-code: 21ms)
 GET /login 200 in 24ms (next.js: 1.0ms, proxy.ts: 1.5ms, application-code: 22ms)
 GET /login 200 in 32ms (next.js: 1.1ms, proxy.ts: 1.5ms, application-code: 30ms)
 GET /login 200 in 22ms (next.js: 1.3ms, proxy.ts: 1.8ms, application-code: 19ms)
 GET /login 200 in 59ms (next.js: 8ms, proxy.ts: 4ms, application-code: 46ms)
 GET /login 200 in 25ms (next.js: 1.2ms, proxy.ts: 2ms, application-code: 21ms)
 GET /login 200 in 27ms (next.js: 1.0ms, proxy.ts: 1.7ms, application-code: 24ms)
 GET /login 200 in 26ms (next.js: 1.7ms, proxy.ts: 3ms, application-code: 21ms)
 GET /login 200 in 24ms (next.js: 1.0ms, proxy.ts: 1.6ms, application-code: 21ms)
 GET /login 200 in 32ms (next.js: 1.3ms, proxy.ts: 3ms, application-code: 28ms)
 GET /login 200 in 28ms (next.js: 1.0ms, proxy.ts: 1.5ms, application-code: 26ms)
 GET /login 200 in 27ms (next.js: 1.0ms, proxy.ts: 1.6ms, application-code: 25ms)
 GET /login 200 in 26ms (next.js: 1.0ms, proxy.ts: 1.6ms, application-code: 23ms)
 GET /login 200 in 28ms (next.js: 4ms, proxy.ts: 1.5ms, application-code: 23ms)
 GET /login 200 in 24ms (next.js: 1.0ms, proxy.ts: 1.6ms, application-code: 21ms)
 GET /login 200 in 25ms (next.js: 1.0ms, proxy.ts: 1.6ms, application-code: 22ms)
 GET /login 200 in 25ms (next.js: 1.1ms, proxy.ts: 1.8ms, application-code: 22ms)
 GET /login 200 in 31ms (next.js: 1.4ms, proxy.ts: 3ms, application-code: 27ms)
 GET /login 200 in 28ms (next.js: 1.1ms, proxy.ts: 2ms, application-code: 25ms)
 GET /login 200 in 24ms (next.js: 1.0ms, proxy.ts: 2ms, application-code: 21ms)
 GET /login 200 in 31ms (next.js: 1.4ms, proxy.ts: 3ms, application-code: 27ms)
 GET /login 200 in 31ms (next.js: 1.1ms, proxy.ts: 1.6ms, application-code: 28ms)
 GET /login 200 in 51ms (next.js: 3ms, proxy.ts: 7ms, application-code: 42ms)
 GET /login 200 in 24ms (next.js: 0.9ms, proxy.ts: 1.8ms, application-code: 21ms)
 GET /login 200 in 24ms (next.js: 0.9ms, proxy.ts: 1.6ms, application-code: 21ms)
 GET /login 200 in 23ms (next.js: 1.1ms, proxy.ts: 1.7ms, application-code: 21ms)
 GET /login 200 in 30ms (next.js: 1.3ms, proxy.ts: 1.9ms, application-code: 27ms)
 GET /login 200 in 24ms (next.js: 1.0ms, proxy.ts: 1.6ms, application-code: 21ms)
 GET /login 200 in 26ms (next.js: 1.0ms, proxy.ts: 1.8ms, application-code: 23ms)
 GET /login 200 in 22ms (next.js: 1.1ms, proxy.ts: 1.6ms, application-code: 20ms)
 GET /login 200 in 24ms (next.js: 1.2ms, proxy.ts: 1.6ms, application-code: 21ms)
 GET /login 200 in 26ms (next.js: 1.1ms, proxy.ts: 1.6ms, application-code: 23ms)
 GET /login 200 in 22ms (next.js: 1.0ms, proxy.ts: 1.4ms, application-code: 20ms)
 GET /login 200 in 27ms (next.js: 1.0ms, proxy.ts: 1.9ms, application-code: 24ms)
 GET /login 200 in 25ms (next.js: 1.6ms, proxy.ts: 1.8ms, application-code: 22ms)
 GET /login 200 in 26ms (next.js: 1.1ms, proxy.ts: 1.6ms, application-code: 24ms)
 GET /login 200 in 34ms (next.js: 1.8ms, proxy.ts: 4ms, application-code: 28ms)
 GET /login 200 in 23ms (next.js: 1.1ms, proxy.ts: 1.5ms, application-code: 21ms)
 GET /login 200 in 24ms (next.js: 1.1ms, proxy.ts: 1.7ms, application-code: 21ms)
 GET /login 200 in 28ms (next.js: 1.0ms, proxy.ts: 1.6ms, application-code: 25ms)
 GET /login 200 in 22ms (next.js: 1.1ms, proxy.ts: 1.7ms, application-code: 19ms)
 GET /login 200 in 25ms (next.js: 1.1ms, proxy.ts: 1.6ms, application-code: 22ms)
 GET /login 200 in 26ms (next.js: 1.4ms, proxy.ts: 3ms, application-code: 22ms)
 GET /login 200 in 29ms (next.js: 0.9ms, proxy.ts: 1.5ms, application-code: 26ms)
 GET /login 200 in 30ms (next.js: 1.0ms, proxy.ts: 1.6ms, application-code: 27ms)
 GET /login 200 in 23ms (next.js: 1.0ms, proxy.ts: 1.7ms, application-code: 21ms)
 GET /login 200 in 23ms (next.js: 1.1ms, proxy.ts: 1.7ms, application-code: 20ms)
 GET /login 200 in 28ms (next.js: 1.0ms, proxy.ts: 2.0ms, application-code: 25ms)
 GET /login 200 in 22ms (next.js: 1.0ms, proxy.ts: 1.5ms, application-code: 19ms)
 GET /login 200 in 23ms (next.js: 0.9ms, proxy.ts: 1.5ms, application-code: 21ms)
 GET /login 200 in 23ms (next.js: 1.0ms, proxy.ts: 1.7ms, application-code: 21ms)
 GET /login 200 in 30ms (next.js: 1.0ms, proxy.ts: 1.4ms, application-code: 28ms)
 GET /login 200 in 24ms (next.js: 1.7ms, proxy.ts: 2ms, application-code: 21ms)
 GET /login 200 in 30ms (next.js: 1.0ms, proxy.ts: 1.5ms, application-code: 28ms)
 GET /login 200 in 27ms (next.js: 1.2ms, proxy.ts: 1.9ms, application-code: 24ms)
 GET /login 200 in 23ms (next.js: 0.9ms, proxy.ts: 1.5ms, application-code: 21ms)
 GET /login 200 in 24ms (next.js: 1.1ms, proxy.ts: 1.6ms, application-code: 21ms)
 GET /login 200 in 24ms (next.js: 1.2ms, proxy.ts: 1.5ms, application-code: 21ms)
 GET /login 200 in 28ms (next.js: 1.0ms, proxy.ts: 1.6ms, application-code: 26ms)
 GET /login 200 in 24ms (next.js: 1.1ms, proxy.ts: 1.6ms, application-code: 21ms)
 GET /login 200 in 23ms (next.js: 1.0ms, proxy.ts: 1.5ms, application-code: 20ms)
 GET /login 200 in 29ms (next.js: 1.0ms, proxy.ts: 1.7ms, application-code: 26ms)
 GET /login 200 in 39ms (next.js: 1.9ms, proxy.ts: 3ms, application-code: 34ms)
 GET /login 200 in 23ms (next.js: 1.0ms, proxy.ts: 1.6ms, application-code: 20ms)
 GET /login 200 in 24ms (next.js: 1.0ms, proxy.ts: 1.7ms, application-code: 22ms)
 GET /login 200 in 28ms (next.js: 4ms, proxy.ts: 1.6ms, application-code: 22ms)
 GET /login 200 in 24ms (next.js: 1.1ms, proxy.ts: 1.6ms, application-code: 21ms)
 GET /login 200 in 24ms (next.js: 1.1ms, proxy.ts: 1.5ms, application-code: 21ms)
 GET /login 200 in 29ms (next.js: 1.1ms, proxy.ts: 1.7ms, application-code: 26ms)
 GET /login 200 in 24ms (next.js: 1.0ms, proxy.ts: 1.9ms, application-code: 21ms)
 GET /login 200 in 25ms (next.js: 1.0ms, proxy.ts: 1.6ms, application-code: 22ms)
 GET /login 200 in 34ms (next.js: 1.0ms, proxy.ts: 2ms, application-code: 31ms)
 GET /login 200 in 27ms (next.js: 1.1ms, proxy.ts: 1.8ms, application-code: 24ms)
 GET /login 200 in 24ms (next.js: 0.9ms, proxy.ts: 1.6ms, application-code: 22ms)
 GET /login 200 in 24ms (next.js: 1.1ms, proxy.ts: 1.5ms, application-code: 21ms)
 GET /login 200 in 27ms (next.js: 1.1ms, proxy.ts: 1.7ms, application-code: 24ms)
 GET /login 200 in 24ms (next.js: 1.0ms, proxy.ts: 1.3ms, application-code: 22ms)
 GET /login 200 in 24ms (next.js: 1.1ms, proxy.ts: 1.7ms, application-code: 21ms)
 GET /login 200 in 24ms (next.js: 1.0ms, proxy.ts: 1.8ms, application-code: 21ms)
 GET /login 200 in 23ms (next.js: 1.2ms, proxy.ts: 1.7ms, application-code: 21ms)
 GET /login 200 in 23ms (next.js: 0.9ms, proxy.ts: 1.4ms, application-code: 21ms)
 GET /login 200 in 24ms (next.js: 1.0ms, proxy.ts: 1.7ms, application-code: 21ms)
 GET /login 200 in 29ms (next.js: 1.0ms, proxy.ts: 1.5ms, application-code: 27ms)
 GET /login 200 in 23ms (next.js: 1.1ms, proxy.ts: 1.6ms, application-code: 20ms)
 GET /login 200 in 25ms (next.js: 1.5ms, proxy.ts: 1.7ms, application-code: 22ms)
 GET /login 200 in 35ms (next.js: 1.0ms, proxy.ts: 1.6ms, application-code: 33ms)
 GET /login 200 in 23ms (next.js: 1.2ms, proxy.ts: 1.7ms, application-code: 20ms)
 GET /login 200 in 25ms (next.js: 1.3ms, proxy.ts: 1.9ms, application-code: 21ms)
 GET /login 200 in 23ms (next.js: 1.0ms, proxy.ts: 1.5ms, application-code: 20ms)
 GET /login 200 in 28ms (next.js: 1.0ms, proxy.ts: 1.7ms, application-code: 26ms)
 GET /login 200 in 25ms (next.js: 1.1ms, proxy.ts: 1.5ms, application-code: 23ms)
 GET /login 200 in 22ms (next.js: 1.0ms, proxy.ts: 1.5ms, application-code: 20ms)
 GET /login 200 in 30ms (next.js: 1.0ms, proxy.ts: 1.7ms, application-code: 27ms)
 GET /login 200 in 26ms (next.js: 1.2ms, proxy.ts: 1.7ms, application-code: 23ms)
 GET /login 200 in 24ms (next.js: 1.0ms, proxy.ts: 1.7ms, application-code: 21ms)
 GET /login 200 in 29ms (next.js: 1.0ms, proxy.ts: 1.5ms, application-code: 26ms)
 GET /login 200 in 29ms (next.js: 5ms, proxy.ts: 1.9ms, application-code: 21ms)
 GET /login 200 in 31ms (next.js: 1.2ms, proxy.ts: 1.9ms, application-code: 28ms)
 GET /login 200 in 22ms (next.js: 1.2ms, proxy.ts: 1.4ms, application-code: 20ms)
 GET /login 200 in 33ms (next.js: 0.9ms, proxy.ts: 1.7ms, application-code: 30ms)
 GET /login 200 in 26ms (next.js: 1.0ms, proxy.ts: 2ms, application-code: 23ms)
 GET /login 200 in 24ms (next.js: 0.9ms, proxy.ts: 1.7ms, application-code: 21ms)
 GET /login 200 in 42ms (next.js: 1.3ms, proxy.ts: 4ms, application-code: 37ms)
 GET /login 200 in 108ms (next.js: 10ms, proxy.ts: 9ms, application-code: 89ms)
 GET /login 200 in 34ms (next.js: 1.7ms, proxy.ts: 2ms, application-code: 30ms)
 GET /login 200 in 31ms (next.js: 2ms, proxy.ts: 1.9ms, application-code: 27ms)
 GET /login 200 in 49ms (next.js: 1.9ms, proxy.ts: 5ms, application-code: 42ms)
 GET /login 200 in 29ms (next.js: 2ms, proxy.ts: 1.8ms, application-code: 25ms)
 GET /login 200 in 30ms (next.js: 2ms, proxy.ts: 2.0ms, application-code: 26ms)
 GET /login 200 in 35ms (next.js: 1.5ms, proxy.ts: 2ms, application-code: 31ms)
 GET /login 200 in 86ms (next.js: 7ms, proxy.ts: 9ms, application-code: 70ms)
 GET /login 200 in 56ms (next.js: 1.7ms, proxy.ts: 2ms, application-code: 52ms)
 GET /login 200 in 27ms (next.js: 1.9ms, proxy.ts: 2ms, application-code: 23ms)
 GET /login 200 in 33ms (next.js: 1.2ms, proxy.ts: 1.8ms, application-code: 30ms)
 GET /login 200 in 33ms (next.js: 6ms, proxy.ts: 1.6ms, application-code: 25ms)
 GET /login 200 in 48ms (next.js: 1.4ms, proxy.ts: 1.7ms, application-code: 45ms)
 GET /login 200 in 40ms (next.js: 3ms, proxy.ts: 3ms, application-code: 33ms)
 GET /login 200 in 67ms (next.js: 3ms, proxy.ts: 5ms, application-code: 58ms)
 GET /login 200 in 29ms (next.js: 1.2ms, proxy.ts: 1.7ms, application-code: 27ms)
 GET /login 200 in 24ms (next.js: 1.2ms, proxy.ts: 1.6ms, application-code: 21ms)
 GET /login 200 in 28ms (next.js: 1.0ms, proxy.ts: 1.8ms, application-code: 26ms)
 GET /login 200 in 38ms (next.js: 1.3ms, proxy.ts: 1.6ms, application-code: 35ms)
 GET /login 200 in 22ms (next.js: 0.9ms, proxy.ts: 1.5ms, application-code: 19ms)
 GET /login 200 in 25ms (next.js: 1.2ms, proxy.ts: 1.5ms, application-code: 22ms)
 GET /login 200 in 31ms (next.js: 1.4ms, proxy.ts: 6ms, application-code: 23ms)
 GET /login 200 in 24ms (next.js: 1.3ms, proxy.ts: 1.8ms, application-code: 21ms)
 GET /login 200 in 24ms (next.js: 1.4ms, proxy.ts: 1.7ms, application-code: 21ms)
 GET /login 200 in 33ms (next.js: 1.2ms, proxy.ts: 1.7ms, application-code: 30ms)
 GET /login 200 in 31ms (next.js: 0.9ms, proxy.ts: 1.4ms, application-code: 29ms)
 GET /login 200 in 23ms (next.js: 1.1ms, proxy.ts: 1.6ms, application-code: 21ms)
 GET /login 200 in 104ms (next.js: 2ms, proxy.ts: 3ms, application-code: 99ms)
 GET /login 200 in 50ms (next.js: 1.6ms, proxy.ts: 3ms, application-code: 45ms)
 GET /login 200 in 24ms (next.js: 1.6ms, proxy.ts: 1.7ms, application-code: 21ms)
 GET /login 200 in 25ms (next.js: 1.4ms, proxy.ts: 1.7ms, application-code: 22ms)
 GET /login 200 in 46ms (next.js: 1.1ms, proxy.ts: 1.8ms, application-code: 43ms)
 GET /login 200 in 31ms (next.js: 1.2ms, proxy.ts: 1.8ms, application-code: 28ms)
 GET /login 200 in 23ms (next.js: 1.5ms, proxy.ts: 1.7ms, application-code: 20ms)
 GET /login 200 in 23ms (next.js: 1.1ms, proxy.ts: 1.6ms, application-code: 21ms)
 GET /login 200 in 37ms (next.js: 1.1ms, proxy.ts: 1.7ms, application-code: 34ms)
 GET /login 200 in 25ms (next.js: 1.2ms, proxy.ts: 1.8ms, application-code: 22ms)
 GET /login 200 in 23ms (next.js: 1.2ms, proxy.ts: 2ms, application-code: 20ms)
 GET /login 200 in 24ms (next.js: 1.3ms, proxy.ts: 2ms, application-code: 20ms)
 GET /login 200 in 23ms (next.js: 0.9ms, proxy.ts: 1.6ms, application-code: 20ms)
 GET /login 200 in 44ms (next.js: 3ms, proxy.ts: 5ms, application-code: 36ms)
 GET /login 200 in 47ms (next.js: 1.2ms, proxy.ts: 1.6ms, application-code: 44ms)
 GET /login 200 in 23ms (next.js: 1.0ms, proxy.ts: 2.0ms, application-code: 20ms)
 GET /login 200 in 34ms (next.js: 1.6ms, proxy.ts: 2ms, application-code: 30ms)
 GET /login 200 in 24ms (next.js: 1.2ms, proxy.ts: 1.7ms, application-code: 21ms)
 GET /login 200 in 40ms (next.js: 8ms, proxy.ts: 4ms, application-code: 28ms)
 GET /login 200 in 48ms (next.js: 9ms, proxy.ts: 1.4ms, application-code: 37ms)
 GET /login 200 in 24ms (next.js: 1.2ms, proxy.ts: 1.6ms, application-code: 21ms)
 GET /login 200 in 25ms (next.js: 1.4ms, proxy.ts: 1.8ms, application-code: 22ms)
 GET /login 200 in 26ms (next.js: 1.2ms, proxy.ts: 1.7ms, application-code: 23ms)
 GET /login 200 in 114ms (next.js: 1.2ms, proxy.ts: 1.6ms, application-code: 111ms)
 GET /login 200 in 23ms (next.js: 1.1ms, proxy.ts: 1.5ms, application-code: 20ms)
 GET /login 200 in 29ms (next.js: 1.9ms, proxy.ts: 3ms, application-code: 24ms)
 GET /login 200 in 29ms (next.js: 2ms, proxy.ts: 3ms, application-code: 24ms)
 GET /login 200 in 31ms (next.js: 0.9ms, proxy.ts: 1.6ms, application-code: 29ms)
 GET /login 200 in 23ms (next.js: 1.0ms, proxy.ts: 1.8ms, application-code: 20ms)
 GET /login 200 in 25ms (next.js: 1.2ms, proxy.ts: 2ms, application-code: 21ms)
 GET /login 200 in 30ms (next.js: 0.9ms, proxy.ts: 1.7ms, application-code: 28ms)
 GET /login 200 in 31ms (next.js: 3ms, proxy.ts: 2ms, application-code: 26ms)
 GET /login 200 in 37ms (next.js: 1.7ms, proxy.ts: 3ms, application-code: 32ms)
 GET /login 200 in 24ms (next.js: 1.0ms, proxy.ts: 1.6ms, application-code: 21ms)
 GET /login 200 in 31ms (next.js: 6ms, proxy.ts: 1.8ms, application-code: 24ms)
 GET /login 200 in 24ms (next.js: 1.1ms, proxy.ts: 1.6ms, application-code: 21ms)
 GET /login 200 in 24ms (next.js: 1.0ms, proxy.ts: 1.6ms, application-code: 21ms)
 GET /login 200 in 45ms (next.js: 1.2ms, proxy.ts: 1.8ms, application-code: 42ms)
 GET /login 200 in 25ms (next.js: 1.1ms, proxy.ts: 1.8ms, application-code: 22ms)
 GET /login 200 in 24ms (next.js: 1.1ms, proxy.ts: 1.6ms, application-code: 21ms)
 GET /login 200 in 23ms (next.js: 1.0ms, proxy.ts: 1.5ms, application-code: 20ms)
 GET /login 200 in 54ms (next.js: 2ms, proxy.ts: 11ms, application-code: 40ms)
 GET /login 200 in 31ms (next.js: 2ms, proxy.ts: 1.7ms, application-code: 27ms)
 GET /login 200 in 25ms (next.js: 1.2ms, proxy.ts: 1.7ms, application-code: 22ms)
 GET /login 200 in 31ms (next.js: 1.3ms, proxy.ts: 1.8ms, application-code: 28ms)
 GET /login 200 in 30ms (next.js: 1.3ms, proxy.ts: 1.7ms, application-code: 27ms)
 GET /login 200 in 44ms (next.js: 1.7ms, proxy.ts: 2ms, application-code: 40ms)
 GET /login 200 in 24ms (next.js: 1.1ms, proxy.ts: 1.6ms, application-code: 21ms)
 GET /login 200 in 29ms (next.js: 1.6ms, proxy.ts: 2ms, application-code: 25ms)
 GET /login 200 in 24ms (next.js: 1.0ms, proxy.ts: 1.6ms, application-code: 22ms)
 GET /login 200 in 26ms (next.js: 1.3ms, proxy.ts: 1.6ms, application-code: 23ms)
 GET /login 200 in 30ms (next.js: 1.1ms, proxy.ts: 1.9ms, application-code: 27ms)
 GET /login 200 in 30ms (next.js: 1.2ms, proxy.ts: 1.7ms, application-code: 27ms)
 GET /login 200 in 28ms (next.js: 1.1ms, proxy.ts: 1.4ms, application-code: 25ms)
 GET /login 200 in 25ms (next.js: 1.1ms, proxy.ts: 1.6ms, application-code: 22ms)
 GET /login 200 in 28ms (next.js: 1.2ms, proxy.ts: 1.9ms, application-code: 25ms)
 GET /login 200 in 25ms (next.js: 1.0ms, proxy.ts: 1.7ms, application-code: 22ms)
 GET /login 200 in 25ms (next.js: 1.0ms, proxy.ts: 1.7ms, application-code: 22ms)
 GET /login 200 in 27ms (next.js: 1.7ms, proxy.ts: 3ms, application-code: 23ms)
 GET /login 200 in 23ms (next.js: 1.1ms, proxy.ts: 1.4ms, application-code: 21ms)
 GET /login 200 in 32ms (next.js: 1.2ms, proxy.ts: 1.7ms, application-code: 29ms)
 GET /login 200 in 24ms (next.js: 1.0ms, proxy.ts: 1.6ms, application-code: 22ms)
 GET /login 200 in 28ms (next.js: 1.0ms, proxy.ts: 1.6ms, application-code: 25ms)
 GET /login 200 in 24ms (next.js: 1.1ms, proxy.ts: 1.6ms, application-code: 21ms)
 GET /login 200 in 28ms (next.js: 1.2ms, proxy.ts: 2.0ms, application-code: 24ms)
 GET /login 200 in 23ms (next.js: 1.0ms, proxy.ts: 1.7ms, application-code: 21ms)
 GET /login 200 in 27ms (next.js: 1.0ms, proxy.ts: 1.7ms, application-code: 25ms)
 GET /login 200 in 26ms (next.js: 1.3ms, proxy.ts: 1.9ms, application-code: 22ms)
 GET /login 200 in 58ms (next.js: 3ms, proxy.ts: 6ms, application-code: 49ms)
 GET /login 200 in 33ms (next.js: 1.2ms, proxy.ts: 2.0ms, application-code: 30ms)
 GET /login 200 in 24ms (next.js: 1.1ms, proxy.ts: 1.5ms, application-code: 21ms)
 GET /login 200 in 27ms (next.js: 1.3ms, proxy.ts: 1.7ms, application-code: 24ms)
 GET /login 200 in 29ms (next.js: 1.2ms, proxy.ts: 2ms, application-code: 26ms)
 GET /login 200 in 23ms (next.js: 1.1ms, proxy.ts: 1.5ms, application-code: 20ms)
 GET /login 200 in 23ms (next.js: 1.1ms, proxy.ts: 1.6ms, application-code: 21ms)
 GET /login 200 in 28ms (next.js: 3ms, proxy.ts: 3ms, application-code: 23ms)
 GET /login 200 in 48ms (next.js: 1.1ms, proxy.ts: 2ms, application-code: 44ms)
 GET /login 200 in 25ms (next.js: 1.3ms, proxy.ts: 2ms, application-code: 21ms)
 GET /login 200 in 22ms (next.js: 1.1ms, proxy.ts: 1.4ms, application-code: 20ms)
 GET /login 200 in 23ms (next.js: 1.2ms, proxy.ts: 1.9ms, application-code: 20ms)
 GET /login 200 in 29ms (next.js: 1.0ms, proxy.ts: 7ms, application-code: 21ms)
 GET /login 200 in 26ms (next.js: 1.4ms, proxy.ts: 2ms, application-code: 22ms)
 GET /login 200 in 50ms (next.js: 3ms, proxy.ts: 4ms, application-code: 43ms)
 GET /login 200 in 31ms (next.js: 1.0ms, proxy.ts: 1.6ms, application-code: 28ms)
 GET /login 200 in 23ms (next.js: 1.0ms, proxy.ts: 1.5ms, application-code: 21ms)
 GET /login 200 in 23ms (next.js: 1.1ms, proxy.ts: 1.5ms, application-code: 20ms)
 GET /login 200 in 23ms (next.js: 1.1ms, proxy.ts: 1.8ms, application-code: 20ms)
 GET /login 200 in 32ms (next.js: 1.3ms, proxy.ts: 1.7ms, application-code: 29ms)
 GET /login 200 in 24ms (next.js: 1.1ms, proxy.ts: 1.9ms, application-code: 21ms)
 GET /login 200 in 23ms (next.js: 1.0ms, proxy.ts: 1.6ms, application-code: 20ms)
 GET /login 200 in 23ms (next.js: 1.0ms, proxy.ts: 1.6ms, application-code: 20ms)
 GET /login 200 in 24ms (next.js: 1.1ms, proxy.ts: 1.6ms, application-code: 21ms)
 GET /login 200 in 26ms (next.js: 1.1ms, proxy.ts: 1.6ms, application-code: 23ms)
 GET /login 200 in 23ms (next.js: 1.1ms, proxy.ts: 1.7ms, application-code: 21ms)
 GET /login 200 in 34ms (next.js: 1.2ms, proxy.ts: 1.8ms, application-code: 31ms)
 GET /login 200 in 33ms (next.js: 1.8ms, proxy.ts: 5ms, application-code: 27ms)
 GET /login 200 in 52ms (next.js: 5ms, proxy.ts: 4ms, application-code: 44ms)
 GET /login 200 in 22ms (next.js: 1.0ms, proxy.ts: 1.6ms, application-code: 20ms)
 GET /login 200 in 26ms (next.js: 1.0ms, proxy.ts: 1.4ms, application-code: 23ms)
 GET /login 200 in 23ms (next.js: 1.1ms, proxy.ts: 1.6ms, application-code: 20ms)
 GET /login 200 in 29ms (next.js: 1.0ms, proxy.ts: 1.6ms, application-code: 26ms)
 GET /login 200 in 23ms (next.js: 0.9ms, proxy.ts: 1.6ms, application-code: 20ms)
 GET /login 200 in 32ms (next.js: 1.1ms, proxy.ts: 1.6ms, application-code: 29ms)
 GET /login 200 in 23ms (next.js: 1.1ms, proxy.ts: 1.8ms, application-code: 20ms)
 GET /login 200 in 24ms (next.js: 1.3ms, proxy.ts: 1.6ms, application-code: 21ms)
 GET /login 200 in 23ms (next.js: 1.0ms, proxy.ts: 1.6ms, application-code: 20ms)
 GET /login 200 in 30ms (next.js: 1.1ms, proxy.ts: 6ms, application-code: 23ms)
 GET /login 200 in 22ms (next.js: 1.0ms, proxy.ts: 1.5ms, application-code: 19ms)
 GET /login 200 in 22ms (next.js: 1.0ms, proxy.ts: 1.5ms, application-code: 19ms)
 GET /login 200 in 41ms (next.js: 1.2ms, proxy.ts: 1.6ms, application-code: 38ms)
 GET /login 200 in 26ms (next.js: 1.5ms, proxy.ts: 2ms, application-code: 22ms)
 GET /login 200 in 22ms (next.js: 1.1ms, proxy.ts: 1.6ms, application-code: 20ms)
 GET /login 200 in 22ms (next.js: 1.2ms, proxy.ts: 1.6ms, application-code: 19ms)
 GET /login 200 in 27ms (next.js: 1.2ms, proxy.ts: 1.7ms, application-code: 24ms)
 GET /login 200 in 22ms (next.js: 1.1ms, proxy.ts: 1.6ms, application-code: 19ms)
 GET /login 200 in 29ms (next.js: 1.1ms, proxy.ts: 1.8ms, application-code: 26ms)
 GET /login 200 in 24ms (next.js: 1.1ms, proxy.ts: 1.8ms, application-code: 21ms)
 GET /login 200 in 30ms (next.js: 1.3ms, proxy.ts: 1.6ms, application-code: 27ms)
 GET /login 200 in 23ms (next.js: 1.0ms, proxy.ts: 1.8ms, application-code: 20ms)
 GET /login 200 in 25ms (next.js: 1.3ms, proxy.ts: 1.6ms, application-code: 22ms)
 GET /login 200 in 22ms (next.js: 1.3ms, proxy.ts: 1.6ms, application-code: 19ms)
 GET /login 200 in 25ms (next.js: 1.1ms, proxy.ts: 1.8ms, application-code: 23ms)
 GET /login 200 in 34ms (next.js: 1.1ms, proxy.ts: 1.7ms, application-code: 31ms)
 GET /login 200 in 22ms (next.js: 1.0ms, proxy.ts: 1.5ms, application-code: 20ms)
 GET /login 200 in 58ms (next.js: 2ms, proxy.ts: 4ms, application-code: 52ms)
 GET /login 200 in 48ms (next.js: 1.1ms, proxy.ts: 1.6ms, application-code: 45ms)
 GET /login 200 in 27ms (next.js: 3ms, proxy.ts: 2ms, application-code: 22ms)
 GET /login 200 in 24ms (next.js: 1.2ms, proxy.ts: 1.6ms, application-code: 21ms)
 GET /login 200 in 22ms (next.js: 1.1ms, proxy.ts: 1.5ms, application-code: 20ms)
 GET /login 200 in 22ms (next.js: 1.0ms, proxy.ts: 1.6ms, application-code: 19ms)
 GET /login 200 in 27ms (next.js: 1.1ms, proxy.ts: 1.6ms, application-code: 25ms)
 GET /login 200 in 25ms (next.js: 1.0ms, proxy.ts: 1.7ms, application-code: 22ms)
 GET /login 200 in 27ms (next.js: 0.9ms, proxy.ts: 1.6ms, application-code: 25ms)
 GET /login 200 in 28ms (next.js: 1.0ms, proxy.ts: 1.7ms, application-code: 26ms)
 GET /login 200 in 28ms (next.js: 1.1ms, proxy.ts: 1.6ms, application-code: 25ms)
 GET /login 200 in 25ms (next.js: 1.1ms, proxy.ts: 1.6ms, application-code: 22ms)
 GET /login 200 in 25ms (next.js: 1.1ms, proxy.ts: 1.6ms, application-code: 22ms)
 GET /login 200 in 28ms (next.js: 1.2ms, proxy.ts: 1.7ms, application-code: 25ms)
 GET /login 200 in 25ms (next.js: 1.0ms, proxy.ts: 1.7ms, application-code: 22ms)
 GET /login 200 in 25ms (next.js: 1.0ms, proxy.ts: 1.6ms, application-code: 22ms)
 GET /login 200 in 31ms (next.js: 1.0ms, proxy.ts: 2ms, application-code: 28ms)
 GET /login 200 in 28ms (next.js: 1.0ms, proxy.ts: 1.8ms, application-code: 25ms)
 GET /login 200 in 24ms (next.js: 1.0ms, proxy.ts: 3ms, application-code: 21ms)
 GET /login 200 in 24ms (next.js: 1.0ms, proxy.ts: 3ms, application-code: 21ms)
 GET /login 200 in 25ms (next.js: 1.0ms, proxy.ts: 1.7ms, application-code: 22ms)
 GET /login 200 in 26ms (next.js: 1.1ms, proxy.ts: 1.7ms, application-code: 23ms)
 GET /login 200 in 24ms (next.js: 1.1ms, proxy.ts: 1.5ms, application-code: 21ms)
 GET /login 200 in 24ms (next.js: 0.9ms, proxy.ts: 1.6ms, application-code: 21ms)
 GET /login 200 in 24ms (next.js: 1.0ms, proxy.ts: 1.7ms, application-code: 21ms)
 GET /login 200 in 23ms (next.js: 1.0ms, proxy.ts: 1.6ms, application-code: 20ms)
 GET /login 200 in 26ms (next.js: 1.0ms, proxy.ts: 1.7ms, application-code: 23ms)
 GET /login 200 in 23ms (next.js: 1.2ms, proxy.ts: 1.6ms, application-code: 20ms)
 GET /login 200 in 52ms (next.js: 3ms, proxy.ts: 7ms, application-code: 42ms)
 GET /login 200 in 22ms (next.js: 1.0ms, proxy.ts: 1.8ms, application-code: 20ms)
 GET /login 200 in 56ms (next.js: 2ms, proxy.ts: 5ms, application-code: 49ms)
 GET /login 200 in 24ms (next.js: 1.4ms, proxy.ts: 1.5ms, application-code: 22ms)
 GET /login 200 in 97ms (next.js: 1.3ms, proxy.ts: 1.7ms, application-code: 94ms)
 GET /login 200 in 24ms (next.js: 1.2ms, proxy.ts: 1.8ms, application-code: 21ms)
 GET /login 200 in 28ms (next.js: 2ms, proxy.ts: 1.7ms, application-code: 24ms)
 GET /login 200 in 25ms (next.js: 1.1ms, proxy.ts: 1.6ms, application-code: 22ms)
 GET /login 200 in 28ms (next.js: 1.2ms, proxy.ts: 1.8ms, application-code: 25ms)
 GET /login 200 in 24ms (next.js: 1.0ms, proxy.ts: 1.5ms, application-code: 21ms)
 GET /login 200 in 24ms (next.js: 1.2ms, proxy.ts: 1.7ms, application-code: 21ms)
 GET /login 200 in 23ms (next.js: 0.9ms, proxy.ts: 1.4ms, application-code: 20ms)
 GET /login 200 in 28ms (next.js: 1.0ms, proxy.ts: 2.0ms, application-code: 25ms)
 GET /login 200 in 27ms (next.js: 1.7ms, proxy.ts: 3ms, application-code: 23ms)
 GET /login 200 in 27ms (next.js: 3ms, proxy.ts: 1.7ms, application-code: 22ms)
 GET /login 200 in 24ms (next.js: 1.2ms, proxy.ts: 1.5ms, application-code: 21ms)
 GET /login 200 in 33ms (next.js: 1.1ms, proxy.ts: 1.7ms, application-code: 30ms)
 GET /login 200 in 23ms (next.js: 1.2ms, proxy.ts: 1.6ms, application-code: 20ms)
 GET /login 200 in 23ms (next.js: 1.0ms, proxy.ts: 1.6ms, application-code: 21ms)
 GET /login 200 in 26ms (next.js: 1.1ms, proxy.ts: 1.5ms, application-code: 24ms)
 GET /login 200 in 27ms (next.js: 3ms, proxy.ts: 3ms, application-code: 22ms)
 GET /login 200 in 23ms (next.js: 1.1ms, proxy.ts: 1.6ms, application-code: 20ms)
 GET /login 200 in 27ms (next.js: 1.6ms, proxy.ts: 2ms, application-code: 23ms)
 GET /login 200 in 30ms (next.js: 1.2ms, proxy.ts: 2ms, application-code: 26ms)
 GET /login 200 in 39ms (next.js: 1.2ms, proxy.ts: 1.6ms, application-code: 36ms)
 GET /login 200 in 38ms (next.js: 3ms, proxy.ts: 4ms, application-code: 32ms)
 GET /login 200 in 27ms (next.js: 1.0ms, proxy.ts: 1.9ms, application-code: 24ms)
 GET /login 200 in 56ms (next.js: 2ms, proxy.ts: 3ms, application-code: 51ms)
 GET /login 200 in 25ms (next.js: 1.7ms, proxy.ts: 2.0ms, application-code: 22ms)
 GET /login 200 in 28ms (next.js: 1.4ms, proxy.ts: 1.8ms, application-code: 25ms)
 GET /login 200 in 35ms (next.js: 1.6ms, proxy.ts: 1.8ms, application-code: 32ms)
 GET /login 200 in 27ms (next.js: 1.3ms, proxy.ts: 2ms, application-code: 23ms)
 GET /login 200 in 23ms (next.js: 1.2ms, proxy.ts: 1.6ms, application-code: 21ms)
 GET /login 200 in 24ms (next.js: 1.2ms, proxy.ts: 1.7ms, application-code: 21ms)
 GET /login 200 in 33ms (next.js: 1.2ms, proxy.ts: 1.9ms, application-code: 30ms)
 GET /login 200 in 27ms (next.js: 1.2ms, proxy.ts: 1.6ms, application-code: 24ms)
 GET /login 200 in 24ms (next.js: 1.0ms, proxy.ts: 1.8ms, application-code: 21ms)
 GET /login 200 in 56ms (next.js: 1.0ms, proxy.ts: 3ms, application-code: 52ms)
 GET /login 200 in 33ms (next.js: 3ms, proxy.ts: 2ms, application-code: 28ms)
 GET /login 200 in 25ms (next.js: 1.1ms, proxy.ts: 1.6ms, application-code: 23ms)
 GET /login 200 in 24ms (next.js: 1.1ms, proxy.ts: 1.5ms, application-code: 21ms)
 GET /login 200 in 25ms (next.js: 2.0ms, proxy.ts: 1.6ms, application-code: 21ms)
 GET /login 200 in 31ms (next.js: 1.5ms, proxy.ts: 1.9ms, application-code: 28ms)
 GET /login 200 in 30ms (next.js: 1.1ms, proxy.ts: 1.7ms, application-code: 27ms)
 GET /login 200 in 27ms (next.js: 1.3ms, proxy.ts: 3ms, application-code: 23ms)
 GET /login 200 in 32ms (next.js: 1.5ms, proxy.ts: 2ms, application-code: 28ms)
 GET /login 200 in 23ms (next.js: 1.1ms, proxy.ts: 1.5ms, application-code: 21ms)
 GET /login 200 in 22ms (next.js: 1.0ms, proxy.ts: 1.5ms, application-code: 20ms)
 GET /login 200 in 24ms (next.js: 1.1ms, proxy.ts: 1.5ms, application-code: 21ms)
 GET /login 200 in 28ms (next.js: 0.9ms, proxy.ts: 8ms, application-code: 19ms)
 GET /login 200 in 22ms (next.js: 1.1ms, proxy.ts: 1.8ms, application-code: 19ms)
 GET /login 200 in 25ms (next.js: 1.2ms, proxy.ts: 1.6ms, application-code: 22ms)
 GET /login 200 in 69ms (next.js: 1.4ms, proxy.ts: 1.8ms, application-code: 65ms)
 GET /login 200 in 25ms (next.js: 1.2ms, proxy.ts: 1.7ms, application-code: 22ms)
 GET /login 200 in 23ms (next.js: 1.1ms, proxy.ts: 1.8ms, application-code: 20ms)
 GET /login 200 in 44ms (next.js: 2ms, proxy.ts: 3ms, application-code: 39ms)
 GET /login 200 in 30ms (next.js: 1.1ms, proxy.ts: 1.7ms, application-code: 27ms)
 GET /login 200 in 31ms (next.js: 1.2ms, proxy.ts: 1.7ms, application-code: 28ms)
 GET /login 200 in 25ms (next.js: 1.2ms, proxy.ts: 1.8ms, application-code: 22ms)
 GET /login 200 in 29ms (next.js: 1.0ms, proxy.ts: 1.3ms, application-code: 27ms)
 GET /login 200 in 43ms (next.js: 1.8ms, proxy.ts: 2ms, application-code: 39ms)
 GET /login 200 in 28ms (next.js: 1.9ms, proxy.ts: 2ms, application-code: 23ms)
 GET /login 200 in 23ms (next.js: 1.1ms, proxy.ts: 1.6ms, application-code: 20ms)
 GET /login 200 in 32ms (next.js: 1.1ms, proxy.ts: 1.4ms, application-code: 29ms)
 GET /login 200 in 24ms (next.js: 1.1ms, proxy.ts: 1.8ms, application-code: 21ms)
 GET /login 200 in 60ms (next.js: 8ms, proxy.ts: 3ms, application-code: 48ms)
 GET /login 200 in 28ms (next.js: 4ms, proxy.ts: 1.7ms, application-code: 23ms)
 GET /login 200 in 62ms (next.js: 1.7ms, proxy.ts: 3ms, application-code: 57ms)
 GET /login 200 in 26ms (next.js: 1.2ms, proxy.ts: 1.7ms, application-code: 23ms)
 GET /login 200 in 23ms (next.js: 1.1ms, proxy.ts: 1.7ms, application-code: 20ms)
 GET /login 200 in 24ms (next.js: 1.5ms, proxy.ts: 1.7ms, application-code: 21ms)
 GET /login 200 in 25ms (next.js: 1.8ms, proxy.ts: 1.9ms, application-code: 21ms)
 GET /login 200 in 24ms (next.js: 1.1ms, proxy.ts: 1.7ms, application-code: 22ms)
 GET /login 200 in 24ms (next.js: 1.5ms, proxy.ts: 1.8ms, application-code: 21ms)
 GET /login 200 in 27ms (next.js: 0.9ms, proxy.ts: 1.6ms, application-code: 25ms)
 GET /login 200 in 29ms (next.js: 1.1ms, proxy.ts: 2ms, application-code: 26ms)
 GET /login 200 in 29ms (next.js: 1.1ms, proxy.ts: 1.6ms, application-code: 26ms)
 GET /login 200 in 29ms (next.js: 1.2ms, proxy.ts: 1.6ms, application-code: 26ms)
 GET /login 200 in 24ms (next.js: 1.0ms, proxy.ts: 1.6ms, application-code: 22ms)
 GET /login 200 in 24ms (next.js: 1.1ms, proxy.ts: 1.9ms, application-code: 21ms)
 GET /login 200 in 31ms (next.js: 1.5ms, proxy.ts: 2.0ms, application-code: 27ms)
 GET /login 200 in 27ms (next.js: 1.5ms, proxy.ts: 2ms, application-code: 23ms)
 GET /login 200 in 54ms (next.js: 2ms, proxy.ts: 4ms, application-code: 47ms)
 GET /login 200 in 33ms (next.js: 0.9ms, proxy.ts: 1.5ms, application-code: 31ms)
 GET /login 200 in 30ms (next.js: 2ms, proxy.ts: 2ms, application-code: 25ms)
 GET /login 200 in 27ms (next.js: 1.1ms, proxy.ts: 4ms, application-code: 21ms)
 GET /login 200 in 29ms (next.js: 1.4ms, proxy.ts: 1.5ms, application-code: 26ms)
 GET /login 200 in 32ms (next.js: 2ms, proxy.ts: 4ms, application-code: 26ms)
 GET /login 200 in 29ms (next.js: 1.1ms, proxy.ts: 1.7ms, application-code: 26ms)
 GET /login 200 in 30ms (next.js: 1.3ms, proxy.ts: 1.9ms, application-code: 27ms)
 GET /login 200 in 34ms (next.js: 1.3ms, proxy.ts: 2.0ms, application-code: 31ms)
 GET /login 200 in 27ms (next.js: 1.3ms, proxy.ts: 1.9ms, application-code: 23ms)
 GET /login 200 in 31ms (next.js: 1.9ms, proxy.ts: 2ms, application-code: 27ms)
 GET /login 200 in 25ms (next.js: 1.1ms, proxy.ts: 1.6ms, application-code: 23ms)
 GET /login 200 in 30ms (next.js: 1.4ms, proxy.ts: 1.8ms, application-code: 27ms)
 GET /login 200 in 25ms (next.js: 1.2ms, proxy.ts: 1.9ms, application-code: 22ms)
 GET /login 200 in 24ms (next.js: 1.2ms, proxy.ts: 1.7ms, application-code: 21ms)
 GET /login 200 in 28ms (next.js: 1.4ms, proxy.ts: 2ms, application-code: 25ms)
 GET /login 200 in 34ms (next.js: 1.1ms, proxy.ts: 1.6ms, application-code: 31ms)
 GET /login 200 in 26ms (next.js: 1.1ms, proxy.ts: 1.6ms, application-code: 24ms)
 GET /login 200 in 24ms (next.js: 1.5ms, proxy.ts: 1.8ms, application-code: 20ms)
 GET /login 200 in 26ms (next.js: 1.2ms, proxy.ts: 1.6ms, application-code: 23ms)
 GET /login 200 in 35ms (next.js: 1.3ms, proxy.ts: 3ms, application-code: 31ms)
 GET /login 200 in 23ms (next.js: 1.0ms, proxy.ts: 1.6ms, application-code: 21ms)
 GET /login 200 in 25ms (next.js: 1.1ms, proxy.ts: 1.7ms, application-code: 22ms)
 GET /login 200 in 24ms (next.js: 1.0ms, proxy.ts: 1.6ms, application-code: 21ms)
 GET /login 200 in 51ms (next.js: 1.0ms, proxy.ts: 1.4ms, application-code: 49ms)
 GET /login 200 in 30ms (next.js: 1.3ms, proxy.ts: 3ms, application-code: 25ms)
 GET /login 200 in 25ms (next.js: 1.1ms, proxy.ts: 3ms, application-code: 21ms)
 GET /login 200 in 24ms (next.js: 1.1ms, proxy.ts: 1.6ms, application-code: 21ms)
 GET /login 200 in 25ms (next.js: 1.1ms, proxy.ts: 1.7ms, application-code: 23ms)
 GET /login 200 in 45ms (next.js: 2ms, proxy.ts: 7ms, application-code: 36ms)
 GET /login 200 in 30ms (next.js: 1.7ms, proxy.ts: 3ms, application-code: 26ms)
 GET /login 200 in 24ms (next.js: 1.1ms, proxy.ts: 1.9ms, application-code: 21ms)
 GET /login 200 in 38ms (next.js: 1.2ms, proxy.ts: 1.8ms, application-code: 35ms)
 GET /login 200 in 23ms (next.js: 1.1ms, proxy.ts: 1.7ms, application-code: 21ms)
 GET /login 200 in 24ms (next.js: 1.2ms, proxy.ts: 1.8ms, application-code: 21ms)
 GET /login 200 in 24ms (next.js: 1.1ms, proxy.ts: 1.6ms, application-code: 21ms)
 GET /login 200 in 33ms (next.js: 1.3ms, proxy.ts: 1.5ms, application-code: 30ms)
 GET /login 200 in 23ms (next.js: 1.1ms, proxy.ts: 1.8ms, application-code: 20ms)
 GET /login 200 in 40ms (next.js: 1.0ms, proxy.ts: 2ms, application-code: 37ms)
 GET /login 200 in 28ms (next.js: 1.1ms, proxy.ts: 1.7ms, application-code: 26ms)
 GET /login 200 in 25ms (next.js: 1.3ms, proxy.ts: 2ms, application-code: 21ms)
 GET /login 200 in 23ms (next.js: 1.1ms, proxy.ts: 1.6ms, application-code: 20ms)
 GET /login 200 in 23ms (next.js: 1.1ms, proxy.ts: 1.6ms, application-code: 20ms)
 GET /login 200 in 28ms (next.js: 1.1ms, proxy.ts: 1.5ms, application-code: 25ms)
 GET /login 200 in 24ms (next.js: 1.0ms, proxy.ts: 1.6ms, application-code: 21ms)
 GET /login 200 in 23ms (next.js: 1.1ms, proxy.ts: 1.6ms, application-code: 20ms)
 GET /login 200 in 23ms (next.js: 1.1ms, proxy.ts: 1.6ms, application-code: 21ms)
 GET /login 200 in 31ms (next.js: 1.1ms, proxy.ts: 1.6ms, application-code: 28ms)
 GET /login 200 in 23ms (next.js: 1.1ms, proxy.ts: 1.6ms, application-code: 20ms)
 GET /login 200 in 25ms (next.js: 1.1ms, proxy.ts: 2ms, application-code: 22ms)
 GET /login 200 in 22ms (next.js: 1.1ms, proxy.ts: 1.6ms, application-code: 20ms)
 GET /login 200 in 24ms (next.js: 1.1ms, proxy.ts: 1.9ms, application-code: 21ms)
 GET /login 200 in 22ms (next.js: 0.9ms, proxy.ts: 1.6ms, application-code: 20ms)
 GET /login 200 in 24ms (next.js: 1.1ms, proxy.ts: 1.4ms, application-code: 21ms)
 GET /login 200 in 27ms (next.js: 1.0ms, proxy.ts: 1.5ms, application-code: 24ms)
 GET /login 200 in 22ms (next.js: 0.9ms, proxy.ts: 1.3ms, application-code: 20ms)
 GET /login 200 in 25ms (next.js: 1.0ms, proxy.ts: 1.5ms, application-code: 23ms)
 GET /login 200 in 129ms (next.js: 9ms, proxy.ts: 17ms, application-code: 102ms)
 GET /login 200 in 28ms (next.js: 2ms, proxy.ts: 2ms, application-code: 23ms)
 GET /login 200 in 27ms (next.js: 1.9ms, proxy.ts: 1.8ms, application-code: 23ms)
 GET /login 200 in 34ms (next.js: 1.1ms, proxy.ts: 1.7ms, application-code: 32ms)
 GET /login 200 in 33ms (next.js: 1.7ms, proxy.ts: 3ms, application-code: 28ms)
 GET /login 200 in 33ms (next.js: 5ms, proxy.ts: 4ms, application-code: 24ms)
 GET /login 200 in 26ms (next.js: 1.1ms, proxy.ts: 1.7ms, application-code: 23ms)
 GET /login 200 in 49ms (next.js: 5ms, proxy.ts: 2ms, application-code: 42ms)
 GET /login 200 in 28ms (next.js: 1.4ms, proxy.ts: 1.4ms, application-code: 25ms)
 GET /login 200 in 36ms (next.js: 3ms, proxy.ts: 4ms, application-code: 29ms)
 GET /login 200 in 42ms (next.js: 2ms, proxy.ts: 2ms, application-code: 37ms)
 GET /login 200 in 95ms (next.js: 12ms, proxy.ts: 3ms, application-code: 81ms)
 GET /login 200 in 30ms (next.js: 1.2ms, proxy.ts: 1.9ms, application-code: 27ms)
 GET /login 200 in 25ms (next.js: 1.2ms, proxy.ts: 1.8ms, application-code: 22ms)
 GET /login 200 in 32ms (next.js: 1.6ms, proxy.ts: 1.9ms, application-code: 29ms)
 GET /login 200 in 27ms (next.js: 1.0ms, proxy.ts: 1.5ms, application-code: 24ms)
 GET /login 200 in 24ms (next.js: 1.1ms, proxy.ts: 1.4ms, application-code: 21ms)
 GET /login 200 in 44ms (next.js: 1.1ms, proxy.ts: 1.6ms, application-code: 41ms)
 GET /login 200 in 31ms (next.js: 1.1ms, proxy.ts: 1.5ms, application-code: 29ms)
 GET /login 200 in 24ms (next.js: 1.1ms, proxy.ts: 1.4ms, application-code: 21ms)
 GET /login 200 in 24ms (next.js: 1.3ms, proxy.ts: 1.5ms, application-code: 21ms)
 GET /login 200 in 95ms (next.js: 8ms, proxy.ts: 2ms, application-code: 85ms)
 GET /login 200 in 86ms (next.js: 7ms, proxy.ts: 6ms, application-code: 74ms)
 GET /login 200 in 38ms (next.js: 2ms, proxy.ts: 2ms, application-code: 33ms)
 GET /login 200 in 79ms (next.js: 10ms, proxy.ts: 11ms, application-code: 58ms)
 GET /login 200 in 44ms (next.js: 18ms, proxy.ts: 1.6ms, application-code: 24ms)
 GET /login 200 in 37ms (next.js: 1.8ms, proxy.ts: 1.8ms, application-code: 33ms)
 GET /login 200 in 31ms (next.js: 1.6ms, proxy.ts: 2.0ms, application-code: 28ms)
 GET /login 200 in 30ms (next.js: 1.6ms, proxy.ts: 1.7ms, application-code: 27ms)
 GET /login 200 in 36ms (next.js: 2ms, proxy.ts: 2ms, application-code: 32ms)
 GET /login 200 in 24ms (next.js: 1.2ms, proxy.ts: 1.8ms, application-code: 21ms)
 GET /login 200 in 36ms (next.js: 3ms, proxy.ts: 2ms, application-code: 31ms)
 GET /login 200 in 74ms (next.js: 3ms, proxy.ts: 4ms, application-code: 67ms)
 GET /login 200 in 38ms (next.js: 2ms, proxy.ts: 3ms, application-code: 33ms)
 GET /login 200 in 27ms (next.js: 1.2ms, proxy.ts: 1.5ms, application-code: 24ms)
 GET /login 200 in 28ms (next.js: 1.7ms, proxy.ts: 3ms, application-code: 23ms)
 GET /login 200 in 45ms (next.js: 1.6ms, proxy.ts: 3ms, application-code: 41ms)
 GET /login 200 in 43ms (next.js: 9ms, proxy.ts: 3ms, application-code: 31ms)
 GET /login 200 in 32ms (next.js: 1.5ms, proxy.ts: 3ms, application-code: 28ms)
 GET /login 200 in 63ms (next.js: 1.8ms, proxy.ts: 1.7ms, application-code: 60ms)
 GET /login 200 in 37ms (next.js: 1.3ms, proxy.ts: 1.5ms, application-code: 34ms)
 GET /login 200 in 24ms (next.js: 1.2ms, proxy.ts: 1.7ms, application-code: 21ms)
 GET /login 200 in 27ms (next.js: 1.3ms, proxy.ts: 1.9ms, application-code: 24ms)
 GET /login 200 in 57ms (next.js: 1.0ms, proxy.ts: 1.5ms, application-code: 54ms)
 GET /login 200 in 152ms (next.js: 4ms, proxy.ts: 13ms, application-code: 135ms)
 GET /login 200 in 34ms (next.js: 4ms, proxy.ts: 3ms, application-code: 27ms)
 GET /login 200 in 30ms (next.js: 1.5ms, proxy.ts: 1.8ms, application-code: 27ms)
 GET /login 200 in 79ms (next.js: 3ms, proxy.ts: 11ms, application-code: 64ms)
 GET /login 200 in 28ms (next.js: 1.6ms, proxy.ts: 1.7ms, application-code: 25ms)
 GET /login 200 in 28ms (next.js: 1.5ms, proxy.ts: 2ms, application-code: 24ms)
 GET /login 200 in 29ms (next.js: 1.1ms, proxy.ts: 1.5ms, application-code: 26ms)
 GET /login 200 in 27ms (next.js: 2.0ms, proxy.ts: 3ms, application-code: 22ms)
 GET /login 200 in 59ms (next.js: 3ms, proxy.ts: 5ms, application-code: 51ms)
 GET /login 200 in 32ms (next.js: 1.2ms, proxy.ts: 2.0ms, application-code: 29ms)
 GET /login 200 in 35ms (next.js: 1.1ms, proxy.ts: 1.9ms, application-code: 32ms)
 GET /login 200 in 25ms (next.js: 1.2ms, proxy.ts: 1.6ms, application-code: 22ms)
 GET /login 200 in 24ms (next.js: 1.1ms, proxy.ts: 1.7ms, application-code: 22ms)
 GET /login 200 in 39ms (next.js: 8ms, proxy.ts: 4ms, application-code: 28ms)
 GET /login 200 in 25ms (next.js: 1.1ms, proxy.ts: 1.7ms, application-code: 22ms)
 GET /login 200 in 24ms (next.js: 1.1ms, proxy.ts: 1.8ms, application-code: 21ms)
 GET /login 200 in 25ms (next.js: 1.0ms, proxy.ts: 1.6ms, application-code: 22ms)
 GET /login 200 in 42ms (next.js: 1.2ms, proxy.ts: 1.7ms, application-code: 39ms)
 GET /login 200 in 50ms (next.js: 1.8ms, proxy.ts: 1.8ms, application-code: 47ms)
 GET /login 200 in 26ms (next.js: 1.6ms, proxy.ts: 3ms, application-code: 21ms)
 GET /login 200 in 61ms (next.js: 4ms, proxy.ts: 5ms, application-code: 53ms)
 GET /login 200 in 33ms (next.js: 1.4ms, proxy.ts: 1.6ms, application-code: 30ms)
 GET /login 200 in 32ms (next.js: 1.5ms, proxy.ts: 2ms, application-code: 28ms)
 GET /login 200 in 35ms (next.js: 1.1ms, proxy.ts: 3ms, application-code: 31ms)
 GET /login 200 in 29ms (next.js: 1.2ms, proxy.ts: 1.7ms, application-code: 26ms)
 GET /login 200 in 26ms (next.js: 1.0ms, proxy.ts: 1.7ms, application-code: 23ms)
 GET /login 200 in 31ms (next.js: 3ms, proxy.ts: 3ms, application-code: 25ms)
 GET /login 200 in 28ms (next.js: 1.4ms, proxy.ts: 1.9ms, application-code: 25ms)
 GET /login 200 in 28ms (next.js: 1.0ms, proxy.ts: 1.5ms, application-code: 25ms)
 GET /login 200 in 30ms (next.js: 1.1ms, proxy.ts: 1.7ms, application-code: 28ms)
 GET /login 200 in 28ms (next.js: 1.1ms, proxy.ts: 1.6ms, application-code: 25ms)
 GET /login 200 in 29ms (next.js: 1.5ms, proxy.ts: 3ms, application-code: 24ms)
 GET /login 200 in 31ms (next.js: 1.7ms, proxy.ts: 2ms, application-code: 27ms)
 GET /login 200 in 23ms (next.js: 1.0ms, proxy.ts: 1.7ms, application-code: 20ms)
 GET /login 200 in 65ms (next.js: 4ms, proxy.ts: 4ms, application-code: 57ms)
 GET /login 200 in 25ms (next.js: 1.2ms, proxy.ts: 2ms, application-code: 21ms)
 GET /login 200 in 28ms (next.js: 1.2ms, proxy.ts: 1.7ms, application-code: 25ms)
 GET /login 200 in 22ms (next.js: 0.9ms, proxy.ts: 1.4ms, application-code: 20ms)
 GET /login 200 in 32ms (next.js: 1.5ms, proxy.ts: 1.9ms, application-code: 29ms)
 GET /login 200 in 29ms (next.js: 1.6ms, proxy.ts: 3ms, application-code: 24ms)
 GET /login 200 in 55ms (next.js: 1.1ms, proxy.ts: 1.7ms, application-code: 52ms)
 GET /login 200 in 26ms (next.js: 1.1ms, proxy.ts: 2ms, application-code: 22ms)
 GET /login 200 in 24ms (next.js: 1.2ms, proxy.ts: 1.6ms, application-code: 22ms)
 GET /login 200 in 25ms (next.js: 1.1ms, proxy.ts: 1.9ms, application-code: 22ms)
 GET /login 200 in 38ms (next.js: 0.9ms, proxy.ts: 1.6ms, application-code: 36ms)
 GET /login 200 in 26ms (next.js: 1.6ms, proxy.ts: 1.6ms, application-code: 23ms)
 GET /login 200 in 26ms (next.js: 1.1ms, proxy.ts: 1.6ms, application-code: 23ms)
 GET /login 200 in 25ms (next.js: 1.2ms, proxy.ts: 1.8ms, application-code: 22ms)
 GET /login 200 in 30ms (next.js: 1.1ms, proxy.ts: 2ms, application-code: 27ms)
 GET /login 200 in 23ms (next.js: 1.4ms, proxy.ts: 1.9ms, application-code: 20ms)
 GET /login 200 in 22ms (next.js: 1.1ms, proxy.ts: 1.6ms, application-code: 19ms)
 GET /login 200 in 24ms (next.js: 1.1ms, proxy.ts: 1.7ms, application-code: 21ms)
 GET /login 200 in 31ms (next.js: 1.2ms, proxy.ts: 2.0ms, application-code: 28ms)
 GET /login 200 in 21ms (next.js: 1.0ms, proxy.ts: 1.5ms, application-code: 19ms)
 GET /login 200 in 27ms (next.js: 1.2ms, proxy.ts: 2ms, application-code: 24ms)
 GET /login 200 in 23ms (next.js: 1.1ms, proxy.ts: 1.7ms, application-code: 20ms)
 GET /login 200 in 23ms (next.js: 1.0ms, proxy.ts: 1.9ms, application-code: 20ms)
 GET /login 200 in 23ms (next.js: 1.0ms, proxy.ts: 1.6ms, application-code: 20ms)
 GET /login 200 in 26ms (next.js: 1.2ms, proxy.ts: 1.5ms, application-code: 24ms)
 GET /login 200 in 30ms (next.js: 1.1ms, proxy.ts: 1.7ms, application-code: 28ms)
 GET /login 200 in 23ms (next.js: 1.0ms, proxy.ts: 1.7ms, application-code: 20ms)
 GET /login 200 in 24ms (next.js: 1.3ms, proxy.ts: 1.8ms, application-code: 21ms)
 GET /login 200 in 44ms (next.js: 1.6ms, proxy.ts: 6ms, application-code: 36ms)
 GET /login 200 in 35ms (next.js: 1.0ms, proxy.ts: 1.7ms, application-code: 33ms)
 GET /login 200 in 22ms (next.js: 1.0ms, proxy.ts: 1.5ms, application-code: 20ms)
 GET /login 200 in 26ms (next.js: 1.0ms, proxy.ts: 2ms, application-code: 23ms)
 GET /login 200 in 27ms (next.js: 1.0ms, proxy.ts: 1.6ms, application-code: 24ms)
 GET /login 200 in 35ms (next.js: 1.3ms, proxy.ts: 3ms, application-code: 31ms)
 GET /login 200 in 22ms (next.js: 1.0ms, proxy.ts: 1.6ms, application-code: 19ms)
 GET /login 200 in 22ms (next.js: 0.9ms, proxy.ts: 1.6ms, application-code: 20ms)
 GET /login 200 in 31ms (next.js: 1.4ms, proxy.ts: 1.6ms, application-code: 28ms)
 GET /login 200 in 22ms (next.js: 0.9ms, proxy.ts: 1.6ms, application-code: 20ms)
 GET /login 200 in 23ms (next.js: 1.2ms, proxy.ts: 1.9ms, application-code: 20ms)
 GET /login 200 in 40ms (next.js: 1.0ms, proxy.ts: 1.5ms, application-code: 38ms)
 GET /login 200 in 30ms (next.js: 1.8ms, proxy.ts: 3ms, application-code: 25ms)
 GET /login 200 in 25ms (next.js: 1.2ms, proxy.ts: 2ms, application-code: 22ms)
 GET /login 200 in 28ms (next.js: 1.2ms, proxy.ts: 1.6ms, application-code: 25ms)
 GET /login 200 in 24ms (next.js: 1.2ms, proxy.ts: 1.9ms, application-code: 21ms)
 GET /login 200 in 28ms (next.js: 1.2ms, proxy.ts: 6ms, application-code: 20ms)
 GET /login 200 in 23ms (next.js: 1.0ms, proxy.ts: 1.7ms, application-code: 20ms)
 GET /login 200 in 22ms (next.js: 1.0ms, proxy.ts: 1.4ms, application-code: 20ms)
 GET /login 200 in 29ms (next.js: 1.1ms, proxy.ts: 1.5ms, application-code: 26ms)
 GET /login 200 in 24ms (next.js: 1.1ms, proxy.ts: 1.7ms, application-code: 21ms)
 GET /login 200 in 22ms (next.js: 1.1ms, proxy.ts: 1.7ms, application-code: 19ms)
 GET /login 200 in 23ms (next.js: 1.2ms, proxy.ts: 1.6ms, application-code: 20ms)
 GET /login 200 in 29ms (next.js: 1.1ms, proxy.ts: 1.5ms, application-code: 26ms)
 GET /login 200 in 23ms (next.js: 1.1ms, proxy.ts: 1.6ms, application-code: 20ms)
 GET /login 200 in 23ms (next.js: 1.1ms, proxy.ts: 1.5ms, application-code: 20ms)
 GET /login 200 in 22ms (next.js: 1.0ms, proxy.ts: 1.4ms, application-code: 19ms)
 GET /login 200 in 31ms (next.js: 1.1ms, proxy.ts: 1.6ms, application-code: 29ms)
 GET /login 200 in 59ms (next.js: 3ms, proxy.ts: 4ms, application-code: 52ms)
 GET /login 200 in 23ms (next.js: 1.5ms, proxy.ts: 1.6ms, application-code: 20ms)
 GET /login 200 in 28ms (next.js: 1.1ms, proxy.ts: 1.9ms, application-code: 25ms)
 GET /login 200 in 22ms (next.js: 1.0ms, proxy.ts: 1.4ms, application-code: 20ms)
 GET /login 200 in 24ms (next.js: 1.1ms, proxy.ts: 1.9ms, application-code: 21ms)
 GET /login 200 in 23ms (next.js: 1.1ms, proxy.ts: 2ms, application-code: 20ms)
 GET /login 200 in 28ms (next.js: 1.1ms, proxy.ts: 2ms, application-code: 25ms)
 GET /login 200 in 24ms (next.js: 1.4ms, proxy.ts: 1.9ms, application-code: 21ms)
 GET /login 200 in 33ms (next.js: 1.7ms, proxy.ts: 5ms, application-code: 27ms)
 GET /login 200 in 23ms (next.js: 1.2ms, proxy.ts: 1.7ms, application-code: 20ms)
 GET /login 200 in 45ms (next.js: 1.2ms, proxy.ts: 1.7ms, application-code: 42ms)
 GET /login 200 in 24ms (next.js: 1.2ms, proxy.ts: 1.7ms, application-code: 21ms)
 GET /login 200 in 36ms (next.js: 3ms, proxy.ts: 3ms, application-code: 29ms)
 GET /login 200 in 57ms (next.js: 1.1ms, proxy.ts: 1.7ms, application-code: 55ms)
 GET /login 200 in 26ms (next.js: 1.1ms, proxy.ts: 2ms, application-code: 23ms)
 GET /login 200 in 26ms (next.js: 1.1ms, proxy.ts: 1.7ms, application-code: 24ms)
 GET /login 200 in 26ms (next.js: 1.1ms, proxy.ts: 1.8ms, application-code: 23ms)
 GET /login 200 in 45ms (next.js: 1.2ms, proxy.ts: 1.8ms, application-code: 42ms)
 GET /login 200 in 25ms (next.js: 1.1ms, proxy.ts: 2.0ms, application-code: 22ms)
 GET /login 200 in 24ms (next.js: 1.2ms, proxy.ts: 1.6ms, application-code: 22ms)
 GET /login 200 in 23ms (next.js: 1.1ms, proxy.ts: 1.7ms, application-code: 21ms)
 GET /login 200 in 27ms (next.js: 1.1ms, proxy.ts: 1.6ms, application-code: 24ms)
 GET /login 200 in 23ms (next.js: 0.9ms, proxy.ts: 1.5ms, application-code: 21ms)
 GET /login 200 in 24ms (next.js: 1.2ms, proxy.ts: 1.7ms, application-code: 21ms)
 GET /login 200 in 31ms (next.js: 1.2ms, proxy.ts: 1.8ms, application-code: 28ms)
 GET /login 200 in 30ms (next.js: 1.0ms, proxy.ts: 2ms, application-code: 26ms)
 GET /login 200 in 28ms (next.js: 0.9ms, proxy.ts: 1.8ms, application-code: 25ms)
 GET /login 200 in 25ms (next.js: 1.3ms, proxy.ts: 1.8ms, application-code: 21ms)
 GET /login 200 in 42ms (next.js: 2ms, proxy.ts: 3ms, application-code: 36ms)
 GET /login 200 in 36ms (next.js: 1.3ms, proxy.ts: 1.6ms, application-code: 34ms)
 GET /login 200 in 26ms (next.js: 1.1ms, proxy.ts: 1.6ms, application-code: 23ms)
 GET /login 200 in 23ms (next.js: 1.0ms, proxy.ts: 1.5ms, application-code: 21ms)
 GET /login 200 in 31ms (next.js: 1.1ms, proxy.ts: 1.8ms, application-code: 28ms)
 GET /login 200 in 25ms (next.js: 1.3ms, proxy.ts: 1.8ms, application-code: 22ms)
 GET /login 200 in 48ms (next.js: 3ms, proxy.ts: 2ms, application-code: 42ms)
 GET /login 200 in 27ms (next.js: 1.0ms, proxy.ts: 1.8ms, application-code: 24ms)
 GET /login 200 in 28ms (next.js: 1.2ms, proxy.ts: 1.6ms, application-code: 25ms)
 GET /login 200 in 29ms (next.js: 1.1ms, proxy.ts: 1.7ms, application-code: 26ms)
 GET /login 200 in 24ms (next.js: 1.0ms, proxy.ts: 1.6ms, application-code: 21ms)
 GET /login 200 in 26ms (next.js: 1.1ms, proxy.ts: 1.5ms, application-code: 23ms)
 GET /login 200 in 34ms (next.js: 1.5ms, proxy.ts: 3ms, application-code: 29ms)
 GET /login 200 in 44ms (next.js: 0.9ms, proxy.ts: 1.6ms, application-code: 42ms)
 GET /login 200 in 22ms (next.js: 0.9ms, proxy.ts: 1.7ms, application-code: 19ms)
 GET /login 200 in 28ms (next.js: 1.1ms, proxy.ts: 1.6ms, application-code: 26ms)
 GET /login 200 in 23ms (next.js: 1.1ms, proxy.ts: 1.6ms, application-code: 20ms)
 GET /login 200 in 27ms (next.js: 1.1ms, proxy.ts: 1.5ms, application-code: 24ms)
 GET /login 200 in 23ms (next.js: 1.2ms, proxy.ts: 1.6ms, application-code: 20ms)
 GET /login 200 in 28ms (next.js: 1.2ms, proxy.ts: 1.7ms, application-code: 25ms)
 GET /login 200 in 30ms (next.js: 1.2ms, proxy.ts: 1.6ms, application-code: 27ms)
 GET /login 200 in 25ms (next.js: 1.2ms, proxy.ts: 1.9ms, application-code: 22ms)
 GET /login 200 in 24ms (next.js: 1.2ms, proxy.ts: 1.6ms, application-code: 21ms)
 GET /login 200 in 23ms (next.js: 1.1ms, proxy.ts: 1.7ms, application-code: 21ms)
 GET /login 200 in 28ms (next.js: 1.1ms, proxy.ts: 1.5ms, application-code: 25ms)
 GET /login 200 in 24ms (next.js: 1.1ms, proxy.ts: 1.7ms, application-code: 21ms)
 GET /login 200 in 24ms (next.js: 1.1ms, proxy.ts: 1.4ms, application-code: 21ms)
 GET /login 200 in 24ms (next.js: 1.1ms, proxy.ts: 1.5ms, application-code: 21ms)
 GET /login 200 in 29ms (next.js: 1.0ms, proxy.ts: 1.7ms, application-code: 27ms)
 GET /login 200 in 42ms (next.js: 3ms, proxy.ts: 4ms, application-code: 35ms)
 GET /login 200 in 22ms (next.js: 1.0ms, proxy.ts: 1.5ms, application-code: 20ms)
 GET /login 200 in 23ms (next.js: 1.1ms, proxy.ts: 1.6ms, application-code: 20ms)
 GET /login 200 in 31ms (next.js: 1.0ms, proxy.ts: 1.5ms, application-code: 29ms)
 GET /login 200 in 29ms (next.js: 1.0ms, proxy.ts: 1.6ms, application-code: 26ms)
 GET /login 200 in 24ms (next.js: 1.1ms, proxy.ts: 1.7ms, application-code: 21ms)
 GET /login 200 in 29ms (next.js: 1.1ms, proxy.ts: 1.6ms, application-code: 27ms)
 GET /login 200 in 22ms (next.js: 1.0ms, proxy.ts: 1.8ms, application-code: 20ms)
 GET /login 200 in 23ms (next.js: 1.0ms, proxy.ts: 1.6ms, application-code: 20ms)
 GET /login 200 in 22ms (next.js: 1.1ms, proxy.ts: 1.6ms, application-code: 20ms)
 GET /login 200 in 34ms (next.js: 1.1ms, proxy.ts: 2ms, application-code: 30ms)
 GET /login 200 in 25ms (next.js: 1.7ms, proxy.ts: 2ms, application-code: 21ms)
 GET /login 200 in 24ms (next.js: 1.0ms, proxy.ts: 1.6ms, application-code: 22ms)
 GET /login 200 in 23ms (next.js: 1.1ms, proxy.ts: 1.6ms, application-code: 20ms)
 GET /login 200 in 29ms (next.js: 1.7ms, proxy.ts: 2ms, application-code: 25ms)
 GET /login 200 in 22ms (next.js: 1.1ms, proxy.ts: 1.6ms, application-code: 20ms)
 GET /login 200 in 27ms (next.js: 1.1ms, proxy.ts: 1.5ms, application-code: 25ms)
 GET /login 200 in 25ms (next.js: 1.1ms, proxy.ts: 1.6ms, application-code: 22ms)
 GET /login 200 in 43ms (next.js: 1.3ms, proxy.ts: 1.6ms, application-code: 40ms)
 GET /login 200 in 23ms (next.js: 1.0ms, proxy.ts: 1.6ms, application-code: 20ms)
 GET /login 200 in 23ms (next.js: 1.4ms, proxy.ts: 1.7ms, application-code: 20ms)
 GET /login 200 in 28ms (next.js: 1.3ms, proxy.ts: 1.9ms, application-code: 25ms)
 GET /login 200 in 25ms (next.js: 1.2ms, proxy.ts: 1.9ms, application-code: 22ms)
 GET /login 200 in 24ms (next.js: 1.0ms, proxy.ts: 1.5ms, application-code: 21ms)
 GET /login 200 in 24ms (next.js: 1.0ms, proxy.ts: 1.5ms, application-code: 21ms)
 GET /login 200 in 33ms (next.js: 1.0ms, proxy.ts: 1.6ms, application-code: 30ms)
 GET /login 200 in 25ms (next.js: 1.3ms, proxy.ts: 1.6ms, application-code: 22ms)
 GET /login 200 in 29ms (next.js: 1.1ms, proxy.ts: 1.9ms, application-code: 26ms)
 GET /login 200 in 25ms (next.js: 1.1ms, proxy.ts: 2ms, application-code: 22ms)
 GET /login 200 in 32ms (next.js: 2ms, proxy.ts: 1.6ms, application-code: 28ms)
 GET /login 200 in 34ms (next.js: 2ms, proxy.ts: 2ms, application-code: 29ms)
 GET /login 200 in 59ms (next.js: 5ms, proxy.ts: 4ms, application-code: 51ms)
 GET /login 200 in 27ms (next.js: 1.5ms, proxy.ts: 4ms, application-code: 22ms)
 GET /login 200 in 37ms (next.js: 1.1ms, proxy.ts: 1.6ms, application-code: 35ms)
 GET /login 200 in 24ms (next.js: 1.0ms, proxy.ts: 1.9ms, application-code: 21ms)
 GET /login 200 in 27ms (next.js: 1.8ms, proxy.ts: 1.9ms, application-code: 23ms)
 GET /login 200 in 37ms (next.js: 1.7ms, proxy.ts: 4ms, application-code: 32ms)
 GET /login 200 in 35ms (next.js: 1.0ms, proxy.ts: 1.5ms, application-code: 33ms)
 GET /login 200 in 25ms (next.js: 1.4ms, proxy.ts: 1.6ms, application-code: 22ms)
 GET /login 200 in 24ms (next.js: 1.2ms, proxy.ts: 1.6ms, application-code: 21ms)
 GET /login 200 in 34ms (next.js: 1.3ms, proxy.ts: 1.9ms, application-code: 30ms)
 GET /login 200 in 24ms (next.js: 1.4ms, proxy.ts: 1.8ms, application-code: 21ms)
 GET /login 200 in 26ms (next.js: 1.2ms, proxy.ts: 2ms, application-code: 23ms)
 GET /login 200 in 39ms (next.js: 3ms, proxy.ts: 3ms, application-code: 33ms)
 GET /login 200 in 31ms (next.js: 1.3ms, proxy.ts: 1.7ms, application-code: 28ms)
 GET /login 200 in 25ms (next.js: 1.0ms, proxy.ts: 1.7ms, application-code: 22ms)
 GET /login 200 in 23ms (next.js: 1.3ms, proxy.ts: 1.7ms, application-code: 20ms)
 GET /login 200 in 23ms (next.js: 1.0ms, proxy.ts: 1.7ms, application-code: 20ms)
 GET /login 200 in 24ms (next.js: 1.2ms, proxy.ts: 1.5ms, application-code: 21ms)
 GET /login 200 in 25ms (next.js: 1.4ms, proxy.ts: 1.9ms, application-code: 22ms)
 GET /login 200 in 27ms (next.js: 1.5ms, proxy.ts: 3ms, application-code: 23ms)
 GET /login 200 in 55ms (next.js: 1.2ms, proxy.ts: 1.8ms, application-code: 52ms)
 GET /login 200 in 27ms (next.js: 1.4ms, proxy.ts: 3ms, application-code: 23ms)
 GET /login 200 in 69ms (next.js: 7ms, proxy.ts: 6ms, application-code: 56ms)
 GET /login 200 in 23ms (next.js: 1.1ms, proxy.ts: 1.6ms, application-code: 20ms)
 GET /login 200 in 33ms (next.js: 1.3ms, proxy.ts: 2.0ms, application-code: 29ms)
 GET /login 200 in 33ms (next.js: 1.1ms, proxy.ts: 1.7ms, application-code: 30ms)
 GET /login 200 in 41ms (next.js: 2ms, proxy.ts: 3ms, application-code: 35ms)
 GET /login 200 in 27ms (next.js: 2ms, proxy.ts: 3ms, application-code: 22ms)
 GET /login 200 in 37ms (next.js: 1.6ms, proxy.ts: 1.9ms, application-code: 33ms)
 GET /login 200 in 29ms (next.js: 1.4ms, proxy.ts: 1.7ms, application-code: 26ms)
 GET /login 200 in 26ms (next.js: 1.4ms, proxy.ts: 1.6ms, application-code: 23ms)
 GET /login 200 in 40ms (next.js: 1.5ms, proxy.ts: 1.9ms, application-code: 37ms)
 GET /login 200 in 25ms (next.js: 1.2ms, proxy.ts: 1.5ms, application-code: 22ms)
 GET /login 200 in 25ms (next.js: 1.1ms, proxy.ts: 1.7ms, application-code: 22ms)
 GET /login 200 in 28ms (next.js: 1.1ms, proxy.ts: 1.4ms, application-code: 26ms)
 GET /login 200 in 33ms (next.js: 1.0ms, proxy.ts: 1.6ms, application-code: 30ms)
 GET /login 200 in 42ms (next.js: 1.7ms, proxy.ts: 2ms, application-code: 39ms)
 GET /login 200 in 25ms (next.js: 1.5ms, proxy.ts: 3ms, application-code: 21ms)
 GET /login 200 in 33ms (next.js: 1.1ms, proxy.ts: 1.9ms, application-code: 30ms)
 GET /login 200 in 26ms (next.js: 1.3ms, proxy.ts: 1.9ms, application-code: 22ms)
 GET /login 200 in 25ms (next.js: 1.0ms, proxy.ts: 1.4ms, application-code: 22ms)
 GET /login 200 in 61ms (next.js: 4ms, proxy.ts: 9ms, application-code: 48ms)
 GET /login 200 in 74ms (next.js: 4ms, proxy.ts: 6ms, application-code: 63ms)
 GET /login 200 in 26ms (next.js: 1.7ms, proxy.ts: 2ms, application-code: 22ms)
 GET /login 200 in 27ms (next.js: 1.2ms, proxy.ts: 2ms, application-code: 24ms)
 GET /login 200 in 67ms (next.js: 1.9ms, proxy.ts: 2ms, application-code: 63ms)
 GET /login 200 in 29ms (next.js: 1.6ms, proxy.ts: 2ms, application-code: 25ms)
 GET /login 200 in 109ms (next.js: 7ms, proxy.ts: 6ms, application-code: 95ms)
 GET /login 200 in 38ms (next.js: 2ms, proxy.ts: 2ms, application-code: 33ms)
 GET /login 200 in 26ms (next.js: 1.1ms, proxy.ts: 1.7ms, application-code: 23ms)
 GET /login 200 in 27ms (next.js: 1.3ms, proxy.ts: 1.7ms, application-code: 24ms)
 GET /login 200 in 55ms (next.js: 4ms, proxy.ts: 4ms, application-code: 47ms)
 GET /login 200 in 70ms (next.js: 4ms, proxy.ts: 9ms, application-code: 56ms)
 GET /login 200 in 96ms (next.js: 1.3ms, proxy.ts: 16ms, application-code: 79ms)
 GET /login 200 in 34ms (next.js: 1.8ms, proxy.ts: 2ms, application-code: 31ms)
 GET /login 200 in 102ms (next.js: 26ms, proxy.ts: 38ms, application-code: 38ms)
 GET /login 200 in 44ms (next.js: 3ms, proxy.ts: 7ms, application-code: 35ms)
 GET /login 200 in 35ms (next.js: 1.4ms, proxy.ts: 1.8ms, application-code: 32ms)
 GET /login 200 in 50ms (next.js: 3ms, proxy.ts: 5ms, application-code: 42ms)
 GET /login 200 in 29ms (next.js: 1.7ms, proxy.ts: 1.9ms, application-code: 25ms)
 GET /login 200 in 34ms (next.js: 2ms, proxy.ts: 3ms, application-code: 29ms)
 GET /login 200 in 30ms (next.js: 1.1ms, proxy.ts: 3ms, application-code: 26ms)
 GET /login 200 in 28ms (next.js: 1.0ms, proxy.ts: 1.5ms, application-code: 26ms)
 GET /login 200 in 24ms (next.js: 1.9ms, proxy.ts: 1.7ms, application-code: 21ms)
 GET /login 200 in 30ms (next.js: 1.7ms, proxy.ts: 1.6ms, application-code: 26ms)
 GET /login 200 in 24ms (next.js: 1.0ms, proxy.ts: 1.7ms, application-code: 22ms)
 GET /login 200 in 40ms (next.js: 1.3ms, proxy.ts: 1.7ms, application-code: 37ms)
 GET /login 200 in 25ms (next.js: 1.1ms, proxy.ts: 1.7ms, application-code: 22ms)
 GET /login 200 in 23ms (next.js: 1.1ms, proxy.ts: 1.5ms, application-code: 20ms)
 GET /login 200 in 27ms (next.js: 1.1ms, proxy.ts: 1.9ms, application-code: 23ms)
 GET /login 200 in 24ms (next.js: 1.2ms, proxy.ts: 1.5ms, application-code: 21ms)
 GET /login 200 in 55ms (next.js: 3ms, proxy.ts: 4ms, application-code: 48ms)
 GET /login 200 in 25ms (next.js: 1.3ms, proxy.ts: 2ms, application-code: 22ms)
 GET /login 200 in 26ms (next.js: 1.1ms, proxy.ts: 1.6ms, application-code: 23ms)
 GET /login 200 in 25ms (next.js: 1.7ms, proxy.ts: 1.9ms, application-code: 21ms)
 GET /login 200 in 27ms (next.js: 1.1ms, proxy.ts: 2ms, application-code: 23ms)
 GET /login 200 in 23ms (next.js: 0.9ms, proxy.ts: 1.5ms, application-code: 21ms)
 GET /login 200 in 26ms (next.js: 1.0ms, proxy.ts: 1.5ms, application-code: 24ms)
 GET /login 200 in 31ms (next.js: 1.2ms, proxy.ts: 1.8ms, application-code: 28ms)
 GET /login 200 in 23ms (next.js: 0.9ms, proxy.ts: 1.6ms, application-code: 20ms)
 GET /login 200 in 23ms (next.js: 1.1ms, proxy.ts: 1.7ms, application-code: 21ms)
 GET /login 200 in 33ms (next.js: 1.3ms, proxy.ts: 1.7ms, application-code: 30ms)
 GET /login 200 in 29ms (next.js: 1.4ms, proxy.ts: 2ms, application-code: 25ms)
 GET /login 200 in 22ms (next.js: 0.9ms, proxy.ts: 1.6ms, application-code: 20ms)
 GET /login 200 in 23ms (next.js: 1.0ms, proxy.ts: 1.6ms, application-code: 20ms)
 GET /login 200 in 52ms (next.js: 3ms, proxy.ts: 4ms, application-code: 45ms)
 GET /login 200 in 38ms (next.js: 1.4ms, proxy.ts: 3ms, application-code: 33ms)
 GET /login 200 in 25ms (next.js: 1.4ms, proxy.ts: 1.7ms, application-code: 21ms)
 GET /login 200 in 29ms (next.js: 1.0ms, proxy.ts: 1.8ms, application-code: 27ms)
 GET /login 200 in 23ms (next.js: 1.3ms, proxy.ts: 1.8ms, application-code: 20ms)
 GET /login 200 in 23ms (next.js: 1.2ms, proxy.ts: 1.5ms, application-code: 21ms)
 GET /login 200 in 23ms (next.js: 1.2ms, proxy.ts: 1.7ms, application-code: 20ms)
 GET /login 200 in 29ms (next.js: 1.4ms, proxy.ts: 1.6ms, application-code: 26ms)
 GET /login 200 in 24ms (next.js: 1.1ms, proxy.ts: 1.7ms, application-code: 21ms)
 GET /login 200 in 27ms (next.js: 1.4ms, proxy.ts: 1.8ms, application-code: 24ms)
 GET /login 200 in 30ms (next.js: 1.4ms, proxy.ts: 3ms, application-code: 25ms)
 GET /login 200 in 57ms (next.js: 1.1ms, proxy.ts: 1.6ms, application-code: 54ms)
 GET /login 200 in 44ms (next.js: 3ms, proxy.ts: 3ms, application-code: 38ms)
 GET /login 200 in 24ms (next.js: 1.2ms, proxy.ts: 1.7ms, application-code: 21ms)
 GET /login 200 in 27ms (next.js: 1.1ms, proxy.ts: 1.7ms, application-code: 24ms)
 GET /login 200 in 31ms (next.js: 0.9ms, proxy.ts: 1.6ms, application-code: 29ms)
 GET /login 200 in 22ms (next.js: 1.0ms, proxy.ts: 1.5ms, application-code: 20ms)
 GET /login 200 in 30ms (next.js: 1.4ms, proxy.ts: 1.5ms, application-code: 27ms)
 GET /login 200 in 26ms (next.js: 1.1ms, proxy.ts: 1.5ms, application-code: 24ms)
 GET /login 200 in 22ms (next.js: 1.0ms, proxy.ts: 1.6ms, application-code: 20ms)
 GET /login 200 in 23ms (next.js: 1.1ms, proxy.ts: 1.6ms, application-code: 20ms)
 GET /login 200 in 25ms (next.js: 1.0ms, proxy.ts: 1.9ms, application-code: 22ms)
 GET /login 200 in 37ms (next.js: 5ms, proxy.ts: 2ms, application-code: 30ms)
 GET /login 200 in 23ms (next.js: 1.1ms, proxy.ts: 1.8ms, application-code: 20ms)
 GET /login 200 in 24ms (next.js: 1.1ms, proxy.ts: 1.5ms, application-code: 22ms)
 GET /login 200 in 25ms (next.js: 1.1ms, proxy.ts: 1.7ms, application-code: 22ms)
 GET /login 200 in 37ms (next.js: 1.8ms, proxy.ts: 2ms, application-code: 33ms)
 GET /login 200 in 25ms (next.js: 1.2ms, proxy.ts: 2ms, application-code: 21ms)
 GET /login 200 in 23ms (next.js: 1.1ms, proxy.ts: 1.7ms, application-code: 20ms)
 GET /login 200 in 22ms (next.js: 1.1ms, proxy.ts: 1.8ms, application-code: 19ms)
 GET /login 200 in 36ms (next.js: 1.1ms, proxy.ts: 2.0ms, application-code: 33ms)
 GET /login 200 in 56ms (next.js: 2ms, proxy.ts: 3ms, application-code: 50ms)
 GET /login 200 in 22ms (next.js: 1.0ms, proxy.ts: 1.7ms, application-code: 20ms)
 GET /login 200 in 31ms (next.js: 1.1ms, proxy.ts: 1.7ms, application-code: 28ms)
 GET /login 200 in 31ms (next.js: 1.0ms, proxy.ts: 1.4ms, application-code: 29ms)
 GET /login 200 in 27ms (next.js: 1.0ms, proxy.ts: 1.6ms, application-code: 25ms)
 GET /login 200 in 28ms (next.js: 1.3ms, proxy.ts: 1.7ms, application-code: 25ms)
 GET /login 200 in 24ms (next.js: 1.1ms, proxy.ts: 1.5ms, application-code: 21ms)
 GET /login 200 in 29ms (next.js: 1.8ms, proxy.ts: 8ms, application-code: 19ms)
 GET /login 200 in 23ms (next.js: 1.1ms, proxy.ts: 1.6ms, application-code: 20ms)
 GET /login 200 in 31ms (next.js: 1.1ms, proxy.ts: 1.5ms, application-code: 28ms)
 GET /login 200 in 29ms (next.js: 1.1ms, proxy.ts: 1.7ms, application-code: 27ms)
 GET /login 200 in 26ms (next.js: 1.2ms, proxy.ts: 2ms, application-code: 23ms)
 GET /login 200 in 41ms (next.js: 1.6ms, proxy.ts: 2.0ms, application-code: 38ms)
 GET /login 200 in 26ms (next.js: 1.2ms, proxy.ts: 3ms, application-code: 21ms)
 GET /login 200 in 38ms (next.js: 1.6ms, proxy.ts: 1.6ms, application-code: 35ms)
 GET /login 200 in 23ms (next.js: 1.3ms, proxy.ts: 1.6ms, application-code: 20ms)
 GET /login 200 in 26ms (next.js: 1.3ms, proxy.ts: 1.7ms, application-code: 23ms)
 GET /login 200 in 69ms (next.js: 1.4ms, proxy.ts: 1.9ms, application-code: 66ms)
 GET /login 200 in 39ms (next.js: 1.1ms, proxy.ts: 1.3ms, application-code: 36ms)
 GET /login 200 in 26ms (next.js: 1.1ms, proxy.ts: 2.0ms, application-code: 23ms)
 GET /login 200 in 26ms (next.js: 1.2ms, proxy.ts: 1.3ms, application-code: 23ms)
 GET /login 200 in 30ms (next.js: 0.9ms, proxy.ts: 1.5ms, application-code: 28ms)
 GET /login 200 in 24ms (next.js: 1.1ms, proxy.ts: 1.5ms, application-code: 22ms)
 GET /login 200 in 29ms (next.js: 1.9ms, proxy.ts: 3ms, application-code: 24ms)
 GET /login 200 in 32ms (next.js: 1.2ms, proxy.ts: 3ms, application-code: 28ms)
 GET /login 200 in 31ms (next.js: 3ms, proxy.ts: 2ms, application-code: 25ms)
 GET /login 200 in 33ms (next.js: 1.6ms, proxy.ts: 2ms, application-code: 29ms)
 GET /login 200 in 26ms (next.js: 1.4ms, proxy.ts: 1.8ms, application-code: 22ms)
 GET /login 200 in 48ms (next.js: 1.3ms, proxy.ts: 4ms, application-code: 42ms)
 GET /login 200 in 41ms (next.js: 1.3ms, proxy.ts: 1.9ms, application-code: 38ms)
 GET /login 200 in 24ms (next.js: 1.1ms, proxy.ts: 1.7ms, application-code: 21ms)
 GET /login 200 in 24ms (next.js: 1.1ms, proxy.ts: 1.8ms, application-code: 21ms)
 GET /login 200 in 31ms (next.js: 1.4ms, proxy.ts: 3ms, application-code: 27ms)
 GET /login 200 in 23ms (next.js: 1.0ms, proxy.ts: 1.6ms, application-code: 20ms)
 GET /login 200 in 28ms (next.js: 1.2ms, proxy.ts: 1.7ms, application-code: 26ms)
 GET /login 200 in 59ms (next.js: 3ms, proxy.ts: 7ms, application-code: 50ms)
 GET /login 200 in 28ms (next.js: 0.9ms, proxy.ts: 1.9ms, application-code: 25ms)
 GET /login 200 in 29ms (next.js: 1.1ms, proxy.ts: 1.6ms, application-code: 26ms)
 GET /login 200 in 25ms (next.js: 1.1ms, proxy.ts: 1.6ms, application-code: 23ms)
 GET /login 200 in 27ms (next.js: 1.0ms, proxy.ts: 1.6ms, application-code: 24ms)
 GET /login 200 in 24ms (next.js: 1.0ms, proxy.ts: 1.8ms, application-code: 22ms)
 GET /login 200 in 25ms (next.js: 1.1ms, proxy.ts: 1.6ms, application-code: 22ms)
 GET /login 200 in 34ms (next.js: 2.0ms, proxy.ts: 2ms, application-code: 30ms)
 GET /login 200 in 31ms (next.js: 1.1ms, proxy.ts: 3ms, application-code: 27ms)
 GET /login 200 in 28ms (next.js: 1.0ms, proxy.ts: 1.6ms, application-code: 25ms)
 GET /login 200 in 28ms (next.js: 1.0ms, proxy.ts: 1.6ms, application-code: 26ms)
 GET /login 200 in 24ms (next.js: 1.0ms, proxy.ts: 1.6ms, application-code: 22ms)
 GET /login 200 in 24ms (next.js: 1.0ms, proxy.ts: 1.6ms, application-code: 22ms)
 GET /login 200 in 24ms (next.js: 1.0ms, proxy.ts: 1.6ms, application-code: 21ms)
 GET /login 200 in 24ms (next.js: 1.1ms, proxy.ts: 1.6ms, application-code: 21ms)
 GET /login 200 in 25ms (next.js: 1.4ms, proxy.ts: 1.9ms, application-code: 22ms)
 GET /login 200 in 23ms (next.js: 1.1ms, proxy.ts: 1.7ms, application-code: 20ms)
 GET /login 200 in 25ms (next.js: 1.2ms, proxy.ts: 1.7ms, application-code: 22ms)
 GET /login 200 in 23ms (next.js: 1.1ms, proxy.ts: 1.8ms, application-code: 20ms)
 GET /login 200 in 27ms (next.js: 1.3ms, proxy.ts: 2ms, application-code: 24ms)
 GET /login 200 in 24ms (next.js: 1.1ms, proxy.ts: 1.7ms, application-code: 22ms)
 GET /login 200 in 27ms (next.js: 1.1ms, proxy.ts: 1.7ms, application-code: 24ms)
 GET /login 200 in 22ms (next.js: 1.0ms, proxy.ts: 1.4ms, application-code: 20ms)
 GET /login 200 in 27ms (next.js: 1.3ms, proxy.ts: 1.7ms, application-code: 24ms)
 GET /login 200 in 22ms (next.js: 1.0ms, proxy.ts: 1.6ms, application-code: 19ms)
 GET /login 200 in 26ms (next.js: 1.0ms, proxy.ts: 1.4ms, application-code: 23ms)
 GET /login 200 in 23ms (next.js: 1.0ms, proxy.ts: 1.6ms, application-code: 21ms)
 GET /login 200 in 23ms (next.js: 1.3ms, proxy.ts: 1.6ms, application-code: 20ms)
 GET /login 200 in 24ms (next.js: 1.1ms, proxy.ts: 1.7ms, application-code: 21ms)
 GET /login 200 in 23ms (next.js: 1.1ms, proxy.ts: 1.7ms, application-code: 21ms)
 GET /login 200 in 27ms (next.js: 4ms, proxy.ts: 1.8ms, application-code: 21ms)
 GET /login 200 in 29ms (next.js: 1.3ms, proxy.ts: 1.7ms, application-code: 26ms)
 GET /login 200 in 24ms (next.js: 1.1ms, proxy.ts: 1.7ms, application-code: 21ms)
 GET /login 200 in 29ms (next.js: 1.1ms, proxy.ts: 1.6ms, application-code: 26ms)
 GET /login 200 in 22ms (next.js: 1.1ms, proxy.ts: 1.7ms, application-code: 19ms)
 GET /login 200 in 21ms (next.js: 1.0ms, proxy.ts: 1.8ms, application-code: 18ms)
 GET /login 200 in 45ms (next.js: 2ms, proxy.ts: 4ms, application-code: 39ms)
 GET /login 200 in 31ms (next.js: 1.3ms, proxy.ts: 1.6ms, application-code: 29ms)
 GET /login 200 in 22ms (next.js: 1.0ms, proxy.ts: 1.6ms, application-code: 20ms)
 GET /login 200 in 28ms (next.js: 1.1ms, proxy.ts: 1.6ms, application-code: 25ms)
 GET /login 200 in 29ms (next.js: 1.5ms, proxy.ts: 1.3ms, application-code: 26ms)
 GET /login 200 in 27ms (next.js: 1.6ms, proxy.ts: 3ms, application-code: 23ms)
 GET /login 200 in 23ms (next.js: 1.0ms, proxy.ts: 1.7ms, application-code: 21ms)
 GET /login 200 in 22ms (next.js: 1.1ms, proxy.ts: 1.5ms, application-code: 20ms)
 GET /login 200 in 27ms (next.js: 1.2ms, proxy.ts: 1.7ms, application-code: 24ms)
 GET /login 200 in 22ms (next.js: 1.0ms, proxy.ts: 1.7ms, application-code: 19ms)
 GET /login 200 in 22ms (next.js: 1.0ms, proxy.ts: 1.7ms, application-code: 20ms)
 GET /login 200 in 29ms (next.js: 1.1ms, proxy.ts: 2ms, application-code: 25ms)
 GET /login 200 in 31ms (next.js: 3ms, proxy.ts: 1.7ms, application-code: 27ms)
 GET /login 200 in 22ms (next.js: 1.0ms, proxy.ts: 1.6ms, application-code: 20ms)
 GET /login 200 in 22ms (next.js: 1.0ms, proxy.ts: 1.6ms, application-code: 20ms)
 GET /login 200 in 22ms (next.js: 1.0ms, proxy.ts: 1.6ms, application-code: 19ms)
 GET /login 200 in 27ms (next.js: 1.1ms, proxy.ts: 6ms, application-code: 21ms)
 GET /login 200 in 28ms (next.js: 1.1ms, proxy.ts: 1.7ms, application-code: 26ms)
 GET /login 200 in 24ms (next.js: 1.2ms, proxy.ts: 2.0ms, application-code: 21ms)
 GET /login 200 in 29ms (next.js: 0.8ms, proxy.ts: 1.5ms, application-code: 26ms)
 GET /login 200 in 21ms (next.js: 1.0ms, proxy.ts: 1.3ms, application-code: 19ms)
 GET /login 200 in 23ms (next.js: 1.0ms, proxy.ts: 1.7ms, application-code: 20ms)
 GET /login 200 in 22ms (next.js: 1.0ms, proxy.ts: 1.6ms, application-code: 20ms)
 GET /login 200 in 44ms (next.js: 1.0ms, proxy.ts: 2ms, application-code: 41ms)
 GET /login 200 in 23ms (next.js: 1.2ms, proxy.ts: 1.6ms, application-code: 20ms)
 GET /login 200 in 23ms (next.js: 1.1ms, proxy.ts: 1.5ms, application-code: 20ms)
 GET /login 200 in 22ms (next.js: 1.0ms, proxy.ts: 1.4ms, application-code: 20ms)
 GET /login 200 in 27ms (next.js: 1.4ms, proxy.ts: 2ms, application-code: 23ms)
 GET /login 200 in 23ms (next.js: 1.4ms, proxy.ts: 1.5ms, application-code: 20ms)
 GET /login 200 in 25ms (next.js: 1.1ms, proxy.ts: 1.9ms, application-code: 22ms)
 GET /login 200 in 28ms (next.js: 1.0ms, proxy.ts: 1.6ms, application-code: 26ms)
 GET /login 200 in 31ms (next.js: 0.9ms, proxy.ts: 1.9ms, application-code: 28ms)
 GET /login 200 in 23ms (next.js: 1.0ms, proxy.ts: 1.8ms, application-code: 20ms)
 GET /login 200 in 24ms (next.js: 1.2ms, proxy.ts: 1.8ms, application-code: 21ms)
 GET /login 200 in 29ms (next.js: 1.0ms, proxy.ts: 1.6ms, application-code: 26ms)
 GET /login 200 in 43ms (next.js: 3ms, proxy.ts: 5ms, application-code: 36ms)
 GET /login 200 in 23ms (next.js: 1.2ms, proxy.ts: 1.6ms, application-code: 21ms)
 GET /login 200 in 24ms (next.js: 1.2ms, proxy.ts: 1.8ms, application-code: 21ms)
 GET /login 200 in 28ms (next.js: 1.1ms, proxy.ts: 6ms, application-code: 20ms)
 GET /login 200 in 25ms (next.js: 1.3ms, proxy.ts: 1.7ms, application-code: 22ms)
 GET /login 200 in 22ms (next.js: 1.1ms, proxy.ts: 1.6ms, application-code: 20ms)
 GET /login 200 in 27ms (next.js: 1.1ms, proxy.ts: 1.6ms, application-code: 24ms)
 GET /login 200 in 24ms (next.js: 1.3ms, proxy.ts: 1.5ms, application-code: 21ms)
 GET /login 200 in 24ms (next.js: 1.0ms, proxy.ts: 1.7ms, application-code: 21ms)
 GET /login 200 in 25ms (next.js: 1.1ms, proxy.ts: 1.6ms, application-code: 22ms)
 GET /login 200 in 28ms (next.js: 5ms, proxy.ts: 1.6ms, application-code: 21ms)
 GET /login 200 in 23ms (next.js: 1.0ms, proxy.ts: 1.7ms, application-code: 21ms)
 GET /login 200 in 23ms (next.js: 1.0ms, proxy.ts: 1.5ms, application-code: 20ms)
 GET /login 200 in 29ms (next.js: 1.1ms, proxy.ts: 1.6ms, application-code: 26ms)
 GET /login 200 in 24ms (next.js: 1.1ms, proxy.ts: 1.6ms, application-code: 22ms)
 GET /login 200 in 83ms (next.js: 4ms, proxy.ts: 11ms, application-code: 69ms)
 GET /login 200 in 29ms (next.js: 1.1ms, proxy.ts: 1.6ms, application-code: 26ms)
 GET /login 200 in 24ms (next.js: 1.0ms, proxy.ts: 1.6ms, application-code: 21ms)
 GET /login 200 in 24ms (next.js: 0.9ms, proxy.ts: 1.6ms, application-code: 22ms)
 GET /login 200 in 32ms (next.js: 1.1ms, proxy.ts: 1.7ms, application-code: 29ms)
 GET /login 200 in 31ms (next.js: 1.7ms, proxy.ts: 2ms, application-code: 27ms)
 GET /login 200 in 21ms (next.js: 0.9ms, proxy.ts: 1.4ms, application-code: 18ms)
 GET /login 200 in 28ms (next.js: 1.3ms, proxy.ts: 1.5ms, application-code: 25ms)
 GET /login 200 in 42ms (next.js: 1.1ms, proxy.ts: 1.6ms, application-code: 39ms)
 GET /login 200 in 30ms (next.js: 1.7ms, proxy.ts: 2ms, application-code: 26ms)
 GET /login 200 in 28ms (next.js: 1.3ms, proxy.ts: 2ms, application-code: 25ms)
 GET /login 200 in 41ms (next.js: 1.1ms, proxy.ts: 1.6ms, application-code: 38ms)
 GET /login 200 in 23ms (next.js: 1.0ms, proxy.ts: 1.4ms, application-code: 20ms)
 GET /login 200 in 33ms (next.js: 1.4ms, proxy.ts: 1.9ms, application-code: 30ms)
 GET /login 200 in 23ms (next.js: 1.1ms, proxy.ts: 1.5ms, application-code: 21ms)
 GET /login 200 in 29ms (next.js: 1.1ms, proxy.ts: 1.7ms, application-code: 26ms)
 GET /login 200 in 24ms (next.js: 1.0ms, proxy.ts: 1.6ms, application-code: 21ms)
 GET /login 200 in 24ms (next.js: 1.0ms, proxy.ts: 1.6ms, application-code: 22ms)
 GET /login 200 in 24ms (next.js: 1.0ms, proxy.ts: 1.7ms, application-code: 21ms)
 GET /login 200 in 28ms (next.js: 6ms, proxy.ts: 1.6ms, application-code: 21ms)
 GET /login 200 in 37ms (next.js: 2ms, proxy.ts: 4ms, application-code: 31ms)
 GET /login 200 in 24ms (next.js: 1.5ms, proxy.ts: 1.6ms, application-code: 21ms)
 GET /login 200 in 35ms (next.js: 1.0ms, proxy.ts: 1.8ms, application-code: 33ms)
 GET /login 200 in 23ms (next.js: 1.0ms, proxy.ts: 1.5ms, application-code: 21ms)
 GET /login 200 in 24ms (next.js: 1.1ms, proxy.ts: 1.5ms, application-code: 21ms)
 GET /login 200 in 24ms (next.js: 1.2ms, proxy.ts: 1.6ms, application-code: 21ms)
 GET /login 200 in 29ms (next.js: 5ms, proxy.ts: 1.6ms, application-code: 22ms)
 GET /login 200 in 19ms (next.js: 0.9ms, proxy.ts: 1.5ms, application-code: 17ms)
 GET /login 200 in 23ms (next.js: 1.0ms, proxy.ts: 1.7ms, application-code: 20ms)
 GET /login 200 in 27ms (next.js: 1.0ms, proxy.ts: 1.7ms, application-code: 24ms)
 GET /login 200 in 23ms (next.js: 1.3ms, proxy.ts: 1.7ms, application-code: 20ms)
 GET /login 200 in 24ms (next.js: 1.1ms, proxy.ts: 1.8ms, application-code: 21ms)
 GET /login 200 in 28ms (next.js: 1.0ms, proxy.ts: 1.7ms, application-code: 25ms)
 GET /login 200 in 23ms (next.js: 1.1ms, proxy.ts: 1.4ms, application-code: 20ms)
 GET /login 200 in 24ms (next.js: 1.1ms, proxy.ts: 1.6ms, application-code: 21ms)
 GET /login 200 in 25ms (next.js: 1.5ms, proxy.ts: 2ms, application-code: 21ms)
 GET /login 200 in 28ms (next.js: 1.0ms, proxy.ts: 1.5ms, application-code: 25ms)
 GET /login 200 in 30ms (next.js: 1.4ms, proxy.ts: 1.8ms, application-code: 27ms)
 GET /login 200 in 31ms (next.js: 1.2ms, proxy.ts: 1.7ms, application-code: 28ms)
 GET /login 200 in 30ms (next.js: 1.3ms, proxy.ts: 1.8ms, application-code: 27ms)
 GET /login 200 in 26ms (next.js: 1.1ms, proxy.ts: 1.7ms, application-code: 23ms)
 GET /login 200 in 26ms (next.js: 0.9ms, proxy.ts: 1.5ms, application-code: 24ms)
 GET /login 200 in 24ms (next.js: 1.8ms, proxy.ts: 1.9ms, application-code: 20ms)
 GET /login 200 in 83ms (next.js: 1.1ms, proxy.ts: 1.7ms, application-code: 80ms)
 GET /login 200 in 24ms (next.js: 1.1ms, proxy.ts: 2ms, application-code: 21ms)
 GET /login 200 in 24ms (next.js: 1.1ms, proxy.ts: 1.9ms, application-code: 21ms)
 GET /login 200 in 49ms (next.js: 3ms, proxy.ts: 4ms, application-code: 42ms)
 GET /login 200 in 24ms (next.js: 1.1ms, proxy.ts: 1.7ms, application-code: 21ms)
 GET /login 200 in 22ms (next.js: 1.0ms, proxy.ts: 1.6ms, application-code: 20ms)
 GET /login 200 in 21ms (next.js: 1.3ms, proxy.ts: 1.8ms, application-code: 18ms)
 GET /login 200 in 59ms (next.js: 1.0ms, proxy.ts: 1.3ms, application-code: 56ms)
 GET /login 200 in 28ms (next.js: 1.8ms, proxy.ts: 2ms, application-code: 24ms)
 GET /login 200 in 24ms (next.js: 1.1ms, proxy.ts: 1.6ms, application-code: 21ms)
 GET /login 200 in 36ms (next.js: 1.5ms, proxy.ts: 3ms, application-code: 32ms)
 GET /login 200 in 30ms (next.js: 1.3ms, proxy.ts: 1.8ms, application-code: 27ms)
 GET /login 200 in 25ms (next.js: 1.1ms, proxy.ts: 1.6ms, application-code: 22ms)
 GET /login 200 in 23ms (next.js: 1.4ms, proxy.ts: 1.5ms, application-code: 20ms)
 GET /login 200 in 31ms (next.js: 1.1ms, proxy.ts: 1.9ms, application-code: 28ms)
 GET /login 200 in 71ms (next.js: 8ms, proxy.ts: 13ms, application-code: 50ms)
 GET /login 200 in 31ms (next.js: 1.4ms, proxy.ts: 2ms, application-code: 28ms)
 GET /login 200 in 24ms (next.js: 0.9ms, proxy.ts: 1.7ms, application-code: 21ms)
 GET /login 200 in 25ms (next.js: 1.1ms, proxy.ts: 1.8ms, application-code: 23ms)
 GET /login 200 in 33ms (next.js: 1.3ms, proxy.ts: 2.0ms, application-code: 30ms)
 GET /login 200 in 30ms (next.js: 1.5ms, proxy.ts: 2ms, application-code: 26ms)
 GET /login 200 in 31ms (next.js: 1.2ms, proxy.ts: 3ms, application-code: 28ms)
 GET /login 200 in 25ms (next.js: 1.2ms, proxy.ts: 1.6ms, application-code: 23ms)
 GET /login 200 in 24ms (next.js: 1.8ms, proxy.ts: 1.7ms, application-code: 21ms)
 GET /login 200 in 25ms (next.js: 3ms, proxy.ts: 1.7ms, application-code: 21ms)
 GET /login 200 in 33ms (next.js: 1.6ms, proxy.ts: 1.8ms, application-code: 30ms)
 GET /login 200 in 33ms (next.js: 1.5ms, proxy.ts: 1.7ms, application-code: 30ms)
 GET /login 200 in 25ms (next.js: 1.2ms, proxy.ts: 1.5ms, application-code: 22ms)
 GET /login 200 in 25ms (next.js: 1.0ms, proxy.ts: 1.8ms, application-code: 22ms)
 GET /login 200 in 23ms (next.js: 0.9ms, proxy.ts: 1.4ms, application-code: 21ms)
 GET /login 200 in 27ms (next.js: 1.2ms, proxy.ts: 1.7ms, application-code: 24ms)
 GET /login 200 in 23ms (next.js: 1.1ms, proxy.ts: 1.6ms, application-code: 20ms)
 GET /login 200 in 26ms (next.js: 1.0ms, proxy.ts: 1.8ms, application-code: 23ms)
 GET /login 200 in 23ms (next.js: 1.1ms, proxy.ts: 1.8ms, application-code: 20ms)
 GET /login 200 in 26ms (next.js: 1.1ms, proxy.ts: 1.7ms, application-code: 24ms)
 GET /login 200 in 24ms (next.js: 1.5ms, proxy.ts: 1.8ms, application-code: 20ms)
 GET /login 200 in 28ms (next.js: 2ms, proxy.ts: 2ms, application-code: 23ms)
 GET /login 200 in 30ms (next.js: 1.4ms, proxy.ts: 1.9ms, application-code: 27ms)
 GET /login 200 in 33ms (next.js: 1.2ms, proxy.ts: 3ms, application-code: 29ms)
 GET /login 200 in 27ms (next.js: 1.1ms, proxy.ts: 1.7ms, application-code: 24ms)
 GET /login 200 in 25ms (next.js: 1.2ms, proxy.ts: 2ms, application-code: 21ms)
 GET /login 200 in 30ms (next.js: 1.1ms, proxy.ts: 1.7ms, application-code: 28ms)
 GET /login 200 in 30ms (next.js: 1.2ms, proxy.ts: 1.7ms, application-code: 27ms)
 GET /login 200 in 27ms (next.js: 1.2ms, proxy.ts: 1.6ms, application-code: 24ms)
 GET /login 200 in 23ms (next.js: 1.0ms, proxy.ts: 1.6ms, application-code: 21ms)
 GET /login 200 in 29ms (next.js: 1.2ms, proxy.ts: 2ms, application-code: 26ms)
 GET /login 200 in 36ms (next.js: 1.0ms, proxy.ts: 1.6ms, application-code: 33ms)
 GET /login 200 in 28ms (next.js: 1.2ms, proxy.ts: 1.5ms, application-code: 25ms)
 GET /login 200 in 23ms (next.js: 1.0ms, proxy.ts: 1.5ms, application-code: 21ms)
 GET /login 200 in 27ms (next.js: 1.0ms, proxy.ts: 1.6ms, application-code: 25ms)
 GET /login 200 in 37ms (next.js: 1.2ms, proxy.ts: 1.7ms, application-code: 34ms)
 GET /login 200 in 24ms (next.js: 1.2ms, proxy.ts: 1.8ms, application-code: 21ms)
 GET /login 200 in 54ms (next.js: 2ms, proxy.ts: 3ms, application-code: 48ms)
 GET /login 200 in 31ms (next.js: 1.0ms, proxy.ts: 2ms, application-code: 28ms)
 GET /login 200 in 24ms (next.js: 1.0ms, proxy.ts: 1.9ms, application-code: 21ms)
 GET /login 200 in 25ms (next.js: 1.0ms, proxy.ts: 1.9ms, application-code: 22ms)
 GET /login 200 in 29ms (next.js: 1.0ms, proxy.ts: 1.6ms, application-code: 26ms)
 GET /login 200 in 23ms (next.js: 0.9ms, proxy.ts: 1.8ms, application-code: 20ms)
 GET /login 200 in 24ms (next.js: 1.0ms, proxy.ts: 1.5ms, application-code: 22ms)
 GET /login 200 in 27ms (next.js: 1.2ms, proxy.ts: 4ms, application-code: 22ms)
 GET /login 200 in 42ms (next.js: 5ms, proxy.ts: 6ms, application-code: 32ms)
 GET /login 200 in 24ms (next.js: 1.2ms, proxy.ts: 1.5ms, application-code: 21ms)
 GET /login 200 in 24ms (next.js: 1.0ms, proxy.ts: 1.6ms, application-code: 21ms)
 GET /login 200 in 28ms (next.js: 1.0ms, proxy.ts: 1.6ms, application-code: 26ms)
 GET /login 200 in 24ms (next.js: 1.0ms, proxy.ts: 1.6ms, application-code: 21ms)
 GET /login 200 in 25ms (next.js: 1.4ms, proxy.ts: 1.7ms, application-code: 22ms)
 GET /login 200 in 31ms (next.js: 1.1ms, proxy.ts: 1.6ms, application-code: 29ms)
 GET /login 200 in 23ms (next.js: 1.0ms, proxy.ts: 1.5ms, application-code: 21ms)
 GET /login 200 in 24ms (next.js: 1.0ms, proxy.ts: 1.6ms, application-code: 21ms)
 GET /login 200 in 26ms (next.js: 1.5ms, proxy.ts: 2ms, application-code: 22ms)
 GET /login 200 in 65ms (next.js: 1.4ms, proxy.ts: 1.7ms, application-code: 62ms)
 GET /login 200 in 24ms (next.js: 1.0ms, proxy.ts: 1.6ms, application-code: 21ms)
 GET /login 200 in 21ms (next.js: 1.2ms, proxy.ts: 1.7ms, application-code: 18ms)
 GET /login 200 in 25ms (next.js: 1.0ms, proxy.ts: 1.3ms, application-code: 23ms)
 GET /login 200 in 25ms (next.js: 1.1ms, proxy.ts: 1.5ms, application-code: 22ms)
 GET /login 200 in 24ms (next.js: 1.1ms, proxy.ts: 1.6ms, application-code: 21ms)
